{
"type": "FeatureCollection",
"name": "india_bounds",
"crs": { "type": "name", "properties": { "name": "urn:ogc:def:crs:OGC:1.3:CRS84" } },
"features": [
{ "type": "Feature", "properties": { "name": "India" }, "geometry": { "type": "MultiPolygon", "coordinates": [ [ [ [ 70.977081090113046, 20.701528294994382 ], [ 70.873750345998047, 20.718753793707862 ], [ 70.920419284181563, 20.736808652297466 ], [ 70.919861877954574, 20.743470590875436 ], [ 70.874865094042221, 20.7268068827041 ], [ 70.863195661672492, 20.754863572881071 ], [ 70.85291298494316, 20.754029674126951 ], [ 70.874031210517089, 20.704863618892141 ], [ 70.827638798412039, 20.690144184893313 ], [ 70.816526665460856, 20.719030207707885 ], [ 70.803746866272888, 20.70069436036157 ], [ 70.536245440680744, 20.804029573059552 ], [ 70.180418099346852, 21.03569325800121 ], [ 69.778198217132655, 21.457912148886841 ], [ 69.787638163636615, 21.451531232030209 ], [ 69.7998561072054, 21.452084180223903 ], [ 69.805140170749169, 21.463749160462896 ], [ 69.775139256478013, 21.459860830007838 ], [ 69.712908046985774, 21.528473026782443 ], [ 69.76431263700627, 21.578749381592743 ], [ 69.737638267582241, 21.650420480361909 ], [ 69.675696932119664, 21.638751025926549 ], [ 69.717362757628251, 21.602641267995836 ], [ 69.696806313279438, 21.592920406872071 ], [ 69.691803160843762, 21.614310683036475 ], [ 69.632635328797804, 21.642920318840879 ], [ 69.685975111658436, 21.595693977781362 ], [ 69.723471651622134, 21.572372842618545 ], [ 69.710691954506686, 21.53930864745719 ], [ 69.602081551058419, 21.63735978435373 ], [ 69.587638597711148, 21.620968135455666 ], [ 69.17708023964434, 21.999572534022338 ], [ 68.957366911976067, 22.237652850491457 ], [ 68.936257580493674, 22.30763850728648 ], [ 68.984580775834331, 22.414304656976348 ], [ 69.067359531945641, 22.480138813593609 ], [ 69.043748658300416, 22.432635976099021 ], [ 69.06930369863835, 22.395696827301773 ], [ 69.194029210669683, 22.423749036416893 ], [ 69.157914981296315, 22.312918040126799 ], [ 69.23263618709133, 22.257915042258745 ], [ 69.319860627663346, 22.291246856880619 ], [ 69.334299179336824, 22.330420019675621 ], [ 69.488472653233103, 22.337915748876593 ], [ 69.523748578829114, 22.385695061412221 ], [ 69.498193484669855, 22.435694919051773 ], [ 69.550694866209241, 22.404860234671538 ], [ 69.561807014846039, 22.355694200943667 ], [ 69.591245993695637, 22.360969297951101 ], [ 69.571808763106716, 22.334303884081844 ], [ 69.575692605398018, 22.319031460017346 ], [ 69.699303333163513, 22.395968791564297 ], [ 69.697907697316026, 22.442923115758525 ], [ 69.671804072740869, 22.439306856226725 ], [ 69.671804072740869, 22.450699859394692 ], [ 69.728202822677034, 22.473748895496232 ], [ 69.797639891040234, 22.399857135102916 ], [ 69.829031982836, 22.444858417452519 ], [ 69.79708254117665, 22.457080792416175 ], [ 69.83264387467888, 22.450971811725559 ], [ 69.834307120564901, 22.50069528854857 ], [ 69.836251295878213, 22.454030729610817 ], [ 69.87014045250767, 22.44653052984734 ], [ 69.914022420206607, 22.456246913761195 ], [ 69.934859863047507, 22.51264119038866 ], [ 69.957360477300895, 22.495415691455513 ], [ 69.945967451831947, 22.528471009425704 ], [ 69.976249210408, 22.543194917912189 ], [ 70.162916096523816, 22.551529026504063 ], [ 70.242921305007442, 22.662640890954158 ], [ 70.252914177314892, 22.733473721525492 ], [ 70.303190494587568, 22.757637570020485 ], [ 70.353738841109916, 22.870702550003255 ], [ 70.423470308698896, 22.93263942926772 ], [ 70.471526072521073, 23.01235931691166 ], [ 70.493469307308857, 23.075138963100226 ], [ 70.437917746915687, 23.0626400539347 ], [ 70.401255040396933, 23.030699545728368 ], [ 70.386803083516256, 22.948192774442003 ], [ 70.34763880894549, 22.930414345986485 ], [ 70.197915605235977, 22.99847361598518 ], [ 70.215974972118104, 22.954578216568734 ], [ 70.123189990179355, 22.960696124442993 ], [ 70.129026961202399, 22.992083761417966 ], [ 70.14346993634544, 23.009028282608774 ], [ 70.152642297203528, 23.023471318173208 ], [ 70.153199724128697, 23.029580297133833 ], [ 70.11235880462219, 22.972637639093328 ], [ 70.126525343904149, 22.946529553950185 ], [ 70.110967598960585, 22.952638504181582 ], [ 70.101251151658488, 22.941807337506287 ], [ 70.095414198625903, 22.950975307440121 ], [ 70.090972987413039, 22.952638518493128 ], [ 70.099859921819217, 22.938191059983062 ], [ 70.139028697817153, 22.941249996028468 ], [ 70.132081381041644, 22.924581878218948 ], [ 69.798469279980011, 22.850694544384812 ], [ 69.705140289196606, 22.727917702371641 ], [ 69.633750158821144, 22.795419554259386 ], [ 69.64125029267754, 22.766529047150925 ], [ 69.600694850585612, 22.759028843499326 ], [ 69.555136213816496, 22.792360646740839 ], [ 69.469579444388614, 22.773748308180309 ], [ 69.35569841180336, 22.82875135392538 ], [ 69.190698258168808, 22.841250150068856 ], [ 68.759307004370612, 23.080418540122032 ], [ 68.585134509518653, 23.221821089694195 ], [ 68.59902906686176, 23.240415542106266 ], [ 68.601249710774127, 23.218467818823303 ], [ 68.63069320395563, 23.213192702001646 ], [ 68.603751277226877, 23.242930505743356 ], [ 68.67180611888493, 23.26987234769161 ], [ 68.630140275407996, 23.295695051835995 ], [ 68.725136941334981, 23.295695043370518 ], [ 68.748190509737853, 23.304029104824725 ], [ 68.758187815489322, 23.33041807526244 ], [ 68.72403111245012, 23.297081758387947 ], [ 68.658749820452499, 23.303471680188647 ], [ 68.668747120421912, 23.325419384680792 ], [ 68.652359977258911, 23.302918730812522 ], [ 68.605971919005228, 23.380975347429711 ], [ 68.602364490017578, 23.359304049485782 ], [ 68.580969764956748, 23.38985785181448 ], [ 68.558473540682499, 23.387070945609274 ], [ 68.560417733008521, 23.419310245473415 ], [ 68.491805544194335, 23.500969701069419 ], [ 68.499029258218457, 23.515140733493833 ], [ 68.484015509802433, 23.548187150641784 ], [ 68.497361610970614, 23.547357749695347 ], [ 68.48735981509887, 23.577915971859959 ], [ 68.494860003069917, 23.607640373542658 ], [ 68.489027555078408, 23.635420529780198 ], [ 68.761251188077139, 23.87541828490949 ], [ 68.598748143054905, 23.847361609756401 ], [ 68.529030112868583, 23.755419425595871 ], [ 68.53735976091167, 23.815140117494696 ], [ 68.515135579214061, 23.82486101850812 ], [ 68.663191137456266, 23.917360614300403 ], [ 68.619857593111874, 23.906529421382668 ], [ 68.595970198760298, 23.941805358782222 ], [ 68.558745551157216, 23.924026918400411 ], [ 68.559302945158862, 23.931803613291727 ], [ 68.537359760911656, 23.946808462719648 ], [ 68.749242840150117, 23.962045241540689 ], [ 68.764122886563058, 24.284121680621734 ], [ 68.826354073385986, 24.308396972905225 ], [ 68.847726553004975, 24.208379316183336 ], [ 68.878449730765766, 24.196937278270724 ], [ 68.947244750973667, 24.276625856064523 ], [ 69.000535478441051, 24.225881341563721 ], [ 69.092928021420278, 24.269081052059679 ], [ 69.199768070223499, 24.235200810034453 ], [ 69.310273598267599, 24.276688339251479 ], [ 69.501167669788202, 24.255021590324276 ], [ 69.600676940652804, 24.277847691864601 ], [ 69.72457754529951, 24.17509663417237 ], [ 70.000640513016819, 24.16639689928849 ], [ 70.059304433377392, 24.192803689415999 ], [ 70.119043054325473, 24.290698855854121 ], [ 70.574865716889093, 24.420315941657787 ], [ 70.611871771360782, 24.400539842424934 ], [ 70.572065349655432, 24.344551364630263 ], [ 70.584287758837206, 24.244127964702106 ], [ 70.816245764724883, 24.225047441335036 ], [ 70.901062309837897, 24.262709025886686 ], [ 70.885138823078975, 24.290752314868023 ], [ 70.959748571104384, 24.346241397348262 ], [ 71.047187053679323, 24.347338305813249 ], [ 71.13176724570944, 24.401801753996139 ], [ 71.118951871485351, 24.431049008233497 ], [ 71.00757244338125, 24.442236936795979 ], [ 71.020477013947342, 24.630509041192266 ], [ 71.107139695528844, 24.680651709977489 ], [ 70.945488303798555, 24.934539539700644 ], [ 70.894311222852025, 25.144059305899578 ], [ 70.674169867105363, 25.389318801871781 ], [ 70.665960648489119, 25.697228583405039 ], [ 70.399658659557744, 25.663798682289382 ], [ 70.279615228286758, 25.70125961881827 ], [ 70.096078610564263, 25.944316279625117 ], [ 70.082572007071391, 26.073857662027049 ], [ 70.172668199076142, 26.245078229920544 ], [ 70.167740886110948, 26.55074511972202 ], [ 70.066193753130747, 26.599291390827773 ], [ 69.815360354024577, 26.592156830250779 ], [ 69.515450197579071, 26.740056314817419 ], [ 69.483732586032673, 26.806229329220233 ], [ 69.513207249431218, 27.016868327762602 ], [ 69.578122873752122, 27.165490197490644 ], [ 70.016265209125635, 27.555995999783615 ], [ 70.107810505694545, 27.766871306513742 ], [ 70.366166371810635, 28.008251352785596 ], [ 70.562629915368959, 28.0198004162553 ], [ 70.672105300536629, 27.914315951316517 ], [ 70.678414961236996, 27.839050819338802 ], [ 70.757666551216005, 27.717210298708199 ], [ 70.884171243091387, 27.698401817643283 ], [ 71.272955824499334, 27.841926870628143 ], [ 71.65828905432393, 27.868931229878545 ], [ 71.897377128772021, 27.957422113170001 ], [ 71.933259489152377, 28.126859012529859 ], [ 72.184427294425774, 28.358005400535539 ], [ 72.301955814632009, 28.664813906859244 ], [ 72.384698855917165, 28.763939722716277 ], [ 72.941720846757548, 29.027200584186986 ], [ 73.271315287216055, 29.556959602243655 ], [ 73.391372179996239, 29.93786936973526 ], [ 73.787215463210387, 30.066398543029464 ], [ 73.966315240160512, 30.195048027524276 ], [ 73.957847465543239, 30.2616893263408 ], [ 73.871256175585813, 30.368573970037524 ], [ 73.935288807801385, 30.462955265574973 ], [ 73.962676630457906, 30.457608824982639 ], [ 74.034013337135804, 30.536258411534579 ], [ 74.077614473132186, 30.529360180036935 ], [ 74.090996148621912, 30.61278998703008 ], [ 74.281805547153112, 30.730233828920063 ], [ 74.262207876856579, 30.768029143632315 ], [ 74.297376723726089, 30.782730791811218 ], [ 74.316145105653277, 30.847583959336312 ], [ 74.363005846175824, 30.845804795486121 ], [ 74.365525170175573, 30.885406025059371 ], [ 74.53811475079425, 30.993543718429329 ], [ 74.558394683913008, 31.067524629276473 ], [ 74.672217730988351, 31.061571738477877 ], [ 74.677323356065344, 31.13060757354868 ], [ 74.592368553616438, 31.133349913383437 ], [ 74.592796654645966, 31.087407773360205 ], [ 74.551933429380114, 31.085619733925331 ], [ 74.504591224433653, 31.13850908853523 ], [ 74.511114858970629, 31.272331195926945 ], [ 74.642065302500143, 31.459961260412793 ], [ 74.565796774661052, 31.501729663740178 ], [ 74.600907761646297, 31.56784025902661 ], [ 74.517281761996173, 31.722909991745798 ], [ 74.600279045421232, 31.886019435301581 ], [ 74.703261997732085, 31.924898349085286 ], [ 74.709197032273195, 31.957949178783618 ], [ 74.809143357673221, 31.955139976268136 ], [ 74.872426905276285, 32.050529018109266 ], [ 74.925927175931676, 32.065649880977944 ], [ 75.004929105668211, 32.028755232163086 ], [ 75.116255003200862, 32.08280846346787 ], [ 75.164453437008433, 32.067968560912909 ], [ 75.195319304065436, 32.116648562037888 ], [ 75.239165647336705, 32.087151639349557 ], [ 75.314230137915459, 32.159188424182538 ], [ 75.314203444597865, 32.21490932749014 ], [ 75.363150990693143, 32.234680960484191 ], [ 75.322327875274922, 32.337324999099586 ], [ 75.188528148970647, 32.424482629997719 ], [ 75.139451212588426, 32.414605670586525 ], [ 75.082624466331211, 32.480047473077697 ], [ 75.036637771304711, 32.492069225629457 ], [ 74.979347225464764, 32.447768033105945 ], [ 74.835327132136726, 32.496211710735231 ], [ 74.68673656740124, 32.49306807124195 ], [ 74.642212458849173, 32.611051392272756 ], [ 74.676208607358191, 32.658001327439443 ], [ 74.650140666061304, 32.718408738990931 ], [ 74.697023694902242, 32.839714153027138 ], [ 74.641998380718448, 32.822898870200731 ], [ 74.614236004984917, 32.757733511262046 ], [ 74.531533117935766, 32.740730975584874 ], [ 74.471955010100615, 32.778361380452424 ], [ 74.413893120250947, 32.903951961944614 ], [ 74.318031334168168, 32.919701442902642 ], [ 74.349829201939627, 33.016249925080032 ], [ 74.205247299383544, 33.043298848711878 ], [ 74.111699774144682, 33.164439218072573 ], [ 74.014272856519227, 33.198248111859854 ], [ 74.020301646738758, 33.258780445512969 ], [ 74.102982250268425, 33.27054356019174 ], [ 74.170747193790262, 33.346647027949452 ], [ 74.187072004402822, 33.455520415664147 ], [ 74.095709466369257, 33.570395829221987 ], [ 74.028443914003105, 33.574680974966043 ], [ 73.956251050462285, 33.720292937939377 ], [ 74.065726433255179, 33.82010096442486 ], [ 74.219672431908876, 33.86717567842723 ], [ 74.261124254009431, 33.924796260721074 ], [ 74.248687829473823, 34.013822161433652 ], [ 74.123694769593598, 34.055180356063964 ], [ 74.006072600279353, 34.022441639649635 ], [ 73.898171253924559, 34.032822438615881 ], [ 73.885650085432815, 34.075116991007441 ], [ 73.976575656117646, 34.21180181365817 ], [ 73.976227887801755, 34.26480713547739 ], [ 73.899406424729733, 34.359812720392512 ], [ 73.773392239114401, 34.349748510225851 ], [ 73.77698633351946, 34.416300646370672 ], [ 73.898742010028329, 34.495770758548964 ], [ 73.895339787351091, 34.546666944893474 ], [ 73.948068588263482, 34.573091576795626 ], [ 73.927329351021115, 34.645890808097924 ], [ 73.960219642218533, 34.696679969074722 ], [ 74.141794280942463, 34.691199742202819 ], [ 74.307298223847781, 34.80030505997064 ], [ 74.580177417073727, 34.770099113194227 ], [ 74.72807243395637, 34.688582251985878 ], [ 74.910507601871785, 34.683209043923263 ], [ 75.01874338578601, 34.641498607112112 ], [ 75.249711427789563, 34.647313244969467 ], [ 75.261858019418796, 34.61088246366019 ], [ 75.350549562278914, 34.562242539192717 ], [ 75.7492065321984, 34.515832259179369 ], [ 76.036461805964038, 34.670268746045544 ], [ 76.157914367212427, 34.643411547907675 ], [ 76.474341126377098, 34.794374466839095 ], [ 76.561815299359154, 34.758340453499706 ], [ 76.681814190034558, 34.759588990179495 ], [ 76.743238314049265, 34.840098047570613 ], [ 76.749365102799231, 34.926600146771321 ], [ 76.870041717730658, 34.972430818901167 ], [ 76.997491747017406, 34.939152542934956 ], [ 77.018097265888855, 35.038465622935114 ], [ 77.068369184163259, 35.024120719207929 ], [ 77.156824331835452, 35.054696751941137 ], [ 77.843079991737412, 35.500985868807931 ], [ 78.107696481379918, 35.464568433270649 ], [ 77.997070576276016, 35.394087873483926 ], [ 77.99185345321726, 35.348547039753456 ], [ 78.043186666893121, 35.201829268857026 ], [ 78.12417730184913, 35.135419846776117 ], [ 78.082872622390596, 35.08249030035924 ], [ 78.248033265402967, 34.695096972053427 ], [ 78.398362980904722, 34.648633219566733 ], [ 78.425117591746186, 34.60346250720702 ], [ 78.569333770622094, 34.611948189876223 ], [ 78.99005893625106, 34.317834772622057 ], [ 78.926748556647794, 34.193037938085247 ], [ 78.706384308846026, 34.072182892001749 ], [ 78.716947850913371, 33.948964577144643 ], [ 78.783990495908071, 33.770431081785496 ], [ 78.706790087249644, 33.669477039613476 ], [ 78.820238474453419, 33.487108727707145 ], [ 79.074964676387111, 33.228610183618088 ], [ 79.185470099143032, 33.191225063917308 ], [ 79.154662206211242, 33.023776901470981 ], [ 79.248695679536027, 32.993472797345035 ], [ 79.282281625614374, 32.935415314016474 ], [ 79.249779293278465, 32.83213813386179 ], [ 79.288916754208856, 32.793165589501037 ], [ 79.264579025498932, 32.674192319975333 ], [ 79.293661273416276, 32.66741444475403 ], [ 79.249204063277389, 32.52245352987503 ], [ 79.126525232993956, 32.464311294007537 ], [ 79.104470496673883, 32.371713643411432 ], [ 79.059701149193216, 32.385572473168182 ], [ 78.970960604536856, 32.344281214550463 ], [ 78.781181273929946, 32.475298549036594 ], [ 78.745927625523393, 32.696077569036561 ], [ 78.625670122222061, 32.607051599180473 ], [ 78.41223966482292, 32.556061747681746 ], [ 78.438111362463729, 32.456391988519307 ], [ 78.518758644152712, 32.418498500673195 ], [ 78.462881662766492, 32.349569748793058 ], [ 78.450208938593377, 32.189764435725309 ], [ 78.601229800107916, 32.077212278580213 ], [ 78.725718976652999, 31.886429666156914 ], [ 78.690813108090808, 31.806718734124161 ], [ 78.72860840292077, 31.702357960826962 ], [ 78.779647294650772, 31.689841242074262 ], [ 78.831176713065076, 31.619882455933656 ], [ 78.706772177662074, 31.521104430839017 ], [ 78.782336130267751, 31.443025569432898 ], [ 78.746195125212083, 31.361664840100847 ], [ 78.759282613809177, 31.31661004767458 ], [ 78.853333932566073, 31.305497948564245 ], [ 78.985751384785303, 31.118331658597409 ], [ 79.053721531074103, 31.134803557556516 ], [ 79.390138396311741, 31.093944850056619 ], [ 79.413084874544211, 31.037550606583999 ], [ 79.501259209305886, 31.03914248451651 ], [ 79.531121749443827, 30.974102034792342 ], [ 79.58724402533899, 30.943089007865751 ], [ 79.742148721233946, 31.00679169551163 ], [ 79.854928351486109, 30.978908967514769 ], [ 79.874708897369217, 30.930443017204606 ], [ 79.957795296063622, 30.886288953078729 ], [ 79.935308069259321, 30.88504485855595 ], [ 80.056809662235153, 30.774998756916602 ], [ 80.062361217620065, 30.694141795580546 ], [ 80.21087161170864, 30.582566216834437 ], [ 80.400552856533835, 30.53117060278516 ], [ 80.526491259775966, 30.454309080011718 ], [ 80.584191997397028, 30.487221740968593 ], [ 80.811285083092699, 30.319978706735967 ], [ 80.994054765724428, 30.270460335196532 ], [ 81.018874093454542, 30.236838715647714 ], [ 80.922981110263379, 30.231657227422186 ], [ 80.864571368049582, 30.168895380486983 ], [ 80.879219498279568, 30.128513794051823 ], [ 80.762930612666466, 30.049494079177311 ], [ 80.749397215507258, 30.006628740009752 ], [ 80.677917803137291, 29.958113672896246 ], [ 80.605337080496767, 29.958715670746766 ], [ 80.497199385233372, 29.797465630166347 ], [ 80.437715011539723, 29.805714999157612 ], [ 80.369722618789496, 29.750613883110702 ], [ 80.421920808462588, 29.639114081165442 ], [ 80.409493318844184, 29.594919952988118 ], [ 80.344354773779415, 29.552866170360666 ], [ 80.351324364100691, 29.518945775487584 ], [ 80.288437642569207, 29.477221917776518 ], [ 80.304222895430783, 29.453080386352934 ], [ 80.244818702534047, 29.444505555065628 ], [ 80.318139752663015, 29.31563751946533 ], [ 80.299005713990482, 29.205029533393006 ], [ 80.249915526226658, 29.220614068105466 ], [ 80.273406061576907, 29.142022439077241 ], [ 80.23501759364548, 29.118415883922456 ], [ 80.186020986852881, 29.137313603688813 ], [ 80.146027362489647, 29.10300076588225 ], [ 80.137323194026052, 29.007312956254506 ], [ 80.060140638249592, 28.916316080191848 ], [ 80.072380825364206, 28.829742599997676 ], [ 80.252287723207928, 28.757821754140345 ], [ 80.360915888882346, 28.637015805805856 ], [ 80.452817930105496, 28.628815553825557 ], [ 80.519338803729426, 28.551722121750455 ], [ 80.505190132417766, 28.66522407868549 ], [ 80.570417856749174, 28.687805017707408 ], [ 80.591451427066929, 28.647624030917189 ], [ 80.669343027620585, 28.641822761036632 ], [ 80.71630174869361, 28.567899786429276 ], [ 80.76963263166715, 28.565518570505414 ], [ 80.790755426636906, 28.524258562907125 ], [ 80.897894215628725, 28.505601653114049 ], [ 80.917389441159088, 28.457523644309557 ], [ 81.019172859648421, 28.451557319094057 ], [ 81.022820412797358, 28.410315101403484 ], [ 81.21511912205095, 28.358215011615588 ], [ 81.234534030196329, 28.288884919268721 ], [ 81.322409554239201, 28.197170090352138 ], [ 81.319787588068081, 28.133418309562355 ], [ 81.373113983441613, 28.142216107902392 ], [ 81.37693988171705, 28.176894557466056 ], [ 81.445708141243614, 28.162139385521193 ], [ 81.480226069808225, 28.082517667451377 ], [ 81.704001546384646, 27.986522127653434 ], [ 81.886847034571886, 27.857159156745968 ], [ 81.928017925628879, 27.859647358005471 ], [ 81.97011628369971, 27.928816947127867 ], [ 82.069656775601644, 27.923394678896692 ], [ 82.450713760464723, 27.678616816677572 ], [ 82.709916818306766, 27.721700610246792 ], [ 82.757883383336903, 27.586616611343672 ], [ 82.737005878748434, 27.503102067761052 ], [ 82.931618899422119, 27.500868095915465 ], [ 83.036117910177282, 27.448714484894499 ], [ 83.190215491426301, 27.454016302253788 ], [ 83.306798680100442, 27.331230489117328 ], [ 83.361213152394825, 27.343015922830883 ], [ 83.411690150510267, 27.412506573877661 ], [ 83.390928528096069, 27.479491138878874 ], [ 83.616737446459027, 27.469422521810113 ], [ 83.85850544343937, 27.350962079871923 ], [ 83.870246239227114, 27.428505789877565 ], [ 84.029418296573937, 27.433629311450094 ], [ 84.099831997731854, 27.516787127837564 ], [ 84.148008128087852, 27.518637655992581 ], [ 84.210640621036475, 27.442333461121702 ], [ 84.256248350705931, 27.451898281742622 ], [ 84.293410474411246, 27.385042978906991 ], [ 84.622015049295825, 27.338209022022717 ], [ 84.693061897060403, 27.214803416263088 ], [ 84.644850110267129, 27.047248238612944 ], [ 84.795723727825873, 26.995567217184593 ], [ 84.831887105115371, 27.019303009659801 ], [ 84.893645604678298, 26.969592951145248 ], [ 84.964487360095461, 26.960273459022449 ], [ 84.969824906470535, 26.916034732594028 ], [ 85.062418115850704, 26.886707156558398 ], [ 85.024444441249017, 26.855431083826932 ], [ 85.197707253636651, 26.866592207476923 ], [ 85.179117295755475, 26.811914665316152 ], [ 85.212288539096164, 26.758704279202185 ], [ 85.336318451581704, 26.741416335893529 ], [ 85.636687891846918, 26.871902932695889 ], [ 85.73671894016563, 26.795616634368745 ], [ 85.734618669630834, 26.654316673514622 ], [ 85.853315475682606, 26.609516059706415 ], [ 85.85212046354485, 26.568416524110521 ], [ 86.030738645136594, 26.666423137600805 ], [ 86.2196128423994, 26.588107970100634 ], [ 86.254572143244729, 26.616784431170167 ], [ 86.3465634702561, 26.615905977084356 ], [ 86.733519759614893, 26.422046545623637 ], [ 86.767698739039133, 26.458459581316756 ], [ 86.835798199903167, 26.43869688940708 ], [ 86.896415221083529, 26.461714748480158 ], [ 86.935097863050487, 26.516494823840066 ], [ 87.017716126883556, 26.531816230609145 ], [ 87.074279813940336, 26.585468147783242 ], [ 87.093917704636979, 26.450014083369823 ], [ 87.165018054232604, 26.403817734515048 ], [ 87.258703740050649, 26.41085864150984 ], [ 87.268388927453401, 26.373611836595515 ], [ 87.343413306030669, 26.347517109179048 ], [ 87.371291621185151, 26.407755187704637 ], [ 87.469093037566864, 26.440065785994182 ], [ 87.608413209310186, 26.380603645838285 ], [ 87.680235995908546, 26.435085010502313 ], [ 87.768860624840386, 26.412093883281681 ], [ 87.792212887808958, 26.468916161587437 ], [ 87.851220217335083, 26.436213115337249 ], [ 87.890634154142361, 26.486418181628654 ], [ 87.929303511206655, 26.417953097816238 ], [ 88.032553979192386, 26.364631168963822 ], [ 88.097402688909241, 26.437443837415433 ], [ 88.100653417274344, 26.536128194928988 ], [ 88.163040696826741, 26.636292971855458 ], [ 88.190499805190683, 26.77141265592731 ], [ 88.123015759532109, 26.95011558864142 ], [ 88.137481080701647, 26.985266661664564 ], [ 88.040259321337729, 27.036318903208649 ], [ 87.994170024566799, 27.105207604947889 ], [ 88.069212292021888, 27.335582622852058 ], [ 88.04941386689633, 27.405215878456016 ], [ 88.082620777943092, 27.426414484207875 ], [ 88.046332617442161, 27.495766842226587 ], [ 88.199921918895114, 27.790531327862908 ], [ 88.175722380390724, 27.820215533282735 ], [ 88.198914128891573, 27.853516075954165 ], [ 88.113580328908512, 27.917611191959583 ], [ 88.134743221539836, 27.962978108973392 ], [ 88.243888651262736, 27.948539556056044 ], [ 88.337761610271443, 27.987989232032504 ], [ 88.389799302448793, 27.978081124436869 ], [ 88.483114914945233, 28.045587388626767 ], [ 88.538947327504829, 28.038889894248641 ], [ 88.611817950902037, 28.129610227995119 ], [ 88.666771972376239, 28.074081052704695 ], [ 88.753617401182481, 28.071940683929668 ], [ 88.83290018417992, 28.011537687445806 ], [ 88.836249027645451, 27.932000772766703 ], [ 88.885740570205826, 27.861337362499132 ], [ 88.85426372968233, 27.816523394547517 ], [ 88.846611933400112, 27.668900374551136 ], [ 88.767324641854316, 27.56677357508261 ], [ 88.811759582255661, 27.402562742216631 ], [ 88.919455795319493, 27.327698925097568 ], [ 88.907853259284124, 27.276677870936485 ], [ 88.803207063289577, 27.247974629088336 ], [ 88.74694210293643, 27.145366250764035 ], [ 88.869986535763175, 27.109145001315035 ], [ 88.876991797955469, 26.944332155478197 ], [ 88.921506981012712, 26.993814769599744 ], [ 88.943686604076163, 26.934312524895358 ], [ 88.98037158255795, 26.917247580949507 ], [ 89.021248189350629, 26.940800542946818 ], [ 89.095617063343681, 26.89177719349626 ], [ 89.134277443174199, 26.807834631505575 ], [ 89.262253707650274, 26.813903427637932 ], [ 89.367408212106326, 26.85821356421091 ], [ 89.46974904701699, 26.802728957802344 ], [ 89.557432803100653, 26.81422895513446 ], [ 89.648848843048995, 26.777597482132276 ], [ 89.623761910024825, 26.718674852278347 ], [ 89.670769777050054, 26.739654987817151 ], [ 89.860076417676467, 26.701373566942149 ], [ 90.009710454511776, 26.732350905875631 ], [ 90.416483058664141, 26.904699637053923 ], [ 90.645926105242509, 26.776344394936746 ], [ 91.018961135430942, 26.786649402018387 ], [ 91.407464728396207, 26.839659198599318 ], [ 91.494943394063768, 26.791385013507252 ], [ 91.892097695697956, 26.919214025398293 ], [ 92.112983755622636, 26.892383629295182 ], [ 92.119658988357045, 26.973276190391768 ], [ 92.043992530511474, 27.051644880220788 ], [ 92.026824954270353, 27.168602597288046 ], [ 92.070929969360051, 27.226174129929841 ], [ 92.045142948065362, 27.268887837833621 ], [ 92.124755776300603, 27.282367643184127 ], [ 92.065467547077418, 27.326307681990688 ], [ 92.018767372658928, 27.48032506101293 ], [ 91.767309756591843, 27.464896504220413 ], [ 91.694724530823592, 27.505920237383148 ], [ 91.651712052241351, 27.484342637262806 ], [ 91.566886568696745, 27.584146234593501 ], [ 91.56443853262752, 27.641971854965853 ], [ 91.628698637272308, 27.699324827719561 ], [ 91.645928581018168, 27.76744648930951 ], [ 91.626906043898998, 27.811569339652447 ], [ 91.555747699826298, 27.845338073010765 ], [ 91.6693254457725, 27.856708794692086 ], [ 91.746276186814924, 27.803351207766408 ], [ 91.824212376181336, 27.810352040645213 ], [ 91.860527267194755, 27.73693293042427 ], [ 91.918763143620936, 27.715101124744169 ], [ 91.983857098470438, 27.769992674332762 ], [ 92.055398878501023, 27.759130281640122 ], [ 92.210397237641644, 27.858991866211909 ], [ 92.264022384564655, 27.857930640832368 ], [ 92.315957543585, 27.778242013063174 ], [ 92.406860814046283, 27.822088320431423 ], [ 92.454934363185146, 27.803262034852118 ], [ 92.501326833390465, 27.841503242725516 ], [ 92.560690831169779, 27.821040442762815 ], [ 92.739487455776072, 27.989411685314671 ], [ 92.662933602464619, 28.06277281642053 ], [ 92.686990397619326, 28.12579775762498 ], [ 92.79963624985831, 28.202231175785702 ], [ 92.826471083531601, 28.172034178887184 ], [ 92.895257218839234, 28.204612327326551 ], [ 92.964524858495849, 28.261809258208693 ], [ 93.000358221214839, 28.230791742193261 ], [ 93.033783605000977, 28.263129100282391 ], [ 93.023665963780473, 28.303198637636957 ], [ 93.218979017167698, 28.333730079079555 ], [ 93.231522510995802, 28.40071023635296 ], [ 93.182664076239647, 28.439990483379027 ], [ 93.275917261233431, 28.504830260777439 ], [ 93.336904419254751, 28.640159504254633 ], [ 93.445670773106215, 28.676041842732634 ], [ 93.474195643467525, 28.65364823859872 ], [ 93.491117984651297, 28.683961218080988 ], [ 93.533836130377736, 28.658847562302515 ], [ 93.73156609404991, 28.689280960833692 ], [ 93.775176109384617, 28.668519356626749 ], [ 93.844037992955151, 28.70738939511477 ], [ 93.926130046881696, 28.671801281922249 ], [ 94.0014264087893, 28.775537784896912 ], [ 93.994911642148466, 28.841367476531214 ], [ 94.15513609902716, 28.954762426172579 ], [ 94.214691817959519, 29.08408976991338 ], [ 94.28772744047393, 29.148149191035458 ], [ 94.356923779539287, 29.152590447652411 ], [ 94.431181212360812, 29.226821089659062 ], [ 94.557899894430648, 29.228912424292655 ], [ 94.628157515314655, 29.348590285466223 ], [ 94.777381337549841, 29.241121460803544 ], [ 94.797986844729309, 29.164607786238452 ], [ 94.871802806151422, 29.184290179185819 ], [ 95.022796873905463, 29.130620474126975 ], [ 94.997495911367992, 29.173013129313507 ], [ 95.121757734863451, 29.116248784512194 ], [ 95.250763931334362, 29.109881160503686 ], [ 95.266553634747638, 29.05765178731993 ], [ 95.447423729857263, 29.036011767244592 ], [ 95.496331148518337, 29.140310101021786 ], [ 95.546808123152161, 29.128649598336864 ], [ 95.537720531201472, 29.21400123498799 ], [ 95.585798506320415, 29.217992118275713 ], [ 95.598729923201603, 29.261860746021398 ], [ 95.638023507121531, 29.249838988938311 ], [ 95.777624561706475, 29.356398156916729 ], [ 95.796486587617338, 29.336332163384299 ], [ 95.880852808355542, 29.391491240883695 ], [ 95.957107831390175, 29.382666669488145 ], [ 96.080535771296965, 29.463345259827573 ], [ 96.243569406319466, 29.235123991911532 ], [ 96.363153634090409, 29.28563217182548 ], [ 96.392806642733035, 29.256500867199794 ], [ 96.346360646258816, 29.171028891202418 ], [ 96.260201873349388, 29.160162000707373 ], [ 96.185623411742228, 29.094617688249741 ], [ 96.114500727285673, 29.07760173013807 ], [ 96.184851955442937, 28.98812098591884 ], [ 96.145246237582469, 28.937487925024584 ], [ 96.166525056388551, 28.905930850126737 ], [ 96.346703956252, 29.032270593165027 ], [ 96.525201797750725, 29.079282839875578 ], [ 96.477400273654837, 28.994038230498962 ], [ 96.48752681316904, 28.965339407997664 ], [ 96.518829753254082, 28.97098909196097 ], [ 96.537450977189266, 28.884121407759014 ], [ 96.615997994922324, 28.778578924354452 ], [ 96.585939221677336, 28.721587113366041 ], [ 96.472740489074496, 28.688210767431681 ], [ 96.494054996566874, 28.63819305189109 ], [ 96.325674870443351, 28.534010617781185 ], [ 96.372963661202235, 28.487038453246875 ], [ 96.263769158642404, 28.41337851068457 ], [ 96.370939177099814, 28.394302518905764 ], [ 96.399406091501035, 28.344498845714721 ], [ 96.458266257523405, 28.419219926245439 ], [ 96.664566556415849, 28.465768471721756 ], [ 96.751050826001702, 28.42171256855633 ], [ 96.782576641557625, 28.370388331513578 ], [ 96.898664884565775, 28.385901523398747 ], [ 96.996497605077707, 28.316232564560821 ], [ 97.092568862293959, 28.36969268702223 ], [ 97.173920732475239, 28.299060570853815 ], [ 97.224241726145792, 28.299889989502823 ], [ 97.400420733875038, 28.193509146640817 ], [ 97.330800862596348, 28.162973210807628 ], [ 97.307747251840908, 28.07709985467492 ], [ 97.373519025870863, 28.070237373831823 ], [ 97.41516259697076, 28.024081138583146 ], [ 97.378067320786144, 27.986152032213543 ], [ 97.389023339791237, 27.896381397117384 ], [ 97.321169209250399, 27.889509955847331 ], [ 97.308706022147391, 27.929958436380513 ], [ 97.256476517404167, 27.909531334272614 ], [ 97.10246362722205, 27.793420806183946 ], [ 97.096421573817267, 27.749931218764175 ], [ 97.015747496093326, 27.740629542887643 ], [ 96.978299985253287, 27.67187461628416 ], [ 96.897581341162251, 27.62080003808148 ], [ 96.937682000425283, 27.530061829952732 ], [ 96.911850413843823, 27.462711593858252 ], [ 97.17215935474853, 27.144358523505549 ], [ 97.146430367927351, 27.102839807756958 ], [ 96.866224887632796, 27.199691536989985 ], [ 96.885100272978391, 27.267960302256544 ], [ 96.802361713199716, 27.354431186030414 ], [ 96.712546505771044, 27.380730977123818 ], [ 96.612542178642272, 27.369369193236022 ], [ 96.522330135575586, 27.293970226919154 ], [ 96.470747272865935, 27.312462115527765 ], [ 96.234330137756587, 27.284878200393987 ], [ 96.036430836640747, 27.196048384525831 ], [ 95.936248159281604, 27.052991550732298 ], [ 95.807937584459694, 27.020449033226232 ], [ 95.730812905942855, 26.887492023426169 ], [ 95.673361882586462, 26.910219995246258 ], [ 95.611518651120406, 26.82121189140609 ], [ 95.532775322529858, 26.831209201609234 ], [ 95.42330889822756, 26.696713850586335 ], [ 95.302583210670036, 26.656020040710018 ], [ 95.250786243495881, 26.69238851630848 ], [ 95.154710456748347, 26.619491137285689 ], [ 95.067209555127306, 26.461549749449134 ], [ 95.135741426926216, 26.387831839963521 ], [ 95.120567148389085, 26.109740046075441 ], [ 95.185701240826376, 26.080350069227279 ], [ 95.106467421863442, 25.968150224078656 ], [ 95.021864962232939, 25.909999087447371 ], [ 95.05253012643071, 25.762656987469466 ], [ 94.937574514312814, 25.669029235071346 ], [ 94.888979288975563, 25.593113089523957 ], [ 94.904991854007108, 25.567112004081689 ], [ 94.849440414002828, 25.560690965514983 ], [ 94.812492333167611, 25.495369552873061 ], [ 94.682424749390819, 25.45972796530608 ], [ 94.631180825859374, 25.387289864281602 ], [ 94.585359050552071, 25.21574823443521 ], [ 94.745659314222365, 25.136590249983254 ], [ 94.742212407105811, 25.025250996325621 ], [ 94.703141730034531, 24.978269918209438 ], [ 94.719069666549629, 24.942472275258098 ], [ 94.637847123443819, 24.842360934695126 ], [ 94.610847303909836, 24.722112400159034 ], [ 94.550988296375351, 24.716538486740919 ], [ 94.531488657059526, 24.632390851671236 ], [ 94.403418848578767, 24.487777718672753 ], [ 94.403909313446448, 24.421140871713256 ], [ 94.366805143809728, 24.404548570976914 ], [ 94.386108557604686, 24.384620897183559 ], [ 94.326347685897417, 24.338950750708793 ], [ 94.161459074557399, 23.852779454224397 ], [ 94.122642632203792, 23.842728617205623 ], [ 94.096093125188659, 23.893571263264835 ], [ 93.953780873831661, 23.950197361202353 ], [ 93.815985734692291, 23.929828263531004 ], [ 93.756942804652354, 24.00949451085226 ], [ 93.620659294140893, 24.014239050295227 ], [ 93.603460559920023, 23.969590068392943 ], [ 93.563538229917214, 23.989580204106812 ], [ 93.51508117028142, 23.947169680240705 ], [ 93.468858153973997, 23.973937671133168 ], [ 93.415429192735985, 24.07922148488522 ], [ 93.346915090319385, 24.112967964795413 ], [ 93.334425183609653, 23.986949305135813 ], [ 93.398720949969459, 23.930278625493592 ], [ 93.405289169008398, 23.761590822849818 ], [ 93.444703159791032, 23.682428393489474 ], [ 93.39718703409342, 23.433311761221919 ], [ 93.414238622367122, 23.38801180001305 ], [ 93.365808275266374, 23.354479359843037 ], [ 93.393646504271985, 23.138614223123465 ], [ 93.297722257865118, 23.005799967483711 ], [ 93.141854402353786, 23.06061119932518 ], [ 93.129195036900668, 23.000770033533755 ], [ 93.168350405810614, 22.919128341566314 ], [ 93.138755368454341, 22.913179976053062 ], [ 93.099265571086264, 22.810411080540511 ], [ 93.091751992122695, 22.709341031064969 ], [ 93.144369355361292, 22.598857939901681 ], [ 93.111688589584375, 22.531788589914314 ], [ 93.190810846186722, 22.427258285638892 ], [ 93.208580428401575, 22.261067602609998 ], [ 93.147111669409966, 22.246539850169491 ], [ 93.154411252396073, 22.178190762025757 ], [ 93.04666153702199, 22.197619118981478 ], [ 93.065568078347837, 22.102051649379323 ], [ 93.013267353085098, 22.102212168309823 ], [ 93.006627729916829, 21.979858912708416 ], [ 92.955802891025982, 22.029921221723985 ], [ 92.91089084485904, 21.946228377935114 ], [ 92.867735668610678, 22.065362166802725 ], [ 92.732758644433616, 22.14959014593655 ], [ 92.70343560013184, 22.153781687168028 ], [ 92.693558700752902, 22.077250133112599 ], [ 92.683837872680414, 22.105346882282863 ], [ 92.684355115446422, 22.017908357010644 ], [ 92.608777794015197, 21.984095051176173 ], [ 92.597433855906814, 22.011959953739037 ], [ 92.562505728027205, 22.128271129496689 ], [ 92.605482493683226, 22.123312601685406 ], [ 92.607511391283197, 22.172130880659747 ], [ 92.521776289545542, 22.560251014444123 ], [ 92.528563048312648, 22.665771195686723 ], [ 92.507734585364503, 22.736884912908412 ], [ 92.473867719261733, 22.746347155487097 ], [ 92.447532249426288, 22.893591087863005 ], [ 92.371705230242711, 22.936211180700742 ], [ 92.39224829950588, 23.056504341103903 ], [ 92.3578641787973, 23.103530010900819 ], [ 92.346711984323733, 23.23578702580706 ], [ 92.403373778209811, 23.241427754280647 ], [ 92.31701879826268, 23.471811704433588 ], [ 92.279656025223517, 23.715679871307376 ], [ 92.246819198383164, 23.722658414018184 ], [ 92.216439308081974, 23.652110962703077 ], [ 92.202812285789562, 23.705918892154148 ], [ 92.148558410926015, 23.735705706664394 ], [ 92.06335395701268, 23.64511021172747 ], [ 92.008422308408583, 23.663731401274642 ], [ 91.962114498852316, 23.727701676824857 ], [ 91.94230718648727, 23.681808598730559 ], [ 91.975188608943441, 23.482410949835835 ], [ 91.942735281134063, 23.435247079497497 ], [ 91.845040819905279, 23.404769038356932 ], [ 91.772888117669979, 23.270081979104059 ], [ 91.835694556553307, 23.093037773075181 ], [ 91.774457724413665, 23.069716704699342 ], [ 91.785097136505868, 23.031676105939493 ], [ 91.725594869378995, 22.989278971151464 ], [ 91.645326605029624, 22.985127575815952 ], [ 91.617934345458153, 22.938654744596167 ], [ 91.5424506946989, 22.999650787952618 ], [ 91.490881152984713, 23.157761615222309 ], [ 91.507353100798042, 23.183343461513459 ], [ 91.474244272214506, 23.188837152517738 ], [ 91.415598177615976, 23.282901855328262 ], [ 91.379867416621906, 23.184614352471215 ], [ 91.421996975619834, 23.059251200662462 ], [ 91.346914632913638, 23.102459831740454 ], [ 91.289793539509645, 23.318659405586001 ], [ 91.320021791797174, 23.360236073590428 ], [ 91.29099302179948, 23.350791700191671 ], [ 91.249260350997389, 23.490312488030025 ], [ 91.162437192101365, 23.595194988957907 ], [ 91.156256863761428, 23.670843629463263 ], [ 91.199354077474652, 23.646742180160025 ], [ 91.208463988995447, 23.686570888259208 ], [ 91.154183335892284, 23.688537348087635 ], [ 91.157028237765658, 23.742153544678935 ], [ 91.220525892878257, 23.740922917178889 ], [ 91.25399138857901, 23.837154777185976 ], [ 91.232957850201103, 23.927094799174924 ], [ 91.275305905696413, 23.926416989395726 ], [ 91.303946741046147, 23.998141620279206 ], [ 91.378235344503224, 23.976956436527384 ], [ 91.396539929462648, 24.049751305345723 ], [ 91.374534294607841, 24.107897955066235 ], [ 91.58841506623682, 24.077228267857809 ], [ 91.639467315870363, 24.108642626376568 ], [ 91.665084902987388, 24.233653576641107 ], [ 91.69210703246253, 24.159801889949769 ], [ 91.759733742668416, 24.142322243509497 ], [ 91.74504547167588, 24.246593842658942 ], [ 91.816297439674656, 24.21008271418421 ], [ 91.847470998653506, 24.228271448572819 ], [ 91.844804508013283, 24.189932094096172 ], [ 91.902161929125583, 24.137100652748263 ], [ 91.940742017016802, 24.268238344660443 ], [ 91.919922471318927, 24.337519375442735 ], [ 91.956665498319921, 24.356818407617613 ], [ 91.995856558576278, 24.322180110538348 ], [ 91.970033873861894, 24.384397939643598 ], [ 92.089042831498091, 24.373419560526159 ], [ 92.16622091670493, 24.422072839566734 ], [ 92.154863585739236, 24.523120557748719 ], [ 92.215730367979319, 24.507741117265716 ], [ 92.295882689116183, 24.736631178772786 ], [ 92.232621417278381, 24.902054979098967 ], [ 92.300649467187696, 24.915668558552746 ], [ 92.386955366658327, 24.852732873925707 ], [ 92.491904733821954, 24.877962450557895 ], [ 92.487641891056299, 24.946672720055055 ], [ 92.41943545845352, 24.967568063040137 ], [ 92.425214459648146, 25.02966107378694 ], [ 92.061837846701451, 25.187116373243786 ], [ 91.75515874311192, 25.177493652321417 ], [ 91.747573773815574, 25.140273462285826 ], [ 91.703638262868665, 25.160085334654763 ], [ 91.63785761354363, 25.122655596767071 ], [ 91.600579531752203, 25.145936593832356 ], [ 91.614112916964331, 25.175348830324019 ], [ 91.47055212585353, 25.133749818730834 ], [ 91.270980578964213, 25.203976191391824 ], [ 90.853537394612417, 25.155773313114452 ], [ 90.781670046928156, 25.181493401994373 ], [ 90.698503402185921, 25.156852428746475 ], [ 90.649627131881005, 25.195245340306013 ], [ 90.648779912767921, 25.173337781305381 ], [ 90.440976915245727, 25.144625554999465 ], [ 90.330132565800682, 25.193894214827086 ], [ 90.112265366585802, 25.225473526831287 ], [ 89.967353519253095, 25.30331607518713 ], [ 89.83160510034088, 25.295659831346118 ], [ 89.825620992659978, 25.415217180792286 ], [ 89.880967317959517, 25.631800186819433 ], [ 89.814531146386287, 25.816982218936563 ], [ 89.885939194849072, 25.943580584086856 ], [ 89.825348972275037, 25.945573759665773 ], [ 89.870657848642736, 25.981451726572541 ], [ 89.838753028309057, 26.009691208569564 ], [ 89.822958884392207, 25.984907544235565 ], [ 89.808609466621533, 26.04342431194976 ], [ 89.787972755393625, 26.019304986173967 ], [ 89.801773714763414, 26.040352016433861 ], [ 89.77357431529623, 26.03772998107949 ], [ 89.794862082438996, 26.08727511883637 ], [ 89.747595620558485, 26.157443532535716 ], [ 89.67425675103155, 26.167043945380829 ], [ 89.701987925609728, 26.174062602275885 ], [ 89.679719174499795, 26.2344967402341 ], [ 89.633794886295448, 26.230345376240077 ], [ 89.649941278906013, 26.190298134032965 ], [ 89.630758276208908, 26.184131210937771 ], [ 89.659523916503886, 26.173362460154479 ], [ 89.594590458708325, 26.156908385951834 ], [ 89.632974435025361, 26.117588042779438 ], [ 89.593850288760422, 26.102239808528306 ], [ 89.632666734445209, 26.106970967760198 ], [ 89.650003739815787, 26.064484646470252 ], [ 89.586813773846828, 26.038421227090385 ], [ 89.580406109591507, 25.968181435090898 ], [ 89.540876154937393, 25.969630653950663 ], [ 89.542311963345767, 26.004447310617394 ], [ 89.430963771928376, 26.011144834896641 ], [ 89.432631464081183, 26.038907264857659 ], [ 89.423780153010114, 26.047009448265765 ], [ 89.392441564937243, 26.007229738874933 ], [ 89.34848826226164, 26.010480469932919 ], [ 89.254347716476801, 26.064217087190894 ], [ 89.266752910615935, 26.092478906405148 ], [ 89.251556301966758, 26.091457685597227 ], [ 89.22937672666977, 26.122889911778142 ], [ 89.155328867858714, 26.138706341160425 ], [ 89.140876937240876, 26.235874603998862 ], [ 89.10005388784468, 26.279564949640385 ], [ 89.104691318961414, 26.315924439974626 ], [ 89.124351539111757, 26.293691337364486 ], [ 89.1362439062774, 26.320218498593164 ], [ 89.083733541828707, 26.322296498285066 ], [ 89.087274067043921, 26.397762258214893 ], [ 89.036645442403994, 26.394962008966694 ], [ 88.993971826791196, 26.41289650910441 ], [ 88.983207584302349, 26.446593927212469 ], [ 88.95579303783579, 26.460296710784515 ], [ 88.903938122362348, 26.4081341485842 ], [ 88.926278237688066, 26.364742661186579 ], [ 89.006653568254436, 26.332802125295157 ], [ 89.002127543471161, 26.295488372219904 ], [ 89.02688447538921, 26.309659356409952 ], [ 89.058561907531313, 26.29505133112486 ], [ 89.050620263700267, 26.241769612516514 ], [ 88.956778520244924, 26.240659245941902 ], [ 88.898199310345177, 26.288746155373921 ], [ 88.868211832322729, 26.277469139117876 ], [ 88.883506519563383, 26.236650486156417 ], [ 88.840262172284739, 26.231411070619981 ], [ 88.793472808640601, 26.310074087066358 ], [ 88.666205634808449, 26.262740733396949 ], [ 88.667984791834698, 26.297267552910238 ], [ 88.686195767844197, 26.282120002834642 ], [ 88.709387583326304, 26.288866602059244 ], [ 88.675070300440282, 26.320169460714364 ], [ 88.746451648083223, 26.322474811753576 ], [ 88.74524769330425, 26.347954141461535 ], [ 88.704634181034024, 26.332579199612113 ], [ 88.681032128758048, 26.380220210644911 ], [ 88.702248533637075, 26.388554253948506 ], [ 88.623723780614668, 26.43486199514394 ], [ 88.620696077258515, 26.471069887985202 ], [ 88.55995866095563, 26.457112926993808 ], [ 88.483529608343858, 26.541068881776031 ], [ 88.448164542097842, 26.535379093626087 ], [ 88.398360824024337, 26.625934466589776 ], [ 88.333717258198504, 26.47880648367488 ], [ 88.35488906703678, 26.447111198317248 ], [ 88.372346415567037, 26.488406909159167 ], [ 88.485197353257632, 26.460350224695645 ], [ 88.524825390839098, 26.359837667620123 ], [ 88.451629199884465, 26.370477086776937 ], [ 88.349600531228873, 26.282307237028835 ], [ 88.350126694556423, 26.220348009444415 ], [ 88.180444578314194, 26.145693760562082 ], [ 88.158407644565798, 26.080787094249345 ], [ 88.187110908925433, 26.024062899467431 ], [ 88.129637566267689, 25.99703623583078 ], [ 88.087057563287644, 25.913682251971014 ], [ 88.114418660456352, 25.798022149479781 ], [ 88.152147082621241, 25.775762306588149 ], [ 88.269929812448936, 25.808139870112143 ], [ 88.268462707611405, 25.780796655460016 ], [ 88.405348207564245, 25.671472826256245 ], [ 88.453765132586639, 25.665011617302699 ], [ 88.446443308969123, 25.597148568504075 ], [ 88.499894528392446, 25.584056586254842 ], [ 88.539892700807215, 25.508385717887521 ], [ 88.609062272076443, 25.516434380749999 ], [ 88.699510648653501, 25.471308244641246 ], [ 88.707505832166575, 25.499944588692603 ], [ 88.764778549272734, 25.494954861446981 ], [ 88.761625932121206, 25.525959015690031 ], [ 88.810591293737531, 25.523203264182534 ], [ 88.840101689073123, 25.363870679883991 ], [ 88.929435308507877, 25.304212348813483 ], [ 89.008874193169348, 25.303142199172104 ], [ 89.007835168636191, 25.267656618796707 ], [ 88.956243417606856, 25.255153343701014 ], [ 88.961710253875168, 25.209166590703418 ], [ 88.936400434934342, 25.210633689305496 ], [ 88.948408768632561, 25.176432340496849 ], [ 88.923018658450417, 25.16500818347378 ], [ 88.844908592879946, 25.211199964608362 ], [ 88.805837908655676, 25.170550822294626 ], [ 88.704482583569799, 25.208288198407654 ], [ 88.564805669737339, 25.174617546002168 ], [ 88.499100824205087, 25.210491006597973 ], [ 88.443642997254855, 25.197390133820114 ], [ 88.453809705513166, 25.035600536385981 ], [ 88.398985052879254, 24.942989497080738 ], [ 88.339750367343171, 24.939667505566998 ], [ 88.325151300873529, 24.865891621596624 ], [ 88.275869288894171, 24.895678423369308 ], [ 88.259027306722118, 24.878140834090384 ], [ 88.226217221573037, 24.959791425278244 ], [ 88.139688355060514, 24.936126914576278 ], [ 88.174986618250685, 24.860250860976951 ], [ 88.070585702851616, 24.769419015507463 ], [ 88.011275167140923, 24.66553975886125 ], [ 88.148352426915807, 24.505333155954649 ], [ 88.33300824950912, 24.383189470519085 ], [ 88.446327384595506, 24.378667938597715 ], [ 88.528709249052213, 24.344181262689723 ], [ 88.555000116043487, 24.296491159565761 ], [ 88.567579259200343, 24.326710521007648 ], [ 88.70628400821991, 24.311884011536574 ], [ 88.737363946548115, 24.270124483140197 ], [ 88.746389175425222, 24.147169296402424 ], [ 88.693040508142019, 24.111322603258262 ], [ 88.727705535879991, 24.100923916326202 ], [ 88.728806954855145, 23.996661230078548 ], [ 88.758745353259684, 24.008183509319537 ], [ 88.769567634585727, 23.981906100218065 ], [ 88.737448680884356, 23.982673041708523 ], [ 88.733381974343473, 23.91111783481627 ], [ 88.667543356059966, 23.869594725069909 ], [ 88.575338097654111, 23.862437831143328 ], [ 88.602034727716898, 23.816513594188454 ], [ 88.55577154379705, 23.784452575996092 ], [ 88.580550749283745, 23.765198182418363 ], [ 88.562156948345901, 23.637186310223196 ], [ 88.593714043076233, 23.640914116482922 ], [ 88.581687845568197, 23.602998398737689 ], [ 88.645996980871885, 23.60813083409769 ], [ 88.655454740473644, 23.557609254905476 ], [ 88.743423856302059, 23.480569366246996 ], [ 88.800424581103755, 23.497638790628802 ], [ 88.795408123450585, 23.443603356219374 ], [ 88.764426256325464, 23.442109573450651 ], [ 88.748765860544481, 23.398147343308889 ], [ 88.765487528939829, 23.367673803269234 ], [ 88.732146801929844, 23.352503929539139 ], [ 88.745599927061107, 23.30784604238108 ], [ 88.696242150499216, 23.302232082212392 ], [ 88.71949190533887, 23.254689096852111 ], [ 88.791051577590238, 23.21828950418416 ], [ 88.812218928610093, 23.256338980330511 ], [ 88.942223978259037, 23.206356934538476 ], [ 88.975546843909271, 23.224567933115644 ], [ 88.995835793096418, 23.215190366491569 ], [ 88.871872779677602, 23.09674772052465 ], [ 88.879738587264526, 23.006290401906806 ], [ 88.847771304697005, 23.005358505696261 ], [ 88.859587933036934, 22.942453946378276 ], [ 88.894056785271985, 22.952482453783624 ], [ 88.909788459482144, 22.879803571438572 ], [ 88.96814025560036, 22.845174218623136 ], [ 88.910979048294649, 22.757860577672741 ], [ 88.96195995087281, 22.685935216279209 ], [ 88.931945780244817, 22.645549126148332 ], [ 88.91043062998223, 22.677431707603287 ], [ 88.90125824623054, 22.679028088564447 ], [ 88.864854137537179, 22.664870425381523 ], [ 88.864113900312447, 22.693649503164174 ], [ 88.847976430452533, 22.709028886163125 ], [ 88.809592516390495, 22.710669864525642 ], [ 88.811590193806339, 22.741442116058437 ], [ 88.809084176026275, 22.751136235761923 ], [ 88.81396684667321, 22.740907033952368 ], [ 88.825743377404478, 22.737634019240751 ], [ 88.829185769825372, 22.737959595143476 ], [ 88.834229014352644, 22.745450823970195 ], [ 88.836480874226908, 22.737018740232752 ], [ 88.839414922354692, 22.734940727699314 ], [ 88.847129190841784, 22.744050704859877 ], [ 88.848618531252356, 22.749887643756068 ], [ 88.839994675506588, 22.735640838008187 ], [ 88.835602414271932, 22.746538886167791 ], [ 88.832275936593703, 22.746307013199324 ], [ 88.826644099338665, 22.738722070479728 ], [ 88.819482775363738, 22.750293446596061 ], [ 88.811434071434007, 22.753544091204208 ], [ 88.806997313566669, 22.75024438765778 ], [ 88.808731889228, 22.70969336416853 ], [ 88.847236186093369, 22.706549637723203 ], [ 88.861581167495459, 22.693743162033694 ], [ 88.85722464127754, 22.677498615231499 ], [ 88.865679056091736, 22.663109063014957 ], [ 88.907813112284174, 22.676838649243777 ], [ 88.932556693002908, 22.618745526095204 ], [ 88.958000260837608, 22.616480250904541 ], [ 88.937608820325693, 22.569931754015716 ], [ 88.896384409741643, 22.56333225364224 ], [ 88.868889633630417, 22.545834781162412 ], [ 88.842812827533635, 22.507874402897411 ], [ 88.852729850922415, 22.432890211750323 ], [ 88.824530489771064, 22.436118518104411 ], [ 88.829680751118374, 22.446753513641788 ], [ 88.811563440483482, 22.481378440756043 ], [ 88.793183013334641, 22.499223747351397 ], [ 88.771667809290861, 22.513381424227187 ], [ 88.782820045840921, 22.52114917833196 ], [ 88.784162204415935, 22.525001842332479 ], [ 88.766388228418805, 22.560835123912341 ], [ 88.782209132705034, 22.522223799221546 ], [ 88.768880882139783, 22.513590946167938 ], [ 88.750420196508543, 22.516966523009998 ], [ 88.738982607159372, 22.514179615380229 ], [ 88.733827934632444, 22.51094669015988 ], [ 88.709976191930963, 22.528850011612359 ], [ 88.690663833949088, 22.524413220859799 ], [ 88.691328195979452, 22.534058298065926 ], [ 88.682343132722565, 22.537442671183584 ], [ 88.682267330731435, 22.543779131085909 ], [ 88.673589933565765, 22.550021881286924 ], [ 88.68087162337099, 22.577382874025229 ], [ 88.678338821951357, 22.593609532696711 ], [ 88.672796157281041, 22.56734094209013 ], [ 88.672225414526906, 22.549442148564719 ], [ 88.691484251176306, 22.522384321752845 ], [ 88.707800113909869, 22.527695093942349 ], [ 88.733573709208613, 22.509992517438466 ], [ 88.777990808991348, 22.506501004187864 ], [ 88.779533669749725, 22.493150484843195 ], [ 88.802520349262167, 22.443422612399093 ], [ 88.818479447077081, 22.430571453230186 ], [ 88.848342080535659, 22.430566960815305 ], [ 88.846108071755154, 22.388330364161881 ], [ 88.861108454652765, 22.36502262833303 ], [ 88.874748860688015, 22.358119921317329 ], [ 88.876287270494018, 22.355310759197121 ], [ 88.87139118115978, 22.358891410445832 ], [ 88.849233892977509, 22.364541086509266 ], [ 88.818885222292167, 22.363609149726805 ], [ 88.802618441483403, 22.328984185749075 ], [ 88.804428854126826, 22.282729977057581 ], [ 88.792710331765207, 22.276188456161705 ], [ 88.790543231804548, 22.259480155113536 ], [ 88.78616439708648, 22.258869286067288 ], [ 88.772087024577885, 22.25127992261482 ], [ 88.743615618762945, 22.229167190186548 ], [ 88.7336138772216, 22.195554524348896 ], [ 88.70195869590566, 22.209440163499711 ], [ 88.665625976768155, 22.217453197967757 ], [ 88.635040963414042, 22.216400848711139 ], [ 88.658067776173709, 22.23936075967088 ], [ 88.684920466429446, 22.294274594704831 ], [ 88.690552321836634, 22.326665485676443 ], [ 88.666120904171365, 22.339039470738573 ], [ 88.679168228767367, 22.293891031737903 ], [ 88.63091188732902, 22.222050477309722 ], [ 88.639343989892126, 22.208120298777956 ], [ 88.67246177253169, 22.201199778418545 ], [ 88.619286997167606, 22.108842804533545 ], [ 88.604629920804001, 22.159774723563654 ], [ 88.572747306875627, 22.189102219605086 ], [ 88.636659654545241, 22.045291749209362 ], [ 88.603399227423822, 22.023558116512525 ], [ 88.606355615739133, 22.047721927220259 ], [ 88.596732842660145, 22.06329760641357 ], [ 88.601660152941534, 22.073611478232372 ], [ 88.596581226312537, 22.067266151980427 ], [ 88.596228999851022, 22.061041275697114 ], [ 88.604919763496483, 22.048328394627642 ], [ 88.599907747326185, 22.023598246316507 ], [ 88.614439940105882, 22.019718773154175 ], [ 88.606667690257808, 21.913057073670405 ], [ 88.578330121647738, 21.889446157788765 ], [ 88.586387727237948, 21.928053045010319 ], [ 88.550277959935684, 21.921391192318133 ], [ 88.551392707651004, 21.934723844356402 ], [ 88.543611580518771, 21.969999818926304 ], [ 88.567779930281631, 21.958892221258782 ], [ 88.546246924563434, 21.97349127761127 ], [ 88.542635013186782, 21.970633025438868 ], [ 88.540887035335814, 21.960212065819558 ], [ 88.548668217206398, 21.922278479902293 ], [ 88.570540056881114, 21.903608222503763 ], [ 88.562393330847158, 21.898881612692236 ], [ 88.545042938928816, 21.90603842237331 ], [ 88.540557068446233, 21.903871326260475 ], [ 88.528053773142688, 21.853055434565231 ], [ 88.494262668707862, 21.879092094898301 ], [ 88.521775364050995, 21.913743822286271 ], [ 88.525534343818805, 21.929439832891156 ], [ 88.521721858043776, 21.942678861151713 ], [ 88.493696391973515, 21.967052381329815 ], [ 88.519117695005946, 21.988242025887224 ], [ 88.537025458784299, 21.978806498249419 ], [ 88.543321762394356, 21.981994808549821 ], [ 88.549979189317938, 21.996205975896537 ], [ 88.556632110610977, 22.02317904209842 ], [ 88.554621070809404, 22.035709109999896 ], [ 88.541422147238507, 21.981709369637322 ], [ 88.517570399359926, 21.988728068186713 ], [ 88.491569390230822, 21.966891814195389 ], [ 88.520660580216074, 21.91539813918758 ], [ 88.502222169846263, 21.914720369714843 ], [ 88.483239825687875, 21.909957992245637 ], [ 88.477273545963854, 21.904379637951148 ], [ 88.47355908698772, 21.895341091396666 ], [ 88.470205853043353, 21.958901149993046 ], [ 88.463682170279355, 21.963520699674273 ], [ 88.445930518682218, 21.965959831030251 ], [ 88.460890816948435, 22.011580895949649 ], [ 88.44162745242383, 21.991060173510764 ], [ 88.44532855895153, 21.964153894103166 ], [ 88.468926053337853, 21.957969184365233 ], [ 88.458482879382871, 21.918840582883291 ], [ 88.419724380773943, 21.906551232916161 ], [ 88.409196431444514, 21.885557816392271 ], [ 88.385041443259539, 21.89790952795245 ], [ 88.386214243899673, 21.903951648391974 ], [ 88.404335997438778, 21.913552085494121 ], [ 88.407698148389116, 21.921520496223277 ], [ 88.398467848015216, 21.953536850760823 ], [ 88.373884806427611, 21.96527760330908 ], [ 88.393888301127873, 21.971391017182505 ], [ 88.375815623063716, 21.969718912344366 ], [ 88.372778915333171, 21.966659961384575 ], [ 88.374442221681406, 21.962816158970242 ], [ 88.39805758794067, 21.952221361604476 ], [ 88.406364907921798, 21.919785872307916 ], [ 88.385750487643563, 21.906649383655004 ], [ 88.382798514864888, 21.900683108318173 ], [ 88.390668833768515, 21.798979875694062 ], [ 88.354880102331308, 21.822800430034864 ], [ 88.370558308929532, 21.896531649493447 ], [ 88.365225247240744, 21.912138557500562 ], [ 88.356454157592836, 21.92431182411169 ], [ 88.349984058319762, 21.927388678289088 ], [ 88.35318122005765, 21.856925907021015 ], [ 88.309798620665859, 21.877683033326054 ], [ 88.261979179628611, 21.858691702928457 ], [ 88.270094759361925, 21.884991485606736 ], [ 88.254898165553044, 21.871342237210445 ], [ 88.258902414238818, 21.858807649266588 ], [ 88.313829631235095, 21.84660759487009 ], [ 88.30560257238669, 21.830318432830715 ], [ 88.277091065506696, 21.821913073880363 ], [ 88.263397204398188, 21.813793040769486 ], [ 88.258973770808495, 21.80762162585917 ], [ 88.258362892417566, 21.800768039779122 ], [ 88.263624615667027, 21.788001587881201 ], [ 88.281938124812456, 21.761099859095491 ], [ 88.25166085972792, 21.801945186844062 ], [ 88.282736354562203, 21.757581645035142 ], [ 88.265684701257356, 21.730028850128058 ], [ 88.263129625269727, 21.731816917302886 ], [ 88.271089178543164, 21.74348192896268 ], [ 88.274116909945107, 21.752239618064962 ], [ 88.272779178794167, 21.755748909382451 ], [ 88.2172232282972, 21.764444185366376 ], [ 88.163330544014627, 21.879444383505604 ], [ 88.177207258084266, 21.926108908384439 ], [ 88.153663200739516, 21.959173119382282 ], [ 88.223893990318743, 22.075274733373117 ], [ 88.20305667106949, 22.166940508816591 ], [ 88.069725060921058, 22.211946216106973 ], [ 88.105000984988592, 22.304699944923023 ], [ 88.049155201796538, 22.219999322969635 ], [ 87.984863905914324, 22.245701563807231 ], [ 87.946386322552925, 22.406108805458928 ], [ 87.883767154703705, 22.441589873291303 ], [ 87.942221515118348, 22.366387115223834 ], [ 87.940000863477323, 22.260278369427539 ], [ 88.008613113793899, 22.201387038143345 ], [ 88.135559258261054, 22.184723346783702 ], [ 88.18889006195856, 22.099166566765174 ], [ 88.062233763174603, 22.013061368514869 ], [ 87.991944939238365, 22.102501991750586 ], [ 87.959451516693264, 22.099688317478094 ], [ 88.051942169634316, 22.006947909857221 ], [ 87.975281274448136, 21.850281882563017 ], [ 87.809518680258165, 21.705967534244696 ], [ 87.46138774594985, 21.605000101913156 ], [ 87.387776931694347, 21.54749997891501 ], [ 87.200895943877811, 21.548489897212519 ], [ 87.106947178413847, 21.517735453442842 ], [ 86.910844801656069, 21.340281107198823 ], [ 86.818612796256673, 21.178058972734092 ], [ 86.970275713171176, 20.823328593817056 ], [ 86.957495966081623, 20.784717261279884 ], [ 86.881388035030795, 20.797501457643797 ], [ 86.827767355964724, 20.771669942507053 ], [ 86.755699327034748, 20.613345083101215 ], [ 86.773611528498492, 20.645281105114076 ], [ 86.815870459405787, 20.636398665159504 ], [ 86.820556924612902, 20.639582420601393 ], [ 86.822982685706066, 20.646511880368795 ], [ 86.814086819297742, 20.663657064449968 ], [ 86.804731579211278, 20.669168594454785 ], [ 86.796509038896403, 20.665570057428202 ], [ 86.802238997235818, 20.675210658839905 ], [ 86.828538711632447, 20.672272079877814 ], [ 86.839303015288394, 20.653419027744128 ], [ 86.844658390484213, 20.650761346321126 ], [ 86.933938555023772, 20.710709566074328 ], [ 87.000000135974545, 20.69528108098794 ], [ 87.045188664325963, 20.70948329016159 ], [ 86.784447174791453, 20.535828051533805 ], [ 86.733885386550497, 20.479166278591734 ], [ 86.729430753091833, 20.404882055448603 ], [ 86.77971605768613, 20.391669732459821 ], [ 86.780830831979088, 20.345834716072805 ], [ 86.680001598654968, 20.263332347109568 ], [ 86.671110182457255, 20.282221168636685 ], [ 86.679734068987969, 20.258052810955931 ], [ 86.45999852613312, 20.162222239257808 ], [ 86.491114106392672, 20.157772127675688 ], [ 86.462219152979671, 20.114719426200438 ], [ 86.462776551482747, 20.108610518308417 ], [ 86.471391476173082, 20.09749839407257 ], [ 86.463891329837026, 20.114719496185327 ], [ 86.503884951857231, 20.164438438924666 ], [ 86.558892449787592, 20.200561643719311 ], [ 86.520553086419881, 20.169165059939147 ], [ 86.483885900244545, 20.110273776369318 ], [ 86.436784430131652, 20.060969499217343 ], [ 86.411764428706306, 20.05553831859698 ], [ 86.388893682890696, 19.97722751407445 ], [ 86.342215839905435, 19.986391002182806 ], [ 86.327398239224209, 20.030669877742795 ], [ 86.290467976542701, 20.06098284077061 ], [ 86.287226163750844, 20.049723621489228 ], [ 86.269157916312565, 20.062779844767444 ], [ 86.247856802447643, 20.053188361671769 ], [ 86.23665551552682, 20.02695098043252 ], [ 86.29494487431198, 20.024418224309915 ], [ 86.302668059547699, 19.983541661295884 ], [ 86.341025254333644, 19.972380529741585 ], [ 86.317499028703097, 19.949166447198316 ], [ 86.364225893823516, 19.95372806467461 ], [ 86.22778189971875, 19.903607818173946 ], [ 86.221106597385855, 19.910831559124464 ], [ 86.226569006526276, 19.918550257181366 ], [ 86.222529051211367, 19.925622342318512 ], [ 86.208045924346663, 19.904718143243066 ], [ 86.227964715042845, 19.900878836048737 ], [ 86.095145898524024, 19.859913043427426 ], [ 85.905000920309661, 19.832222021001012 ], [ 85.38556028549624, 19.606109939404217 ], [ 84.905694113771915, 19.269581555000631 ], [ 84.782373238391145, 19.11320087315498 ], [ 84.725417107446702, 19.09653281601279 ], [ 84.750419317929399, 19.136530912235173 ], [ 84.72263905668666, 19.139861854892565 ], [ 84.702920969523035, 19.119862850589122 ], [ 84.730215140039306, 19.089304601079299 ], [ 84.783193684292158, 19.110971391166935 ], [ 84.764581425975138, 19.074861563302768 ], [ 84.356248151310567, 18.55680317645178 ], [ 84.125685878859016, 18.351528503106199 ], [ 84.124579998805316, 18.309305261413403 ], [ 83.572641420228948, 18.018192856135645 ], [ 83.529588745803409, 17.949308620287752 ], [ 83.45736025825029, 17.920694585764775 ], [ 83.344308689367367, 17.724859804644854 ], [ 83.306526688642478, 17.688188140758204 ], [ 83.2634740834295, 17.710974135527753 ], [ 83.295419103832458, 17.675136326050858 ], [ 83.213469703210777, 17.590970847921355 ], [ 82.607633967971239, 17.296251002916311 ], [ 82.368461117056469, 17.118747547712214 ], [ 82.249033013224107, 16.93042188530201 ], [ 82.311803770697523, 16.840138500336259 ], [ 82.354307974942316, 16.851527031692235 ], [ 82.359306645117584, 16.944312023545105 ], [ 82.32430264949204, 16.988751411155924 ], [ 82.35791986287434, 16.963753648101402 ], [ 82.365692026717113, 16.90207982736764 ], [ 82.342919418620951, 16.737918069826087 ], [ 82.242638664364264, 16.707640768701147 ], [ 82.256528797480414, 16.642640443236179 ], [ 82.292357645296477, 16.60874678302719 ], [ 82.265977652903132, 16.597639217721376 ], [ 82.259864163907096, 16.586803609040579 ], [ 82.299576941059726, 16.591811125856758 ], [ 82.267912903069472, 16.564026513774888 ], [ 82.309859624293594, 16.56763837850821 ], [ 81.720411073330396, 16.310138633996736 ], [ 81.540967930308, 16.35903266171438 ], [ 81.405420153842016, 16.343746925723959 ], [ 81.382919576296459, 16.361810718669904 ], [ 81.3651366557893, 16.3598575894327 ], [ 81.345703937878213, 16.330690618090998 ], [ 81.379860623034162, 16.359857604884841 ], [ 81.392640370550154, 16.342083665233258 ], [ 81.230971248110663, 16.235141063852947 ], [ 81.1456909436328, 15.973748485577564 ], [ 81.00430177851203, 15.840421423035933 ], [ 81.006245909626074, 15.757914678637622 ], [ 80.94291771760841, 15.719579767060321 ], [ 80.822085032184461, 15.712917838745469 ], [ 80.797082852471647, 15.74430997565439 ], [ 80.780691170459548, 15.780419770964567 ], [ 80.813470014018534, 15.73958332883937 ], [ 80.805421353611393, 15.842642031589659 ], [ 80.686813772686747, 15.88264016056082 ], [ 80.430968323776227, 15.805698349000085 ], [ 80.270418409047537, 15.673196217062811 ], [ 80.200691448889117, 15.465415438068991 ], [ 80.079863206539883, 15.31597311356165 ], [ 80.088469290615976, 15.219308798632657 ], [ 80.078195472253157, 15.189027022324307 ], [ 80.045965153185719, 15.209307006037644 ], [ 80.0812544664428, 15.18597251875652 ], [ 80.047918245795941, 15.077348816742855 ], [ 80.088754659353953, 14.811532876279541 ], [ 80.081802917246975, 14.809860719735356 ], [ 80.068193760862968, 14.819581519962519 ], [ 80.059302321451355, 14.81986246030171 ], [ 80.081802917246975, 14.807640105551368 ], [ 80.093200340198393, 14.81014160179447 ], [ 80.19902819064724, 14.587084029993065 ], [ 80.122086431131848, 14.114584322613846 ], [ 80.244858860316853, 13.819583587673797 ], [ 80.23735863948356, 13.634031423778135 ], [ 80.314857848790666, 13.433469993168691 ], [ 80.147088596942055, 13.72431041133288 ], [ 80.138473640996878, 13.612917574751535 ], [ 80.106796175830567, 13.709309952110695 ], [ 80.103469728159155, 13.654311408682336 ], [ 80.050954862085618, 13.589030161380867 ], [ 80.119027524045023, 13.505970524120805 ], [ 80.262093302345775, 13.472919692543588 ], [ 80.268469790755077, 13.417363687415953 ], [ 80.316253525757361, 13.428471318577115 ], [ 80.329867176841532, 13.38708195814722 ], [ 80.324302232334801, 13.370694783380092 ], [ 80.329033291567043, 13.366529969075176 ], [ 80.330696549191259, 13.39291894431371 ], [ 80.319312492045029, 13.423749168716054 ], [ 80.325688998007138, 13.443748266528406 ], [ 80.346526406410206, 13.291527899969799 ], [ 80.306251797251775, 13.215139010836353 ], [ 80.333746576886611, 13.235138070486835 ], [ 80.266806582782948, 13.013195230568504 ], [ 80.247917772527842, 12.80515140115555 ], [ 80.232640914741836, 12.846250987379431 ], [ 80.254026759053971, 12.779029994233746 ], [ 80.185419053037691, 12.577639222608926 ], [ 80.181526218205676, 12.609860677604486 ], [ 80.164858125581574, 12.603747212708191 ], [ 80.184585193157119, 12.574584688094404 ], [ 80.155984510892324, 12.466808201643897 ], [ 80.050696229416019, 12.325971987315553 ], [ 80.064024483208769, 12.349859378397699 ], [ 80.058196433418459, 12.367361358590784 ], [ 80.017083527692165, 12.3404195046664 ], [ 80.063186204081873, 12.351250629360019 ], [ 80.009306846492436, 12.256525983443304 ], [ 79.944578551733983, 12.22013966148233 ], [ 80.007081750505307, 12.254581760855169 ], [ 79.884866711681411, 12.064860440344196 ], [ 79.823754701516151, 11.881809859908101 ], [ 79.790694921841506, 11.878750931711778 ], [ 79.819861967543957, 11.869306518439831 ], [ 79.757082271228768, 11.563751112856453 ], [ 79.8106940316531, 11.370970795735657 ], [ 79.837907946965956, 11.356813118897085 ], [ 79.846540742238744, 11.244029077609838 ], [ 79.804580578232077, 11.236252398310887 ], [ 79.847642133086126, 11.242918761744441 ], [ 79.855699748946307, 11.182083276019831 ], [ 79.852078925490801, 10.827629312217022 ], [ 79.823754701516151, 10.817921867297349 ], [ 79.851526037305049, 10.825975004860814 ], [ 79.884032859523231, 10.305968002636055 ], [ 79.835691744431671, 10.275414216218383 ], [ 79.742920158561816, 10.275137801801884 ], [ 79.786797742604634, 10.284029209638289 ], [ 79.711808965015294, 10.324861197150724 ], [ 79.636525991214668, 10.318190419972874 ], [ 79.630140581391458, 10.363196117568192 ], [ 79.613472421636018, 10.317361021074579 ], [ 79.551245668375302, 10.312357919729134 ], [ 79.739027391201333, 10.277358397775107 ], [ 79.523193449853238, 10.307921115796132 ], [ 79.586526113114758, 10.327920155711809 ], [ 79.587083470656921, 10.343473489090877 ], [ 79.538193925574021, 10.347080900444707 ], [ 79.525695044364824, 10.318471310238774 ], [ 79.455972529909545, 10.342082233013299 ], [ 79.518194859081234, 10.31514039415625 ], [ 79.385697074792262, 10.316808067607278 ], [ 79.279802415547621, 10.245725508842794 ], [ 79.229026627417298, 10.144312186726255 ], [ 79.267365983641113, 10.037918063993443 ], [ 78.981528624453176, 9.690420286238739 ], [ 78.898179151293547, 9.489033907015957 ], [ 79.034302118698591, 9.318468888878456 ], [ 79.190696174483634, 9.281810573582192 ], [ 78.834859907459659, 9.245143435256921 ], [ 78.832643699515685, 9.268758823743855 ], [ 78.832358374658952, 9.243194733343955 ], [ 78.718472939840552, 9.190140413164237 ], [ 78.657913829511855, 9.192360983257931 ], [ 78.657356454261375, 9.15764246503459 ], [ 78.578185150959257, 9.131248997959821 ], [ 78.484017845602295, 9.12791808981563 ], [ 78.488748969255766, 9.150137789373357 ], [ 78.26096915620451, 9.018750406473746 ], [ 78.168745977477499, 8.882083383801639 ], [ 78.157361946116339, 8.771528900310367 ], [ 78.19847039111302, 8.789030875697183 ], [ 78.230134410244744, 8.748751808500273 ], [ 78.170694641738805, 8.745139974721809 ], [ 78.104856019707924, 8.651530001656806 ], [ 78.096526439235447, 8.581250157540603 ], [ 78.114862263708019, 8.579858911019686 ], [ 78.135971638448311, 8.59208133075256 ], [ 78.101806000525087, 8.592362184316155 ], [ 78.127356670970272, 8.638473798990722 ], [ 78.138749671755946, 8.588750324540575 ], [ 78.130415614431939, 8.497080121045709 ], [ 78.065406335329854, 8.420419316848946 ], [ 78.066802071913685, 8.370414883939658 ], [ 77.804031671639805, 8.248195408417326 ], [ 77.746246153274669, 8.177081692176735 ], [ 77.575689992677994, 8.135696776853468 ], [ 77.550973240414223, 8.076524524272516 ], [ 77.315969721411335, 8.120972824023351 ], [ 76.984863614147145, 8.376251893054175 ], [ 76.63180537458544, 8.836252728785334 ], [ 76.54624860693869, 8.90235894900421 ], [ 76.463478767582544, 9.134031529790199 ], [ 76.483749777739149, 9.126803302695008 ], [ 76.490416165124259, 9.170141336525663 ], [ 76.470702526028674, 9.142361095819815 ], [ 76.422637808972866, 9.245691838386309 ], [ 76.461249155542248, 9.139583123239731 ], [ 76.337914921900463, 9.415971555717096 ], [ 76.243185740215466, 9.969029378559934 ], [ 76.267639524871456, 9.932081261000263 ], [ 76.29541964524347, 9.917919204434797 ], [ 76.296525565546673, 9.892917027422337 ], [ 76.292084243595738, 9.908474782618837 ], [ 76.266524703278122, 9.912363164417741 ], [ 76.265418887949792, 9.896805314776023 ], [ 76.257361212552951, 9.915698567898493 ], [ 76.269579237491087, 9.866251554391077 ], [ 76.275697111402692, 9.894031818984313 ], [ 76.287634113084664, 9.89847305680288 ], [ 76.284584057019487, 9.832638898747128 ], [ 76.295691729883515, 9.889862509034851 ], [ 76.319311575585772, 9.876248846485836 ], [ 76.316801115903928, 9.844861296194292 ], [ 76.321808646896599, 9.807641190591644 ], [ 76.347640234138808, 9.711806161585711 ], [ 76.320136516379108, 9.870692843632481 ], [ 76.349031474664358, 9.827921177241024 ], [ 76.370698221604613, 9.820144504894976 ], [ 76.359581724658739, 9.798749722738561 ], [ 76.360696472509531, 9.700417573879328 ], [ 76.398750435589861, 9.674305148081954 ], [ 76.357633079361477, 9.524581909659686 ], [ 76.382363247258482, 9.506526999120609 ], [ 76.502081188045651, 9.530695285581549 ], [ 76.417924566222936, 9.559581402823612 ], [ 76.414580247850026, 9.694308626446533 ], [ 76.382920658537969, 9.702638266796239 ], [ 76.367920244998899, 9.790139149559858 ], [ 76.395143020513956, 9.818195830841105 ], [ 76.354025686739547, 9.910695429674272 ], [ 76.31874974353093, 9.888761137488236 ], [ 76.32152769227406, 9.892364036096232 ], [ 76.317086498204645, 9.894303767295954 ], [ 76.318192326740487, 9.902084935607888 ], [ 76.313189165573931, 9.908751238076729 ], [ 76.314308456570913, 9.913196996061815 ], [ 76.304030205022499, 9.93430635107226 ], [ 76.311530445216718, 9.948472966780981 ], [ 76.300141856412878, 9.936807902645263 ], [ 76.303472814873587, 9.925695860371997 ], [ 76.249580092767076, 10.029860471794004 ], [ 76.240416680778935, 10.070973355049745 ], [ 76.257080298885455, 10.045971167832615 ], [ 76.264580526938843, 10.079311856899563 ], [ 76.252639079825286, 10.083748725604583 ], [ 76.252081651928336, 10.093193070730779 ], [ 76.236809294706092, 10.114034877032347 ], [ 76.230414952665768, 10.114026021153787 ], [ 76.231248753149174, 10.121530679578452 ], [ 76.227355989605499, 10.122641008639921 ], [ 76.228470783215201, 10.124861571341237 ], [ 76.225692755883315, 10.127082210811484 ], [ 76.239301897881717, 10.075138199807929 ], [ 76.205698126870828, 10.147081295399062 ], [ 76.245415320627657, 9.97236037002093 ], [ 76.224029501593776, 9.977078093101776 ], [ 76.165971975901996, 10.174861530301662 ], [ 76.202639132908757, 10.139028169529164 ], [ 76.191527114180744, 10.194312119109982 ], [ 76.159858579334042, 10.188470722986908 ], [ 76.099303934332923, 10.380693601475402 ], [ 76.034027198142596, 10.525694696614506 ], [ 76.067639897532317, 10.544583450445334 ], [ 76.04152734902253, 10.575422537219664 ], [ 76.048184826782148, 10.535143517418108 ], [ 76.031806548358603, 10.537083174917484 ], [ 76.036247812226534, 10.51014130268419 ], [ 75.910139941241141, 10.792362259453474 ], [ 75.825140588866816, 11.122915425075142 ], [ 75.858476853539173, 11.138473203725491 ], [ 75.824859680616669, 11.125416960373785 ], [ 75.80180611393088, 11.158195845276301 ], [ 75.829024478723539, 11.180696508717283 ], [ 75.802087067621244, 11.162637111701482 ], [ 75.682641066196837, 11.448193486230167 ], [ 75.617364361446334, 11.477084008569321 ], [ 75.542357755634598, 11.681810234159629 ], [ 75.47207786901005, 11.763759636718989 ], [ 75.49346815375236, 11.756250507077301 ], [ 75.507639259855708, 11.761249172588517 ], [ 75.474860393017252, 11.766528722985715 ], [ 75.500139037533671, 11.798192794723695 ], [ 75.474303003511523, 11.803472345477882 ], [ 75.459859928669928, 11.765418424160176 ], [ 75.453474474246363, 11.771250859951694 ], [ 75.46041737185837, 11.776811421573051 ], [ 75.463471849994065, 11.78514100804667 ], [ 75.463471849994065, 11.7990310769554 ], [ 75.46013638377093, 11.807360685275608 ], [ 75.454022962652346, 11.778470199349908 ], [ 75.318189862194203, 11.905416342346275 ], [ 75.303193924071493, 11.947086632329373 ], [ 75.356529197263328, 11.928469923152353 ], [ 75.372087015660199, 11.939581932755393 ], [ 75.385138814980678, 11.916528400704189 ], [ 75.400139242793557, 11.917072405732981 ], [ 75.373750260058671, 11.957360389650391 ], [ 75.35708657650531, 11.931252366398011 ], [ 75.307907162140921, 11.952361738243608 ], [ 75.279029994439739, 12.002085178676413 ], [ 75.265420878013998, 12.007079367823923 ], [ 75.333190295294798, 12.01014276356641 ], [ 75.299309985586433, 12.015689892082774 ], [ 75.316245647939354, 12.04624808574528 ], [ 75.327362241994436, 12.035969920917374 ], [ 75.332084435075785, 12.038471473811732 ], [ 75.334585998700632, 12.046529038443863 ], [ 75.339027200934552, 12.048473225754654 ], [ 75.307358679928711, 12.048192288410799 ], [ 75.295965663977398, 12.017643009651481 ], [ 75.264578078757907, 12.019310687208662 ], [ 75.263472259356135, 12.002919072169911 ], [ 75.302088025578072, 11.948468939650066 ], [ 75.232361089832153, 12.023471009971878 ], [ 75.200692517257053, 12.00680294447465 ], [ 75.17874927278983, 12.080694714167619 ], [ 75.189308491404219, 12.089581703931536 ], [ 75.195136492426144, 12.070140016686791 ], [ 75.215140052314212, 12.066804586179023 ], [ 75.22013864955197, 12.070139982089099 ], [ 75.189027540080502, 12.09124939652658 ], [ 75.172635851679857, 12.085702230144125 ], [ 75.177086063971529, 12.09903050026384 ], [ 75.180136127519475, 12.094870183598182 ], [ 75.185964113853501, 12.093469999537767 ], [ 75.191248154893671, 12.097081843790656 ], [ 75.192915843766073, 12.100680377961092 ], [ 75.192090906341093, 12.132643181721466 ], [ 75.181808209344439, 12.095142153947686 ], [ 75.129025833794486, 12.212082068240731 ], [ 75.117637330209291, 12.206249599493038 ], [ 75.056806227454587, 12.362362699892891 ], [ 75.062638760035782, 12.340972429729151 ], [ 74.973474575453196, 12.498748801012194 ], [ 74.820968860116238, 12.852359987191161 ], [ 74.78958122148984, 13.098752038574444 ], [ 74.773483878028358, 13.083189793794178 ], [ 74.690406434120234, 13.348470640750943 ], [ 74.729026632707431, 13.277080411250877 ], [ 74.606798278736974, 13.866529015595461 ], [ 74.61458380412752, 13.851247646184454 ], [ 74.626525344395432, 13.847916646250285 ], [ 74.633187171326327, 13.849031430634174 ], [ 74.501527785447493, 14.022642135537597 ], [ 74.35376211552682, 14.502922986065931 ], [ 74.392904066256861, 14.529031004131522 ], [ 74.377640554856953, 14.572360101944325 ], [ 74.354310541831268, 14.542916614938989 ], [ 74.335417330263937, 14.564859841152431 ], [ 74.355973799031446, 14.522079235410356 ], [ 74.309594712891624, 14.520692463594779 ], [ 74.24957962750257, 14.739585315308849 ], [ 74.204863767370668, 14.717914045668985 ], [ 74.095415150729863, 14.798753112084084 ], [ 74.130980984351169, 14.84625147140463 ], [ 74.042922658683139, 14.918471083457886 ], [ 74.050141896112621, 14.988193580773425 ], [ 73.911802735568742, 15.084028511640923 ], [ 73.948469952427203, 15.145974381185381 ], [ 73.894858198000534, 15.331811875020332 ], [ 73.782640413247861, 15.410416881380099 ], [ 73.89679791567562, 15.414858182915264 ], [ 73.787634660256089, 15.461527084048852 ], [ 73.805421984612536, 15.494858922539326 ], [ 73.764581106750654, 15.494582414303885 ], [ 73.73124486199643, 15.590417413459951 ], [ 73.754860222981492, 15.61735933840974 ], [ 73.648483918306241, 15.745687816005715 ], [ 73.674574153006262, 15.753192460354736 ], [ 73.66236068798051, 15.804583602210121 ], [ 73.590417511844294, 15.912360071890614 ], [ 73.509854943203734, 15.93736224502843 ], [ 73.454865263969822, 16.05514044819418 ], [ 73.447365114065562, 16.224581838630407 ], [ 73.429863110015972, 16.199031205123536 ], [ 73.410974349273673, 16.273471427757276 ], [ 73.414862681189163, 16.283192314785317 ], [ 73.433470555823732, 16.283749723660986 ], [ 73.43570005802232, 16.286527681323157 ], [ 73.416806865712559, 16.292360224027625 ], [ 73.410421475440714, 16.277921630768457 ], [ 73.385405866503518, 16.336532049020924 ], [ 73.41124637922411, 16.362082722073595 ], [ 73.367921755563657, 16.363469484344794 ], [ 73.405418298292844, 16.404863339526859 ], [ 73.365415686569094, 16.39763960242048 ], [ 73.310140726871708, 16.53902872654729 ], [ 73.334861934054217, 16.56152936501778 ], [ 73.349028563784756, 16.504301271536256 ], [ 73.39013700232195, 16.509861803639119 ], [ 73.345702073849424, 16.55652625494228 ], [ 73.373464380757042, 16.550140877234728 ], [ 73.392915017961343, 16.55458210577623 ], [ 73.316802565743544, 16.600970096045501 ], [ 73.352640419434763, 16.596528878882978 ], [ 73.305418559276433, 16.729303095275153 ], [ 73.333189771341978, 16.816531980998203 ], [ 73.295416794579992, 16.816790634942812 ], [ 73.285695940237105, 16.880702956372186 ], [ 73.313467218198383, 16.889028059929785 ], [ 73.277085405290833, 16.892082546606112 ], [ 73.294302000266725, 16.985968961462397 ], [ 73.254303883942782, 17.027362725903881 ], [ 73.265977767044319, 17.047638311089841 ], [ 73.289307760462435, 17.006819644866638 ], [ 73.284309178472029, 17.04013811266341 ], [ 73.313752595588682, 17.033195293715387 ], [ 73.319861579931782, 17.038193940071782 ], [ 73.290137172373974, 17.047638307803243 ], [ 73.278472212421391, 17.040419014676036 ], [ 73.298194758269261, 17.078472997590218 ], [ 73.189307987944858, 17.297918693660783 ], [ 73.227638426930028, 17.281531486126479 ], [ 73.244025589375127, 17.307363106108149 ], [ 73.167083792367848, 17.405137794594097 ], [ 73.205695165737367, 17.439031404246208 ], [ 73.137082970860945, 17.555971388893958 ], [ 73.168470651750312, 17.58236031296212 ], [ 73.127081247270823, 17.637082410406389 ], [ 73.13513884591336, 17.716249254945545 ], [ 73.087355104203439, 17.838749703242083 ], [ 73.134032977887145, 17.824583118190159 ], [ 73.050139474204798, 17.9068089892763 ], [ 73.092362651565722, 17.940693698756863 ], [ 73.029600797772503, 17.944310035882104 ], [ 73.038193532272871, 17.984308096535774 ], [ 73.002083742173667, 18.021251787359706 ], [ 73.023469551069198, 18.023748874405747 ], [ 73.045417269592491, 18.041531751646673 ], [ 72.989861361644614, 18.055140994876425 ], [ 72.987640664117961, 18.195138849969272 ], [ 72.930969959622999, 18.220417516134095 ], [ 72.935415731086991, 18.281529561557544 ], [ 72.963195932421229, 18.280700163293517 ], [ 72.981527240887146, 18.242079856347576 ], [ 73.066254649465378, 18.225139687394908 ], [ 73.05596747145735, 18.186251894503926 ], [ 73.087083127970232, 18.150418543480871 ], [ 73.059583865383516, 18.190693153977382 ], [ 73.080688712104063, 18.230142872371264 ], [ 73.042924620962594, 18.297078414489338 ], [ 73.08624927565576, 18.28791490983571 ], [ 73.087908061514838, 18.326811734771315 ], [ 73.040137665296299, 18.301532999419205 ], [ 73.054580741320535, 18.2704219238421 ], [ 73.027915290753498, 18.264304016343559 ], [ 72.917356370197098, 18.348469502302773 ], [ 72.895417574961016, 18.472642097419286 ], [ 72.904585428730641, 18.539305650732359 ], [ 72.928468438888245, 18.541811726004713 ], [ 72.855142952668331, 18.696810095255028 ], [ 72.869309477579435, 18.804582028860413 ], [ 72.916250461239258, 18.792359697379439 ], [ 72.940695252898919, 18.827920986706374 ], [ 72.970415222301312, 18.789858117523703 ], [ 72.982642035930184, 18.809580760453652 ], [ 72.988746510677529, 18.865974974660613 ], [ 72.926528701389572, 18.850970075862211 ], [ 72.907911954086984, 18.902084791026699 ], [ 72.957639827932866, 18.908470204209031 ], [ 72.955695642664281, 18.974027950146969 ], [ 73.032347613928195, 18.999311015508894 ], [ 72.963195932421215, 19.058469885729281 ], [ 72.909303242570189, 18.991248987502569 ], [ 72.862076859530006, 19.002918446890021 ], [ 72.844864731500635, 18.924861849084635 ], [ 72.807640121338977, 18.890968246362238 ], [ 72.823469956022024, 18.941530006116995 ], [ 72.791814765402677, 18.950702323924531 ], [ 72.838193941189701, 19.039282407943432 ], [ 72.81596972883716, 19.042359196408611 ], [ 72.803466465385839, 19.141534078889613 ], [ 72.829583352687209, 19.165969951312803 ], [ 72.829864279636297, 19.18236153933805 ], [ 72.793473621320004, 19.129860134349517 ], [ 72.780136453536798, 19.166250824590065 ], [ 72.79458838569164, 19.172078879360825 ], [ 72.796804554360023, 19.199029687091031 ], [ 72.839585180496684, 19.2506928154999 ], [ 72.83957625538649, 19.267360961451157 ], [ 72.782366007726424, 19.193197169831063 ], [ 72.799025211435278, 19.331250974767418 ], [ 72.757635812701793, 19.375971316181353 ], [ 72.744584051012581, 19.462919276835187 ], [ 72.780136453536798, 19.491252459339002 ], [ 72.78624542907302, 19.525971000899158 ], [ 72.76486403012396, 19.504304217790907 ], [ 72.71819507806579, 19.538750742608343 ], [ 72.712638974339512, 19.59596990679454 ], [ 72.737922087569942, 19.597918575258966 ], [ 72.693745822663985, 19.729314868688547 ], [ 72.708746227941148, 19.72625153801329 ], [ 72.719305400102456, 19.755142028925732 ], [ 72.693464831653699, 19.735691389646853 ], [ 72.695685509041226, 19.804860983467069 ], [ 72.650697606784249, 19.83957954748411 ], [ 72.681251387944286, 19.865139110699484 ], [ 72.664306819614907, 19.932921881235494 ], [ 72.690138379439475, 19.95819608956673 ], [ 72.719858304366056, 19.9687508309975 ], [ 72.734305809757828, 19.942638317355943 ], [ 72.754028388821851, 19.939030922601866 ], [ 72.754857809661729, 19.927361438428793 ], [ 72.755415144279496, 19.939030851563185 ], [ 72.75374746551087, 19.942638316893063 ], [ 72.716246455504816, 19.97236265682449 ], [ 72.707640369192077, 20.070141854564298 ], [ 72.738198609448517, 20.114585733993746 ], [ 72.74041916100542, 20.242918644239452 ], [ 72.821534694386671, 20.371082066644277 ], [ 72.897361710509827, 20.588472159226459 ], [ 72.85098263961207, 20.741526424557531 ], [ 72.870138959007676, 20.732630488637945 ], [ 72.889861514840348, 20.739029255207345 ], [ 72.889580567295852, 20.748197178390029 ], [ 72.834586526674826, 20.781805485532296 ], [ 72.79374557271548, 20.945142296531223 ], [ 72.77124941737641, 20.916242911581957 ], [ 72.724304043201585, 21.034025571799624 ], [ 72.770415542478148, 21.066804431609832 ], [ 72.704309413844797, 21.074857529322124 ], [ 72.720696587881747, 21.143193265376979 ], [ 72.681251387944286, 21.158470196864727 ], [ 72.652641773088163, 21.078193007407098 ], [ 72.627082232520792, 21.075967878950237 ], [ 72.618467254274236, 21.222641100830455 ], [ 72.646804808742814, 21.217361512891497 ], [ 72.652360916903291, 21.220139510137344 ], [ 72.65319915395942, 21.226805891399071 ], [ 72.609580287615799, 21.229860413405277 ], [ 72.587356113958123, 21.275686520355478 ], [ 72.649306394162053, 21.367361224702279 ], [ 72.625419028397658, 21.381532289963925 ], [ 72.696809190679275, 21.46458298798348 ], [ 72.645141552563118, 21.433748318046678 ], [ 72.674027612951789, 21.520419872264675 ], [ 72.736807338726493, 21.5381983124527 ], [ 72.741805992334676, 21.543473385032616 ], [ 72.742363356200997, 21.550139731715387 ], [ 72.683195590651238, 21.54292049212787 ], [ 72.625686560197266, 21.492358718907703 ], [ 72.597357860823678, 21.552360431446278 ], [ 72.629302858908872, 21.617650567574849 ], [ 72.700965064286748, 21.651811728927278 ], [ 72.723198162898711, 21.638751024032931 ], [ 72.787360135990951, 21.645140911710211 ], [ 72.835134935737329, 21.667922419390649 ], [ 72.736249962436233, 21.689584792967278 ], [ 72.54736241504402, 21.658469192749379 ], [ 72.508184775806129, 21.689856796204559 ], [ 72.569863024017494, 21.824307599712494 ], [ 72.517638026361197, 21.857362928871332 ], [ 72.504858278946386, 21.98097366361327 ], [ 72.587356113958123, 22.204860667148441 ], [ 72.647362202391278, 22.217083054926782 ], [ 72.754028388821851, 22.173196546346706 ], [ 72.808745985356609, 22.245973556867913 ], [ 72.877906668315291, 22.223749384926617 ], [ 72.910422432171757, 22.243191077953757 ], [ 72.915969544589132, 22.278195071368145 ], [ 72.889304126129161, 22.244029365058061 ], [ 72.84374992575394, 22.282364301041444 ], [ 72.75208419459679, 22.230968692390718 ], [ 72.63541180542002, 22.284580428413985 ], [ 72.5412534630685, 22.243195557893209 ], [ 72.542640203996072, 22.280973035990321 ], [ 72.485969482182654, 22.197360477444398 ], [ 72.492921271614946, 22.248194200907225 ], [ 72.470697113896151, 22.238749816353032 ], [ 72.435144718022798, 22.301248633765866 ], [ 72.388747709428969, 22.310416489650223 ], [ 72.412363101396664, 22.358472190809231 ], [ 72.393750893490619, 22.382640553090507 ], [ 72.364294001337271, 22.377641867040481 ], [ 72.403748134776649, 22.353750033644808 ], [ 72.372360553502389, 22.318474082659868 ], [ 72.413749883167455, 22.297636727661331 ], [ 72.416527940423876, 22.227361282985889 ], [ 72.399583369802556, 22.19930462850472 ], [ 72.379860779859001, 22.257362128025203 ], [ 72.356245365859138, 22.271247779667018 ], [ 72.362077832199247, 22.205141612973382 ], [ 72.391525752308638, 22.167917043184186 ], [ 72.375967949254317, 22.149862143137046 ], [ 72.359014436760035, 22.172643676112717 ], [ 72.363745583112703, 22.189030868460097 ], [ 72.357641014330682, 22.192919199813833 ], [ 72.343492357706197, 22.124859965683637 ], [ 72.316247253113602, 22.146531176199399 ], [ 72.317642923658838, 22.180696818694269 ], [ 72.29430394984027, 22.202363571829768 ], [ 72.312635369618889, 22.18069676489943 ], [ 72.310419145980887, 22.144582541574415 ], [ 72.323751903056987, 22.130135061699953 ], [ 72.278474131232315, 21.932079588945172 ], [ 72.241530553261242, 22.049581382199126 ], [ 72.297920317838987, 22.063471469982215 ], [ 72.300140977575509, 22.108749220056236 ], [ 72.2654179398765, 22.105418289077782 ], [ 72.278188814766921, 22.080420531623695 ], [ 72.233192007948944, 22.05375506489186 ], [ 72.232634656419307, 22.017640857906038 ], [ 72.172360964898189, 22.041532702679227 ], [ 72.230971360399323, 22.007639051315898 ], [ 72.220969601124239, 21.956252402789584 ], [ 72.190696780840256, 21.942357830268545 ], [ 72.146529377553165, 21.98347524578751 ], [ 72.147086715972819, 21.954861161164938 ], [ 72.190139346082873, 21.937078235541012 ], [ 72.22014022444317, 21.947918314497397 ], [ 72.253195573325556, 21.897361098093331 ], [ 72.264579658631163, 21.74041853194673 ], [ 72.247086585378867, 21.790971362904244 ], [ 72.203195668469235, 21.824860572434176 ], [ 72.192092441602867, 21.828200402584962 ], [ 72.185417193914276, 21.827362093023797 ], [ 72.18291564181213, 21.823750171278533 ], [ 72.241249626876197, 21.787359477678642 ], [ 72.305969029614729, 21.62846833908884 ], [ 72.223199182796975, 21.438747000274859 ], [ 72.109014953470989, 21.282919200655936 ], [ 72.075972990225353, 21.302084397545496 ], [ 72.113746036369619, 21.196528573129577 ], [ 72.007637298598283, 21.132643068904446 ], [ 72.010696222272301, 21.185969402555457 ], [ 71.976807050117841, 21.120969173200645 ], [ 71.819860053566302, 21.072083981362592 ], [ 71.806808279391831, 21.03791392874253 ], [ 71.514862052563004, 20.948196839240055 ], [ 71.439583521226467, 20.86930638750589 ], [ 71.3779052354691, 20.874028573572769 ], [ 71.077638254606242, 20.736532193684432 ], [ 70.960974840589955, 20.740973435715269 ], [ 70.997642014552824, 20.714027108663696 ], [ 70.977081090113046, 20.701528294994382 ] ], [ [ 89.702790585555022, 26.181767885015496 ], [ 89.700614510741602, 26.183462344829604 ], [ 89.702536417664803, 26.177121522985129 ], [ 89.702790585555022, 26.181767885015496 ] ], [ [ 89.131080283737148, 26.295688995770767 ], [ 89.134794739794486, 26.295671141649976 ], [ 89.134504856682042, 26.297963119220999 ], [ 89.131080283737148, 26.295688995770767 ] ], [ [ 89.129180706159687, 26.292313507623057 ], [ 89.131058027836289, 26.29098911082686 ], [ 89.131454850181157, 26.29277722913778 ], [ 89.129180706159687, 26.292313507623057 ] ], [ [ 89.126616714394203, 26.320704589108455 ], [ 89.129577546768047, 26.320766997727137 ], [ 89.12859212973224, 26.321850583203595 ], [ 89.126616714394203, 26.320704589108455 ] ], [ [ 89.11380125124974, 26.299033351999796 ], [ 89.11508992720097, 26.300799180356602 ], [ 89.114091135941223, 26.302832478890071 ], [ 89.11380125124974, 26.299033351999796 ] ], [ [ 89.1090300095467, 26.306582639692056 ], [ 89.109038960376182, 26.304567081811179 ], [ 89.110559481360596, 26.304611691716243 ], [ 89.1090300095467, 26.306582639692056 ] ], [ [ 89.072318260072038, 26.401802285851488 ], [ 89.075247922942751, 26.400905965133578 ], [ 89.075096288314796, 26.405574620478877 ], [ 89.072318260072038, 26.401802285851488 ] ], [ [ 89.047035174072846, 26.286922442163799 ], [ 89.050343848421036, 26.288081771249566 ], [ 89.048118757854951, 26.288567843247062 ], [ 89.047035174072846, 26.286922442163799 ] ], [ [ 89.004259040134585, 26.421377708616628 ], [ 89.00550308571151, 26.419437987977599 ], [ 89.005882084621035, 26.421524813716722 ], [ 89.004259040134585, 26.421377708616628 ] ], [ [ 89.633027944800801, 26.191711733305024 ], [ 89.635088051625786, 26.190463155481005 ], [ 89.634124843218004, 26.194614606776007 ], [ 89.633027944800801, 26.191711733305024 ] ], [ [ 89.606001334772955, 26.121730568558355 ], [ 89.60679058128899, 26.118194512916954 ], [ 89.608730316792986, 26.123179806465661 ], [ 89.606001334772955, 26.121730568558355 ] ], [ [ 89.112374354092267, 26.282333968609631 ], [ 89.11380125124974, 26.277611841010373 ], [ 89.113640736903477, 26.28298062269609 ], [ 89.112374354092267, 26.282333968609631 ] ], [ [ 89.604079434257912, 26.125806148395476 ], [ 89.604195373397729, 26.125832971885224 ], [ 89.60406606493649, 26.125904295178401 ], [ 89.604079434257912, 26.125806148395476 ] ], [ [ 89.585855063685941, 26.183712109393927 ], [ 89.58580156162175, 26.189508941371251 ], [ 89.58344272437327, 26.183943960389712 ], [ 89.585855063685941, 26.183712109393927 ] ], [ [ 89.240091969338081, 26.111510288347965 ], [ 89.240372830685956, 26.111733283880071 ], [ 89.23984672181949, 26.111621793010045 ], [ 89.240091969338081, 26.111510288347965 ] ], [ [ 89.055739330479639, 26.401949431266871 ], [ 89.059257576120828, 26.404254793856495 ], [ 89.0541608089503, 26.407532184191968 ], [ 89.055739330479639, 26.401949431266871 ] ], [ [ 88.939040188142499, 26.350799087106811 ], [ 88.938652244710553, 26.355012866618136 ], [ 88.937813941266327, 26.351846895048872 ], [ 88.939040188142499, 26.350799087106811 ] ], [ [ 89.182792474264218, 26.245091619402618 ], [ 89.180397920181036, 26.239294758848679 ], [ 89.187233764524066, 26.24319649536918 ], [ 89.182792474264218, 26.245091619402618 ] ], [ [ 89.047976059931344, 26.245970035332757 ], [ 89.047998361069574, 26.245791677748024 ], [ 89.04822574453253, 26.245755961472057 ], [ 89.047976059931344, 26.245970035332757 ] ], [ [ 88.962486142734093, 26.34539012940548 ], [ 88.959168575382051, 26.336128569011404 ], [ 88.962829533170137, 26.336382761927393 ], [ 88.962486142734093, 26.34539012940548 ] ], [ [ 89.025595793285376, 26.295818357635376 ], [ 89.023736382715043, 26.301271807841697 ], [ 89.02149789058015, 26.292808461534253 ], [ 89.025595793285376, 26.295818357635376 ] ], [ [ 89.502661666553962, 26.060003234670301 ], [ 89.51441135164724, 26.065577137991831 ], [ 89.498701977910386, 26.069670526579173 ], [ 89.502661666553962, 26.060003234670301 ] ], [ [ 89.159645313315309, 26.250772496914202 ], [ 89.171310275808338, 26.263703915593233 ], [ 89.135802478473423, 26.271239732334099 ], [ 89.159645313315309, 26.250772496914202 ] ], [ [ 88.923660770230796, 26.296054639615196 ], [ 88.983154079394694, 26.294311199954134 ], [ 88.921324149029743, 26.335526603723373 ], [ 88.923660770230796, 26.296054639615196 ] ], [ [ 89.347319924224124, 26.014997507369738 ], [ 89.34911249531001, 26.015002027875394 ], [ 89.349166027417354, 26.016241645822852 ], [ 89.347319924224124, 26.014997507369738 ] ], [ [ 89.033729206326399, 26.268693599837714 ], [ 89.028726098470841, 26.257340733686078 ], [ 89.03284631917866, 26.256301738008425 ], [ 89.033729206326399, 26.268693599837714 ] ], [ [ 89.615722172832506, 26.189598090656684 ], [ 89.618714247604728, 26.186155658548159 ], [ 89.623159940490922, 26.20002790427899 ], [ 89.615722172832506, 26.189598090656684 ] ], [ [ 89.60303603851041, 26.111728785867616 ], [ 89.6015422007235, 26.111898253833253 ], [ 89.602911182812505, 26.110404469425333 ], [ 89.60303603851041, 26.111728785867616 ] ], [ [ 89.572379670370722, 26.063129090893021 ], [ 89.555403893879486, 26.052645727698021 ], [ 89.571456649950164, 26.052311245553522 ], [ 89.572379670370722, 26.063129090893021 ] ], [ [ 89.014604150571614, 26.265741665976105 ], [ 88.999826658167407, 26.261478822487174 ], [ 89.005712684577134, 26.249867329813672 ], [ 89.014604150571614, 26.265741665976105 ] ] ], [ [ [ 71.507080869758838, 20.902914609850885 ], [ 71.516248849776204, 20.914303180438161 ], [ 71.530419822419177, 20.903472045018365 ], [ 71.507080869758838, 20.902914609850885 ] ] ], [ [ [ 69.72458645352792, 21.609031131615563 ], [ 69.740144253797126, 21.592920409234882 ], [ 69.738472082199706, 21.59208649905332 ], [ 69.72458645352792, 21.609031131615563 ] ] ], [ [ [ 69.437362373134974, 22.354303008907117 ], [ 69.452634821909257, 22.358195728516492 ], [ 69.458190830458122, 22.352077872283761 ], [ 69.437362373134974, 22.354303008907117 ] ] ], [ [ [ 69.322638608164567, 22.380139018226245 ], [ 69.339859702609374, 22.38625241714545 ], [ 69.333474287750207, 22.372638807501207 ], [ 69.322638608164567, 22.380139018226245 ] ] ], [ [ [ 69.636528182191029, 22.406527928958546 ], [ 69.595968161574419, 22.42458290156355 ], [ 69.58819590445475, 22.437081687505234 ], [ 69.629304375937636, 22.457914668856979 ], [ 69.657080172086935, 22.428194750263962 ], [ 69.636528182191029, 22.406527928958546 ] ] ], [ [ [ 69.150405876295125, 22.470141507925675 ], [ 69.083764586189588, 22.422081331872146 ], [ 69.093481020113046, 22.461531018230204 ], [ 69.150405876295125, 22.470141507925675 ] ] ], [ [ [ 69.320417988491627, 22.450971832678047 ], [ 69.302086690610224, 22.474029860062743 ], [ 69.327918189788093, 22.463470646826298 ], [ 69.320417988491627, 22.450971832678047 ] ] ], [ [ [ 69.320694440819437, 22.527079767729685 ], [ 69.351248201771384, 22.526540193206792 ], [ 69.36374708389279, 22.512360241110649 ], [ 69.335137529031229, 22.507357183497408 ], [ 69.320694440819437, 22.527079767729685 ] ] ], [ [ [ 69.862359346085185, 22.527079757419415 ], [ 69.920135928969074, 22.551805480191518 ], [ 69.941526163862946, 22.517916323898117 ], [ 69.896529403612234, 22.511807337809785 ], [ 69.862359346085185, 22.527079757419415 ] ] ], [ [ [ 69.938752673372974, 22.538481711439516 ], [ 69.955697239605342, 22.54764957610319 ], [ 69.953195696505688, 22.536805104226371 ], [ 69.938752673372974, 22.538481711439516 ] ] ], [ [ [ 69.957917887771401, 22.549580386266914 ], [ 69.965141556464431, 22.577922459132843 ], [ 70.011529606921982, 22.591808029124344 ], [ 70.024023993954714, 22.565414686021526 ], [ 69.957917887771401, 22.549580386266914 ] ] ], [ [ [ 69.952080867609567, 22.59596838986571 ], [ 69.9592956911399, 22.603201097724202 ], [ 69.963754859231798, 22.599027321610528 ], [ 69.952080867609567, 22.59596838986571 ] ] ], [ [ [ 69.630972126694957, 22.761249496909358 ], [ 69.644028383219023, 22.764584905160007 ], [ 69.66708194681317, 22.75180505054119 ], [ 69.630972126694957, 22.761249496909358 ] ] ], [ [ [ 70.442639979884447, 22.980142246456968 ], [ 70.441253196583247, 22.987361569262312 ], [ 70.455138845152845, 22.995700050101991 ], [ 70.442639979884447, 22.980142246456968 ] ] ], [ [ [ 70.413749419095595, 22.98984968032628 ], [ 70.418471682641893, 23.024586121069554 ], [ 70.448753387647827, 23.051808898598981 ], [ 70.413749419095595, 22.98984968032628 ] ] ], [ [ [ 70.414578826082391, 23.022637513199037 ], [ 70.429017422706963, 23.046529389568015 ], [ 70.441529681853964, 23.049583873595207 ], [ 70.414578826082391, 23.022637513199037 ] ] ], [ [ [ 70.451803391570579, 23.026525812139724 ], [ 70.461805149595818, 23.053748638111763 ], [ 70.482361661128905, 23.065418082112235 ], [ 70.451803391570579, 23.026525812139724 ] ] ], [ [ [ 68.540971597862679, 23.28514481796805 ], [ 68.61875173326905, 23.299311329409338 ], [ 68.574026879436701, 23.245142138460562 ], [ 68.540971597862679, 23.28514481796805 ] ] ], [ [ [ 68.511528187389246, 23.318472142012993 ], [ 68.519300366679673, 23.34153006956095 ], [ 68.537636229985509, 23.318472132800576 ], [ 68.511528187389246, 23.318472142012993 ] ] ], [ [ [ 68.618194345601509, 23.328197434839289 ], [ 68.57847710285229, 23.351527441804308 ], [ 68.567917937277912, 23.372070523188945 ], [ 68.610694122628786, 23.351803860260951 ], [ 68.608749948621679, 23.364311689267485 ], [ 68.618194345601509, 23.328197434839289 ] ] ], [ [ [ 68.558745551157216, 23.36263945698126 ], [ 68.537087749538287, 23.404862739693254 ], [ 68.554014477622502, 23.399030231011736 ], [ 68.554580787451584, 23.381809197631927 ], [ 68.567360544084536, 23.375972164751648 ], [ 68.558745551157216, 23.36263945698126 ] ] ], [ [ [ 68.475137416170767, 23.479030950076524 ], [ 68.484581824737091, 23.403190594378586 ], [ 68.458192882877398, 23.41791897127451 ], [ 68.474584473970182, 23.459865745299233 ], [ 68.419862464054205, 23.421526353100859 ], [ 68.412085764638704, 23.443474038812219 ], [ 68.475137416170767, 23.479030950076524 ] ] ], [ [ [ 68.513467844136926, 23.447919791919869 ], [ 68.504594236046586, 23.456539250546339 ], [ 68.525971208884869, 23.442082800170468 ], [ 68.513467844136926, 23.447919791919869 ] ] ], [ [ [ 68.488198142862032, 23.473470416628075 ], [ 68.487083344321377, 23.48569287447835 ], [ 68.49874842102129, 23.489309216784697 ], [ 68.488198142862032, 23.473470416628075 ] ] ], [ [ [ 68.459588522458418, 23.479583903648766 ], [ 68.469304957206035, 23.496813860982801 ], [ 68.471253537940882, 23.480417766945969 ], [ 68.459588522458418, 23.479583903648766 ] ] ], [ [ [ 68.481246434018644, 23.477916167318831 ], [ 68.480421478913044, 23.501250644028179 ], [ 68.486806873536224, 23.485969337913847 ], [ 68.481246434018644, 23.477916167318831 ] ] ], [ [ [ 68.475418345004599, 23.538470784785833 ], [ 68.470410751112325, 23.553475608013922 ], [ 68.481527362694536, 23.553475629944245 ], [ 68.475418345004599, 23.538470784785833 ] ] ], [ [ [ 68.472916822691246, 23.578192415362722 ], [ 68.481246434018644, 23.561252307781743 ], [ 68.445970454873759, 23.540138500326336 ], [ 68.430421529822013, 23.507649460572679 ], [ 68.435415764308061, 23.557083083455094 ], [ 68.472916822691246, 23.578192415362722 ] ] ], [ [ [ 68.46208122299322, 23.576814590369043 ], [ 68.454032527838805, 23.599310707743523 ], [ 68.46569754837337, 23.598472425265697 ], [ 68.46208122299322, 23.576814590369043 ] ] ], [ [ [ 68.434590806415457, 23.615688975930567 ], [ 68.466803342609964, 23.618471460003168 ], [ 68.441243779619313, 23.586530984083797 ], [ 68.434590806415457, 23.615688975930567 ] ] ], [ [ [ 68.479859621495294, 23.590967778000763 ], [ 68.469857899659289, 23.616812747947904 ], [ 68.489304025801687, 23.625695248679499 ], [ 68.479859621495294, 23.590967778000763 ] ] ], [ [ [ 68.1862501148956, 23.624308453910473 ], [ 68.223198212083432, 23.647081084714344 ], [ 68.233748453347147, 23.641253064943882 ], [ 68.255959226157643, 23.645141370189553 ], [ 68.258193279433598, 23.64041916714654 ], [ 68.260137398382099, 23.639861779924111 ], [ 68.258184363961547, 23.64486047373401 ], [ 68.279859992103681, 23.649025257771882 ], [ 68.299578161486195, 23.647361992190454 ], [ 68.311813967844685, 23.650140017215644 ], [ 68.280417392222674, 23.652088669940813 ], [ 68.259307986426776, 23.645961873437706 ], [ 68.231246943154261, 23.642916308025846 ], [ 68.35013541465031, 23.732080434495227 ], [ 68.354028223977551, 23.804028050643005 ], [ 68.397919179383237, 23.784862838569314 ], [ 68.425141997555698, 23.797080785116847 ], [ 68.395689661198972, 23.66430659017141 ], [ 68.375418573703257, 23.643188301066701 ], [ 68.385968826363154, 23.667642036675616 ], [ 68.389580706348355, 23.685973347132304 ], [ 68.346800007858505, 23.598191541027301 ], [ 68.280693863419344, 23.582361734591387 ], [ 68.277915869489533, 23.63125125475122 ], [ 68.28653087328334, 23.627358525934092 ], [ 68.304581306665384, 23.63014099269683 ], [ 68.314025651509624, 23.62292166666834 ], [ 68.306806362640543, 23.630702812703063 ], [ 68.277090913863219, 23.632642552852921 ], [ 68.250135697635756, 23.590695797961633 ], [ 68.203475661602283, 23.594584088437482 ], [ 68.1862501148956, 23.624308453910473 ] ] ], [ [ [ 68.459298677759804, 23.724861209177369 ], [ 68.484015509802433, 23.732918824743514 ], [ 68.487640743607287, 23.729030470799948 ], [ 68.459298677759804, 23.724861209177369 ] ] ], [ [ [ 68.269300872200205, 23.74985892802826 ], [ 68.273483507711617, 23.792639529970089 ], [ 68.298195894524596, 23.803747163188703 ], [ 68.297081092768636, 23.812085664992725 ], [ 68.290138283395706, 23.816803427759119 ], [ 68.31096672140562, 23.822359456431037 ], [ 68.324303875001164, 23.73431002937285 ], [ 68.291252993611522, 23.72763920772956 ], [ 68.294583933515995, 23.741252819853315 ], [ 68.285697001564117, 23.754581112448911 ], [ 68.274031992030132, 23.701250237266269 ], [ 68.257363867647285, 23.715974166482585 ], [ 68.265416997860498, 23.726800893185704 ], [ 68.269300872200205, 23.74985892802826 ] ] ], [ [ [ 68.21485973858266, 23.758197437226272 ], [ 68.224032078159382, 23.763204987729971 ], [ 68.21763771243279, 23.755691387374579 ], [ 68.21485973858266, 23.758197437226272 ] ] ], [ [ [ 68.507363395927996, 23.748472110195948 ], [ 68.481794918139585, 23.736240809622977 ], [ 68.465416619307618, 23.775418520490927 ], [ 68.476805158094777, 23.740690991676654 ], [ 68.437364349639083, 23.739313110672207 ], [ 68.447905665728968, 23.806534039623731 ], [ 68.500969008778739, 23.829569801586025 ], [ 68.507363395927996, 23.748472110195948 ] ] ], [ [ [ 68.340414582858457, 23.777081706744788 ], [ 68.34625161216907, 23.798472073685808 ], [ 68.349587018915742, 23.800420627319525 ], [ 68.340414582858457, 23.777081706744788 ] ] ], [ [ [ 68.593473086083165, 23.80347515873283 ], [ 68.606805773824149, 23.803475103033282 ], [ 68.595140799782399, 23.796804373052105 ], [ 68.593473086083165, 23.80347515873283 ] ] ], [ [ [ 68.331251155957645, 23.787359991137947 ], [ 68.377081774403663, 23.857916319482243 ], [ 68.377906733594827, 23.874307940155258 ], [ 68.387640942498891, 23.874031480583554 ], [ 68.394026369796649, 23.878196337431433 ], [ 68.439308567979296, 23.839032049174829 ], [ 68.405419409866809, 23.793192469970222 ], [ 68.389861545431174, 23.832084750606416 ], [ 68.384309992517359, 23.837359824610161 ], [ 68.379583398554146, 23.838198151764836 ], [ 68.401254586433808, 23.790137944640325 ], [ 68.355143028556157, 23.810970858618333 ], [ 68.331251155957645, 23.787359991137947 ] ] ], [ [ [ 68.22598519556783, 23.762638689461788 ], [ 68.212915539637592, 23.834581825158676 ], [ 68.23458232058033, 23.835968654681498 ], [ 68.246247282457929, 23.853760425813249 ], [ 68.261805137981284, 23.824861028775189 ], [ 68.287636667690052, 23.840418773517683 ], [ 68.249578299191327, 23.848748385495139 ], [ 68.258750678401015, 23.871529934352104 ], [ 68.30513870781202, 23.865697472202193 ], [ 68.317641983681185, 23.879302144772904 ], [ 68.259018142581709, 23.875141770532224 ], [ 68.277081998374854, 23.914863451015798 ], [ 68.331804100110972, 23.916250277597587 ], [ 68.35986525511025, 23.977638695436116 ], [ 68.393754355281857, 23.964858957381807 ], [ 68.430136233331623, 23.995421615432381 ], [ 68.412919638852529, 23.927362311425977 ], [ 68.344855877854357, 23.901249826129245 ], [ 68.337641036793897, 23.819304924995958 ], [ 68.303747433859243, 23.824584529265834 ], [ 68.288751468664742, 23.817360793471433 ], [ 68.295689819572402, 23.804313413129883 ], [ 68.265684553196806, 23.792920465384483 ], [ 68.25402848127473, 23.718747787135403 ], [ 68.267080280604134, 23.694302969222075 ], [ 68.257078481597048, 23.680140903347084 ], [ 68.194579727431972, 23.727077361076688 ], [ 68.22598519556783, 23.762638689461788 ] ] ], [ [ [ 68.233467525806915, 23.842358520788206 ], [ 68.213753862216905, 23.862638528365167 ], [ 68.251526874058911, 23.879030176577096 ], [ 68.251807802204056, 23.862362069699397 ], [ 68.233467525806915, 23.842358520788206 ] ] ], [ [ [ 68.358473978160674, 23.893192286211026 ], [ 68.427362598115124, 23.933471274620413 ], [ 68.458745825817218, 23.930688821040977 ], [ 68.454567639940336, 23.929310944090439 ], [ 68.450964684835498, 23.921248938367032 ], [ 68.444030786028321, 23.919309208251107 ], [ 68.442091025977845, 23.870424119519104 ], [ 68.422363994926997, 23.894859988366846 ], [ 68.417075454333485, 23.872359305515474 ], [ 68.393468967476934, 23.88042135205297 ], [ 68.377358246722039, 23.876528608782493 ], [ 68.349859033388398, 23.846251345926056 ], [ 68.358473978160674, 23.893192286211026 ] ] ], [ [ [ 68.487083344321363, 23.880969864659281 ], [ 68.534858165611624, 23.945970141425484 ], [ 68.558473540682499, 23.923193093345649 ], [ 68.587908092952816, 23.921529815240483 ], [ 68.522087352417444, 23.856253028766478 ], [ 68.487083344321363, 23.880969864659281 ] ] ], [ [ [ 68.444030786028321, 23.848471936243833 ], [ 68.462915003923044, 23.932084515211077 ], [ 68.428192014063484, 23.937921457096216 ], [ 68.487074428843712, 23.991247906524478 ], [ 68.518470957346722, 23.924303364532385 ], [ 68.444030786028321, 23.848471936243833 ] ] ], [ [ [ 68.514578181651757, 23.949582021131832 ], [ 68.525694739359864, 23.949528546385263 ], [ 68.521529955350843, 23.945412797487602 ], [ 68.514578181651757, 23.949582021131832 ] ] ], [ [ [ 79.085135847742464, 9.191808121347711 ], [ 79.070135469035094, 9.208195299152882 ], [ 79.091530176983071, 9.195968403037302 ], [ 79.085135847742464, 9.191808121347711 ] ] ], [ [ [ 79.182081139910181, 9.239306466602621 ], [ 79.183195911956048, 9.241518173045108 ], [ 79.201531800454589, 9.234031342178534 ], [ 79.182081139910181, 9.239306466602621 ] ] ], [ [ [ 79.325971871318728, 9.261807014809909 ], [ 79.4398573562449, 9.15819539085753 ], [ 79.204309782501952, 9.277360438421031 ], [ 79.315698099380185, 9.32736032439589 ], [ 79.325971871318728, 9.261807014809909 ] ] ], [ [ [ 79.528749567825116, 9.390140020780501 ], [ 79.528646980042524, 9.389854633566395 ], [ 79.528357143200353, 9.390135529426823 ], [ 79.528749567825116, 9.390140020780501 ] ] ], [ [ [ 76.383188147998723, 9.527359932390578 ], [ 76.404297523777515, 9.541530930829957 ], [ 76.404859433397277, 9.527636337126166 ], [ 76.383188147998723, 9.527359932390578 ] ] ], [ [ [ 76.466247835582166, 9.540969060300734 ], [ 76.479027623518078, 9.529861453213806 ], [ 76.465971337398628, 9.529861422541922 ], [ 76.466247835582166, 9.540969060300734 ] ] ], [ [ [ 76.406250599661234, 9.527636393928113 ], [ 76.434588204724804, 9.551528265410509 ], [ 76.43403083635809, 9.528474689144593 ], [ 76.406250599661234, 9.527636393928113 ] ] ], [ [ [ 76.435417632250761, 9.528474698550085 ], [ 76.464575687749061, 9.541530906612888 ], [ 76.464303687005156, 9.529861441953976 ], [ 76.435417632250761, 9.528474698550085 ] ] ], [ [ [ 76.382920658537969, 9.534860141938248 ], [ 76.413193496091182, 9.563193204794972 ], [ 76.42569677492618, 9.550970840240103 ], [ 76.382920658537969, 9.534860141938248 ] ] ], [ [ [ 76.349860823721031, 9.873189919622948 ], [ 76.366248078717248, 9.855420433607575 ], [ 76.371804043850673, 9.830971166957021 ], [ 76.349031474664358, 9.838471384596204 ], [ 76.349860823721031, 9.873189919622948 ] ] ], [ [ [ 76.309300907962879, 9.888747707714201 ], [ 76.308471481935868, 9.921531086439078 ], [ 76.317358450179512, 9.886531608963219 ], [ 76.309300907962879, 9.888747707714201 ] ] ], [ [ [ 76.267358544391215, 9.939313984486999 ], [ 76.274863233923156, 9.96625137210037 ], [ 76.294028461344439, 9.925691401409782 ], [ 76.267358544391215, 9.939313984486999 ] ] ], [ [ [ 76.239859290487502, 10.014030623694739 ], [ 76.260139291474104, 9.982362144355422 ], [ 76.249580092767076, 9.975981100958874 ], [ 76.239859290487502, 10.014030623694739 ] ] ], [ [ [ 75.1570825399439, 12.109580713095943 ], [ 75.1745666376993, 12.076222215149937 ], [ 75.181808209344439, 12.049860028429151 ], [ 75.1570825399439, 12.109580713095943 ] ] ], [ [ [ 75.160431274005887, 12.111810257510955 ], [ 75.17096821409578, 12.109032248019885 ], [ 75.168747579082819, 12.095967109706145 ], [ 75.160431274005887, 12.111810257510955 ] ] ], [ [ [ 75.149582321206822, 12.139581528537919 ], [ 75.162085663745103, 12.134043371701493 ], [ 75.158469318885253, 12.120969278229422 ], [ 75.149582321206822, 12.139581528537919 ] ] ], [ [ [ 75.123465403809817, 12.191811049110656 ], [ 75.141810151488741, 12.164311721056643 ], [ 75.157372366174684, 12.110160444536159 ], [ 75.123465403809817, 12.191811049110656 ] ] ], [ [ [ 75.134309918331525, 12.182362194409214 ], [ 75.151802959757021, 12.1595806583758 ], [ 75.150139732841012, 12.146805345206552 ], [ 75.134309918331525, 12.182362194409214 ] ] ], [ [ [ 74.366804953879551, 14.54124896849634 ], [ 74.372918365530765, 14.552361037205101 ], [ 74.378197945913044, 14.545418205178365 ], [ 74.366804953879551, 14.54124896849634 ] ] ], [ [ [ 73.760697172919407, 15.352082984930215 ], [ 73.7818065753696, 15.355694818389487 ], [ 73.784861031567004, 15.351530048838434 ], [ 73.760697172919407, 15.352082984930215 ] ] ], [ [ [ 72.924575610240481, 18.959299460340617 ], [ 72.941801138647875, 18.969582198688549 ], [ 72.935143668441242, 18.952080187184109 ], [ 72.924575610240481, 18.959299460340617 ] ] ], [ [ [ 72.845970607261208, 20.754859101082548 ], [ 72.855414925579922, 20.759581324794684 ], [ 72.8573591128483, 20.75235755530057 ], [ 72.845970607261208, 20.754859101082548 ] ] ], [ [ [ 72.710418356495154, 21.14069172682877 ], [ 72.689028108963754, 21.089862410733733 ], [ 72.680136658069827, 21.154305381364917 ], [ 72.710418356495154, 21.14069172682877 ] ] ], [ [ [ 72.352080597293579, 21.585696644823791 ], [ 72.364030901624687, 21.600420551560035 ], [ 72.358746906244377, 21.57985965232238 ], [ 72.352080597293579, 21.585696644823791 ] ] ], [ [ [ 72.590415074472176, 21.620709497930275 ], [ 72.611524405517244, 21.635696564276866 ], [ 72.59902106610042, 21.617360692359057 ], [ 72.590415074472176, 21.620709497930275 ] ] ], [ [ [ 72.716794856646899, 21.644587991395696 ], [ 72.723746639011054, 21.665692905453266 ], [ 72.750969418980461, 21.652917552188917 ], [ 72.716794856646899, 21.644587991395696 ] ] ], [ [ [ 72.26902980291068, 21.73319029356654 ], [ 72.274304940281894, 21.749581945059326 ], [ 72.287637621978362, 21.707358730537997 ], [ 72.26902980291068, 21.73319029356654 ] ] ], [ [ [ 72.347924707615263, 21.928191264424779 ], [ 72.354858561857, 21.943200570551291 ], [ 72.360419103158648, 21.924583831666677 ], [ 72.347924707615263, 21.928191264424779 ] ] ], [ [ [ 72.365417749473593, 22.208468059367192 ], [ 72.370697280708711, 22.235137987693417 ], [ 72.376525374434408, 22.203750383179287 ], [ 72.365417749473593, 22.208468059367192 ] ] ], [ [ [ 79.529306936553553, 9.384026547501787 ], [ 79.529137444669118, 9.384026519938079 ], [ 79.529306936553553, 9.384196020054517 ], [ 79.529306936553553, 9.384026547501787 ] ] ], [ [ [ 79.529984729391856, 9.385694250098867 ], [ 79.530091690165378, 9.385957366768183 ], [ 79.530136292856653, 9.385694246092672 ], [ 79.529984729391856, 9.385694250098867 ] ] ], [ [ [ 79.530417203535762, 9.385970720572663 ], [ 79.530136292856653, 9.387085483628827 ], [ 79.530417203535762, 9.387085484142352 ], [ 79.530417203535762, 9.385970720572663 ] ] ], [ [ [ 79.530136292856653, 9.388316200930094 ], [ 79.529859841593762, 9.388748766015386 ], [ 79.530136292856653, 9.388748718912391 ], [ 79.530136292856653, 9.388316200930094 ] ] ], [ [ [ 79.529859841593762, 9.389020740457529 ], [ 79.529859841593762, 9.388748766015386 ], [ 79.529677055641315, 9.389114370686221 ], [ 79.529859841593762, 9.389020740457529 ] ] ], [ [ [ 79.529587849787703, 9.3891589955032 ], [ 79.529306936553553, 9.389301662694335 ], [ 79.529587849787703, 9.389310603425841 ], [ 79.529587849787703, 9.3891589955032 ] ] ], [ [ [ 79.529306936553553, 9.389859063929887 ], [ 79.529306936553553, 9.389301662694335 ], [ 79.528646980042524, 9.389854633566395 ], [ 79.529306936553553, 9.389859063929887 ] ] ], [ [ [ 79.692906891134058, 10.313749160360651 ], [ 79.716531163827426, 10.315140385236042 ], [ 79.715973836471022, 10.311532969849718 ], [ 79.692906891134058, 10.313749160360651 ] ] ], [ [ [ 80.15819623006692, 13.59097437106198 ], [ 80.120414231859826, 13.605693885375096 ], [ 80.149309233722022, 13.614304357164897 ], [ 80.167640596162855, 13.58985955902503 ], [ 80.141809040712772, 13.544862824027861 ], [ 80.126527663674949, 13.584860910849763 ], [ 80.15819623006692, 13.59097437106198 ] ] ], [ [ [ 81.513192218025353, 16.35014125129144 ], [ 81.541810701314702, 16.355420776427284 ], [ 81.547362306871975, 16.349583851391657 ], [ 81.513192218025353, 16.35014125129144 ] ] ], [ [ [ 82.332074907770576, 16.724861795603307 ], [ 82.352912236525853, 16.706811382601618 ], [ 82.33986046031076, 16.718199937956374 ], [ 82.368189178382067, 16.722917656893109 ], [ 82.318474649571328, 16.628750356277493 ], [ 82.309587623370433, 16.651250964272769 ], [ 82.312080235484586, 16.602361401374779 ], [ 82.257072794585227, 16.651250944570968 ], [ 82.257920072279063, 16.701812700138003 ], [ 82.332074907770576, 16.724861795603307 ] ] ], [ [ [ 82.333747027447941, 16.725972141765972 ], [ 82.332074907770576, 16.724861795603307 ], [ 82.331802910274916, 16.728201644506175 ], [ 82.333747027447941, 16.725972141765972 ] ] ], [ [ [ 86.336668713974689, 20.00000015549756 ], [ 86.327215395244025, 19.998608944359233 ], [ 86.329436018818669, 20.010563808885067 ], [ 86.336668713974689, 20.00000015549756 ] ] ], [ [ [ 86.301107336425758, 20.026670041917459 ], [ 86.323888881082325, 20.019718332811646 ], [ 86.321115315902532, 20.01000193761887 ], [ 86.301107336425758, 20.026670041917459 ] ] ], [ [ [ 86.267503584720458, 20.053054548169467 ], [ 86.308050172154665, 20.034723195897467 ], [ 86.245912616276058, 20.028917454413488 ], [ 86.267503584720458, 20.053054548169467 ] ] ], [ [ [ 86.489606969970993, 20.169900828119786 ], [ 86.508058676641014, 20.172500462682937 ], [ 86.495666860997503, 20.161700593428364 ], [ 86.489606969970993, 20.169900828119786 ] ] ], [ [ [ 86.806060434051105, 20.387348904101287 ], [ 86.814867126795136, 20.406692529636771 ], [ 86.803884357835358, 20.371389829412308 ], [ 86.806060434051105, 20.387348904101287 ] ] ], [ [ [ 86.78897759447986, 20.38776805842128 ], [ 86.791389981900295, 20.429170803363007 ], [ 86.795340737517378, 20.393350871747494 ], [ 86.78897759447986, 20.38776805842128 ] ] ], [ [ [ 86.803612370206977, 20.46361289924134 ], [ 86.805275617075623, 20.491946073975541 ], [ 86.809449309434839, 20.476669196454111 ], [ 86.803612370206977, 20.46361289924134 ] ] ], [ [ [ 86.789708858916882, 20.682782181426465 ], [ 86.798604813343772, 20.700560636427099 ], [ 86.789673212042359, 20.674929700564569 ], [ 86.789708858916882, 20.682782181426465 ] ] ], [ [ [ 86.830001342996212, 20.760000476191294 ], [ 86.991942520493893, 20.771112479295542 ], [ 87.006942882765856, 20.743060326304899 ], [ 86.994292435572831, 20.709460971613737 ], [ 86.928712456708553, 20.714651398685934 ], [ 86.859177202022039, 20.664722792303131 ], [ 86.885276310551461, 20.707218068576022 ], [ 86.878324647450881, 20.73306297802166 ], [ 86.853523088264794, 20.656723238674466 ], [ 86.842000763492877, 20.652237363624966 ], [ 86.830224314770703, 20.672508390194501 ], [ 86.803474114994444, 20.676566166421388 ], [ 86.796669542092502, 20.672508401678723 ], [ 86.795412099597954, 20.665623537040439 ], [ 86.819121130198994, 20.639243552355616 ], [ 86.773794345744463, 20.6463869964164 ], [ 86.80150769097574, 20.683406483183028 ], [ 86.830001342996212, 20.760000476191294 ] ] ], [ [ [ 87.015138756668946, 20.722160547273688 ], [ 87.007660858979534, 20.707989489859102 ], [ 87.002434756781611, 20.708667271161676 ], [ 87.015138756668946, 20.722160547273688 ] ] ], [ [ [ 87.083251545757392, 20.757659407899361 ], [ 87.09205376371564, 20.752228229949132 ], [ 87.072478360162322, 20.754101011559086 ], [ 87.083251545757392, 20.757659407899361 ] ] ], [ [ [ 86.865281713153806, 20.782501021705286 ], [ 86.941947055481478, 20.779723042322068 ], [ 86.951529704442507, 20.774710990986438 ], [ 86.865281713153806, 20.782501021705286 ] ] ], [ [ [ 87.018576694547548, 20.822873801810172 ], [ 87.004579621057346, 20.812270044269258 ], [ 87.002501692224072, 20.832220047580158 ], [ 87.018576694547548, 20.822873801810172 ] ] ], [ [ [ 88.167776239986324, 21.591662913433055 ], [ 88.18889006195856, 21.581942039462817 ], [ 88.186669419078797, 21.559998844284049 ], [ 88.167776239986324, 21.591662913433055 ] ] ], [ [ [ 88.172783796083152, 21.803608441287771 ], [ 88.154724429951386, 21.650001308037709 ], [ 88.128892914100874, 21.628058073576771 ], [ 88.041387456989114, 21.649443974317393 ], [ 88.044227891420405, 21.717694918582119 ], [ 88.138350601434311, 21.872497062335942 ], [ 88.172783796083152, 21.803608441287771 ] ] ], [ [ [ 88.116113079973971, 21.91831878830348 ], [ 88.144624594359499, 21.91525988668284 ], [ 88.129445800362944, 21.898890543526878 ], [ 88.116113079973971, 21.91831878830348 ] ] ], [ [ [ 88.159723131052814, 21.929172236079687 ], [ 88.171669062959353, 21.929172279722113 ], [ 88.165270201234904, 21.916111550861604 ], [ 88.159723131052814, 21.929172236079687 ] ] ], [ [ [ 88.046667030452497, 21.912218794366076 ], [ 88.076939884884837, 21.999452194863185 ], [ 88.144446219812465, 22.023330685686609 ], [ 88.046667030452497, 21.912218794366076 ] ] ], [ [ [ 87.252487779489428, 27.842867748590649 ], [ 87.251185692901785, 27.843059528011608 ], [ 87.262922074791234, 27.850715829262128 ], [ 87.252487779489428, 27.842867748590649 ] ] ], [ [ [ 87.266275309034256, 27.849453889748816 ], [ 87.262922074791234, 27.850715829262128 ], [ 87.267211755127008, 27.850118230642565 ], [ 87.266275309034256, 27.849453889748816 ] ] ], [ [ [ 88.502503111531226, 21.594445361702565 ], [ 88.531389194442227, 21.542501347710061 ], [ 88.481705858127668, 21.554728181732219 ], [ 88.502503111531226, 21.594445361702565 ] ] ], [ [ [ 88.719438354477532, 21.633052271322338 ], [ 88.757189103767473, 21.598980281796795 ], [ 88.740547754851903, 21.573064006749451 ], [ 88.709441073500699, 21.586673157866755 ], [ 88.719438354477532, 21.633052271322338 ] ] ], [ [ [ 88.524071778699906, 21.652890809774959 ], [ 88.587502487443885, 21.601941107465294 ], [ 88.55000146258854, 21.563610751163626 ], [ 88.556663376807165, 21.604447151827642 ], [ 88.510003313699798, 21.602222046101314 ], [ 88.524071778699906, 21.652890809774959 ] ] ], [ [ [ 88.782218081190848, 21.596113100872842 ], [ 88.751106884240542, 21.576938948781375 ], [ 88.758241459130886, 21.600037124612935 ], [ 88.72956949267855, 21.639950549756485 ], [ 88.77416939272004, 21.64889105339795 ], [ 88.782218081190848, 21.596113100872842 ] ] ], [ [ [ 88.580015686651279, 21.679582994352646 ], [ 88.585830336169977, 21.658054506959171 ], [ 88.605713487761562, 21.624401662230742 ], [ 88.602217557311548, 21.620557911480415 ], [ 88.553978972286899, 21.639531361165776 ], [ 88.580015686651279, 21.679582994352646 ] ] ], [ [ [ 88.300421145917952, 21.704558408063889 ], [ 88.358068382664186, 21.647218836207344 ], [ 88.311943437227683, 21.608335535889097 ], [ 88.315796127733208, 21.677589815805938 ], [ 88.300421145917952, 21.704558408063889 ] ] ], [ [ [ 88.213936819896404, 21.750870682447836 ], [ 88.272003258070242, 21.754406704861651 ], [ 88.26206842470809, 21.730171494066798 ], [ 88.310556660788862, 21.675556414557388 ], [ 88.291663417824878, 21.563053308333576 ], [ 88.248338793747251, 21.563887168751904 ], [ 88.216393845254473, 21.616388660714556 ], [ 88.236829882512026, 21.644900121723762 ], [ 88.233329491130178, 21.668056213815703 ], [ 88.199186117000153, 21.682619659377984 ], [ 88.220384684074375, 21.700028018684659 ], [ 88.213936819896404, 21.750870682447836 ] ] ], [ [ [ 88.419412195783266, 21.689179041836429 ], [ 88.45639152992932, 21.706386666479666 ], [ 88.470687467543343, 21.672992438488023 ], [ 88.442229464014545, 21.615001859435921 ], [ 88.419412195783266, 21.689179041836429 ] ] ], [ [ [ 88.195556445923458, 21.681941847088588 ], [ 88.227782345732066, 21.665831149539706 ], [ 88.21194364179108, 21.601669116546617 ], [ 88.181389864339877, 21.68611109818719 ], [ 88.202757867390403, 21.721663536813612 ], [ 88.195556445923458, 21.681941847088588 ] ] ], [ [ [ 88.627500633419189, 21.658058901466696 ], [ 88.640396348335315, 21.678575283043141 ], [ 88.631384548743, 21.648891047694558 ], [ 88.627500633419189, 21.658058901466696 ] ] ], [ [ [ 88.401771990476277, 21.737823291103773 ], [ 88.431937839325741, 21.62735801548255 ], [ 88.398614987065457, 21.59555574554399 ], [ 88.379721795143311, 21.680831529682887 ], [ 88.403542300912562, 21.71667379873379 ], [ 88.368636441321414, 21.727340009903468 ], [ 88.386740405761955, 21.73385023452234 ], [ 88.394998684773938, 21.754999822556719 ], [ 88.401771990476277, 21.737823291103773 ] ] ], [ [ [ 88.740614641461306, 21.65425982218018 ], [ 88.722894191933335, 21.638621707984928 ], [ 88.687043031291424, 21.683333125920221 ], [ 88.696389294221547, 21.713333941385393 ], [ 88.707430001930959, 21.681188253739474 ], [ 88.740614641461306, 21.65425982218018 ] ] ], [ [ [ 88.591943773725234, 21.690556876110442 ], [ 88.606217365330934, 21.679663284206708 ], [ 88.588545964336575, 21.65733210742339 ], [ 88.580519574331618, 21.683538245634015 ], [ 88.591943773725234, 21.690556876110442 ] ] ], [ [ [ 88.762223422713163, 21.685553779258164 ], [ 88.764716103894273, 21.69306283485669 ], [ 88.809721817841321, 21.704710077481753 ], [ 88.7969419836393, 21.65527644421536 ], [ 88.730554903429308, 21.684719870115085 ], [ 88.74111404832243, 21.689442130433303 ], [ 88.745002419991664, 21.682218379991951 ], [ 88.757501238982172, 21.682276352888767 ], [ 88.762223422713163, 21.685553779258164 ] ] ], [ [ [ 88.560043382727116, 21.72935991592054 ], [ 88.590699670904456, 21.69062822857806 ], [ 88.580247547952013, 21.684679772224651 ], [ 88.569938079842586, 21.71062282576365 ], [ 88.552801754237493, 21.724040239530613 ], [ 88.543014017500582, 21.72391090568448 ], [ 88.568297158948852, 21.70976223202242 ], [ 88.574200978999684, 21.694026039360363 ], [ 88.562718852324593, 21.706364401919494 ], [ 88.552779482430481, 21.702779252584531 ], [ 88.548592397163873, 21.636401069017165 ], [ 88.517218183228721, 21.711403117968189 ], [ 88.529213153611352, 21.719777355211384 ], [ 88.541078832488708, 21.735928214582536 ], [ 88.560043382727116, 21.72935991592054 ] ] ], [ [ [ 88.36868102837434, 21.763989311579 ], [ 88.35974944189644, 21.745622324302296 ], [ 88.35968706637297, 21.734501335658226 ], [ 88.365278726294292, 21.722220947251813 ], [ 88.39805758794067, 21.713333916663668 ], [ 88.360556537496237, 21.686392018975429 ], [ 88.33750745961369, 21.710769980112275 ], [ 88.348891560299165, 21.725551885149802 ], [ 88.342787023835754, 21.754388888114164 ], [ 88.36868102837434, 21.763989311579 ] ] ], [ [ [ 88.711050816749179, 21.806020798656807 ], [ 88.728057843267379, 21.777776858654224 ], [ 88.75926259803056, 21.759218083799372 ], [ 88.752226186855268, 21.748609926783676 ], [ 88.752770156120192, 21.731580562403934 ], [ 88.776657549021309, 21.721110580057282 ], [ 88.735861242088632, 21.71929133306881 ], [ 88.762754126943449, 21.692929136497892 ], [ 88.757782180707252, 21.683663114413065 ], [ 88.741221094771646, 21.690762019964779 ], [ 88.729292988940585, 21.686757735979917 ], [ 88.730773456149805, 21.682031075050418 ], [ 88.754995284739664, 21.66563936846212 ], [ 88.74804800952333, 21.658330901309537 ], [ 88.71111326846264, 21.690177821269014 ], [ 88.694998023179863, 21.743892204978057 ], [ 88.711050816749179, 21.806020798656807 ] ] ], [ [ [ 88.300559346085066, 21.713980481720341 ], [ 88.278031960784617, 21.728169381586117 ], [ 88.288912195356659, 21.778485914698702 ], [ 88.302887021837094, 21.755561623481075 ], [ 88.300559346085066, 21.713980481720341 ] ] ], [ [ [ 88.612219316344891, 21.742500924831567 ], [ 88.579721399333508, 21.72584168829491 ], [ 88.569001703335928, 21.769179698889353 ], [ 88.582222960854835, 21.777781354289065 ], [ 88.585607348219696, 21.753889515515279 ], [ 88.612219316344891, 21.742500924831567 ] ] ], [ [ [ 88.608888383674284, 21.708054361057922 ], [ 88.623054894869625, 21.736663987288637 ], [ 88.586249485502435, 21.756596121465826 ], [ 88.613891459647135, 21.788759619396512 ], [ 88.630836066676721, 21.742500899632262 ], [ 88.608888383674284, 21.708054361057922 ] ] ], [ [ [ 88.361261094820662, 21.747169580922879 ], [ 88.387757100804222, 21.74343290639148 ], [ 88.364163948402066, 21.731665346629299 ], [ 88.361261094820662, 21.747169580922879 ] ] ], [ [ [ 88.423545800191889, 21.768270059289495 ], [ 88.463784745544046, 21.789120809665892 ], [ 88.469398741315274, 21.794007965900402 ], [ 88.474999368322671, 21.791390528410698 ], [ 88.467213781200073, 21.737221310778015 ], [ 88.433137318502091, 21.704482596363171 ], [ 88.423545800191889, 21.768270059289495 ] ] ], [ [ [ 88.519469969281943, 21.793571052369298 ], [ 88.561942905292028, 21.77000024206232 ], [ 88.571106420595768, 21.73360950049074 ], [ 88.541716478053047, 21.737680639531646 ], [ 88.518323978605537, 21.719705981648271 ], [ 88.519469969281943, 21.793571052369298 ] ] ], [ [ [ 88.422805569542845, 21.770860812870289 ], [ 88.425302715169053, 21.752707773477972 ], [ 88.422761038423204, 21.719821948844327 ], [ 88.382660354838464, 21.779101238508321 ], [ 88.424072024169078, 21.811032811106845 ], [ 88.422805569542845, 21.770860812870289 ] ] ], [ [ [ 88.749755812683517, 21.769647956139064 ], [ 88.787261275553618, 21.795796095634572 ], [ 88.795831720558468, 21.787221229250296 ], [ 88.782218081190848, 21.766945734463125 ], [ 88.786940267760087, 21.736940395017879 ], [ 88.756658475912374, 21.733408796864975 ], [ 88.764390593929207, 21.760497828672221 ], [ 88.749755812683517, 21.769647956139064 ] ] ], [ [ [ 88.283338282535027, 21.789120833094955 ], [ 88.282499989247029, 21.769719261041725 ], [ 88.263624615667027, 21.792358133895043 ], [ 88.283338282535027, 21.789120833094955 ] ] ], [ [ [ 88.307734023356602, 21.830300623302918 ], [ 88.352721925075514, 21.854241550771704 ], [ 88.351419883611754, 21.821904114062082 ], [ 88.361390434030454, 21.796019023432649 ], [ 88.379677145441264, 21.788483140659608 ], [ 88.343451407636678, 21.76027045805839 ], [ 88.339803877899087, 21.751008871146166 ], [ 88.345003202468902, 21.721667978688643 ], [ 88.315858492349051, 21.709053200845787 ], [ 88.310859843465096, 21.795635574900903 ], [ 88.296011046352533, 21.774049068303185 ], [ 88.285558909842578, 21.789410677983991 ], [ 88.259771976291077, 21.802703250441215 ], [ 88.307734023356602, 21.830300623302918 ] ] ], [ [ [ 88.749390180550961, 21.805962881987348 ], [ 88.751053447052072, 21.790971359851966 ], [ 88.755548172293857, 21.780282936081303 ], [ 88.746108304253966, 21.772220806848885 ], [ 88.727500407454869, 21.793611184995992 ], [ 88.737734088955648, 21.798056831585413 ], [ 88.750634241692893, 21.81421664376958 ], [ 88.749390180550961, 21.805962881987348 ] ] ], [ [ [ 88.500269112666658, 21.812499899574561 ], [ 88.449484437651435, 21.812004905239935 ], [ 88.488448006062541, 21.835089682101682 ], [ 88.500269112666658, 21.812499899574561 ] ] ], [ [ [ 88.590552527640497, 21.851945147658078 ], [ 88.614167910002308, 21.798056903076411 ], [ 88.585264021127301, 21.801570673514767 ], [ 88.590552527640497, 21.851945147658078 ] ] ], [ [ [ 88.623621221273169, 21.896799246127497 ], [ 88.633333144805746, 21.869723530125917 ], [ 88.653519523034561, 21.867708067933521 ], [ 88.638893644020996, 21.784719655245993 ], [ 88.594717361884022, 21.854446680016704 ], [ 88.623621221273169, 21.896799246127497 ] ] ], [ [ [ 88.702498245174851, 21.824169396147717 ], [ 88.718056072240771, 21.907224610934193 ], [ 88.726671070302203, 21.899162539951337 ], [ 88.748337823438732, 21.896112491082469 ], [ 88.748609797443933, 21.88944164648057 ], [ 88.756110006624212, 21.880278265789961 ], [ 88.771391362614025, 21.876398844250545 ], [ 88.757768823541397, 21.781112254400217 ], [ 88.751664300526855, 21.815282409268285 ], [ 88.707496941225472, 21.811389543627456 ], [ 88.728057843267379, 21.837502099311344 ], [ 88.702498245174851, 21.824169396147717 ] ] ], [ [ [ 88.524169855298098, 21.835000543253042 ], [ 88.518957166795317, 21.854714223148306 ], [ 88.525833138108339, 21.849720004624412 ], [ 88.524169855298098, 21.835000543253042 ] ] ], [ [ [ 88.423750920311889, 21.902720860839427 ], [ 88.48382396878479, 21.885250161985791 ], [ 88.489165982240536, 21.838888833677693 ], [ 88.447870232534214, 21.814787417141996 ], [ 88.448904705841471, 21.805530369723908 ], [ 88.463080237720646, 21.790364947348195 ], [ 88.424027420390289, 21.812401796512201 ], [ 88.401526801076926, 21.798030074204004 ], [ 88.423750920311889, 21.902720860839427 ] ] ], [ [ [ 88.540606124718124, 21.901236022924795 ], [ 88.576394845546531, 21.88861233193963 ], [ 88.553055961752975, 21.817779452017874 ], [ 88.530599911928078, 21.847142650708449 ], [ 88.540606124718124, 21.901236022924795 ] ] ], [ [ [ 88.643058443003511, 21.919999906006609 ], [ 88.667503198561306, 21.911670294347292 ], [ 88.63445241341276, 21.870561889571913 ], [ 88.643058443003511, 21.919999906006609 ] ] ], [ [ [ 88.716664855591205, 21.917779320010116 ], [ 88.814452920250218, 21.901392055498107 ], [ 88.788063967612842, 21.864715996663367 ], [ 88.793325711375303, 21.872778035162685 ], [ 88.791947840995661, 21.878610559174003 ], [ 88.716664855591205, 21.917779320010116 ] ] ], [ [ [ 88.477219984269553, 21.901387584022579 ], [ 88.509164986494312, 21.91166580496737 ], [ 88.489165982240536, 21.889446164043843 ], [ 88.477219984269553, 21.901387584022579 ] ] ], [ [ [ 88.750710067451479, 21.95485227404199 ], [ 88.775841580325249, 21.941448214300035 ], [ 88.78645424099436, 21.952649446819652 ], [ 88.788117430977579, 21.941461546488267 ], [ 88.804727588503653, 21.932222264950102 ], [ 88.733328514600487, 21.92472210384269 ], [ 88.724882930851038, 21.977941445275842 ], [ 88.750710067451479, 21.95485227404199 ] ] ], [ [ [ 88.628646631593014, 21.958031601746349 ], [ 88.663583687138456, 22.017377800024896 ], [ 88.715781896212718, 22.000642729289002 ], [ 88.678156026732438, 21.942866182312638 ], [ 88.628646631593014, 21.958031601746349 ] ] ], [ [ [ 88.742576625762169, 21.990493798374093 ], [ 88.75636416904976, 21.992611923514659 ], [ 88.74255885869961, 21.983711533460223 ], [ 88.742576625762169, 21.990493798374093 ] ] ], [ [ [ 88.773772500629676, 22.050816576241651 ], [ 88.761675026179091, 22.021390955244307 ], [ 88.751427946355463, 22.050334940454778 ], [ 88.773772500629676, 22.050816576241651 ] ] ], [ [ [ 88.784269287732428, 22.107175107880803 ], [ 88.806199089898655, 22.08280167656828 ], [ 88.815019241604332, 22.080585482303 ], [ 88.827781166161472, 22.086034581431672 ], [ 88.836512080019077, 22.066931740434427 ], [ 88.828766613668577, 22.071502290472971 ], [ 88.804593873061222, 22.065571680495392 ], [ 88.794150651968494, 22.055663618033009 ], [ 88.787216685173433, 22.072220258114246 ], [ 88.750183908736162, 22.055721567205733 ], [ 88.784269287732428, 22.107175107880803 ] ] ], [ [ [ 88.692884458705208, 22.078075049300654 ], [ 88.71202733052948, 22.096669511370596 ], [ 88.723134966849443, 22.101106279395413 ], [ 88.692884458705208, 22.078075049300654 ] ] ], [ [ [ 88.683885978767009, 22.207241808660225 ], [ 88.789169816642001, 22.169450970860233 ], [ 88.682829188616736, 22.080228805636136 ], [ 88.736311655211878, 22.030456266179517 ], [ 88.721329047931178, 22.005360513235942 ], [ 88.663770958749154, 22.023763218795313 ], [ 88.635687578765925, 22.101708275958678 ], [ 88.683885978767009, 22.207241808660225 ] ] ], [ [ [ 88.704718907832827, 22.065000972516131 ], [ 88.80919559362151, 22.179412606601424 ], [ 88.829591587515011, 22.165290589725252 ], [ 88.838273411349974, 22.167034076257522 ], [ 88.840507473818434, 22.174940089027693 ], [ 88.828057606684084, 22.208039970112207 ], [ 88.835036152342227, 22.207188308430784 ], [ 88.83952201065695, 22.19257139390816 ], [ 88.844275370119504, 22.189271655261219 ], [ 88.848105759488774, 22.189936090608249 ], [ 88.85128063946685, 22.194390662953396 ], [ 88.852792238156894, 22.20387077343112 ], [ 88.860488656071126, 22.203295520095431 ], [ 88.868287664637492, 22.171185496142268 ], [ 88.850790088530971, 22.173566688210439 ], [ 88.843298858195382, 22.167176837823483 ], [ 88.855886879179181, 22.144453240042978 ], [ 88.804611687149787, 22.130540835592104 ], [ 88.777643028459295, 22.11121952040175 ], [ 88.739165432222492, 22.056992436204478 ], [ 88.704718907832827, 22.065000972516131 ] ] ], [ [ [ 88.903608211906061, 21.555834023810242 ], [ 88.842781553214721, 21.553889872328931 ], [ 88.838331425239971, 21.604719151391492 ], [ 88.87611338715233, 21.59222028595007 ], [ 88.903608211906061, 21.555834023810242 ] ] ], [ [ [ 88.96904994150249, 21.640316133923744 ], [ 88.992500326279654, 21.616665099789262 ], [ 88.955917867881212, 21.617565805179183 ], [ 88.954687154263453, 21.676912029364967 ], [ 88.961852958924936, 21.663351844067456 ], [ 88.962486142734093, 21.646978098994214 ], [ 88.965478188352691, 21.641792148512469 ], [ 88.96904994150249, 21.640316133923744 ] ] ], [ [ [ 88.992500326279654, 21.68666408512113 ], [ 88.987907496941745, 21.652980025780945 ], [ 88.996393149568831, 21.649038149186332 ], [ 89.022759792060555, 21.654027880662795 ], [ 89.028761753264504, 21.604821764148362 ], [ 89.000000533266316, 21.601669097885164 ], [ 88.992362105867301, 21.644142100730569 ], [ 88.963859541294298, 21.646130832818137 ], [ 88.963257562211794, 21.662990711450632 ], [ 88.950963819771871, 21.701009003615383 ], [ 88.992500326279654, 21.68666408512113 ] ] ], [ [ [ 89.065223826644569, 21.714524552550774 ], [ 89.095037393752094, 21.643959286345307 ], [ 89.051587884698037, 21.617530141580691 ], [ 89.028489784424693, 21.635317554973295 ], [ 89.024726294687454, 21.694859854798771 ], [ 89.022001736955673, 21.700380298375791 ], [ 89.009797205464935, 21.704870606809546 ], [ 89.065223826644569, 21.714524552550774 ] ] ], [ [ [ 88.886391599993971, 21.743325896068278 ], [ 88.940275386328238, 21.695279051541693 ], [ 88.920829233937141, 21.632222925808104 ], [ 88.873054429010367, 21.694445176737982 ], [ 88.886391599993971, 21.743325896068278 ] ] ], [ [ [ 88.97055710775463, 21.720834138443841 ], [ 89.009164018195349, 21.701668984261783 ], [ 89.024159987742436, 21.687734257576206 ], [ 89.021109919559692, 21.671110733338566 ], [ 88.992995332538896, 21.651419349293359 ], [ 88.992500326279654, 21.701392483683186 ], [ 88.97055710775463, 21.720834138443841 ] ] ], [ [ [ 88.762513285507509, 21.701370173989531 ], [ 88.865282227581375, 21.758611645688298 ], [ 88.839165219492671, 21.706944105333211 ], [ 88.859953554409074, 21.637226000023748 ], [ 88.844199567305324, 21.626996814823691 ], [ 88.842781553214721, 21.645279131739901 ], [ 88.830568127393391, 21.65195440889746 ], [ 88.828615024782181, 21.650554299043016 ], [ 88.845831604383477, 21.620000518761533 ], [ 88.808896891175507, 21.638791134119273 ], [ 88.815001358660979, 21.710003008959887 ], [ 88.762513285507509, 21.701370173989531 ] ] ], [ [ [ 88.973031936324375, 21.739771945637607 ], [ 88.969442345978138, 21.722778327569166 ], [ 88.973054205092154, 21.698609981151627 ], [ 88.922782323137056, 21.71970601800567 ], [ 88.923437815879268, 21.762678401086273 ], [ 88.967850434137233, 21.739508861563465 ], [ 88.973031936324375, 21.739771945637607 ] ] ], [ [ [ 89.01740891504403, 21.717779687063036 ], [ 89.009378048253808, 21.764814268570497 ], [ 89.059279871127643, 21.725922013174706 ], [ 89.01740891504403, 21.717779687063036 ] ] ], [ [ [ 88.951110945000053, 21.757777796191352 ], [ 88.997070898892076, 21.770557573533335 ], [ 88.99666518465888, 21.76583092295558 ], [ 89.014862717668493, 21.718791918617114 ], [ 88.976670566582612, 21.728610812606359 ], [ 88.987876258900059, 21.746647919788881 ], [ 88.951110945000053, 21.757777796191352 ] ] ], [ [ [ 88.821672191276548, 21.822902977611289 ], [ 88.830273827099163, 21.766664799066977 ], [ 88.790833045392318, 21.750010017051483 ], [ 88.821672191276548, 21.822902977611289 ] ] ], [ [ [ 89.012758029109207, 21.779399979254215 ], [ 89.016615168956889, 21.811630396817687 ], [ 89.023736382715043, 21.759048680558156 ], [ 89.014541714944457, 21.765799695536877 ], [ 88.998809952066424, 21.766941232387531 ], [ 89.012758029109207, 21.779399979254215 ] ] ], [ [ [ 88.883056153538362, 21.808058590097225 ], [ 88.937234236319554, 21.816669153605645 ], [ 88.933328086294381, 21.814444104199822 ], [ 88.927780969965085, 21.806390918470953 ], [ 88.926666223984071, 21.798328863948367 ], [ 88.917779198374731, 21.791662481333621 ], [ 88.919442416734711, 21.770000242634989 ], [ 88.897780117192028, 21.751945276990689 ], [ 88.906939155849145, 21.794168573351072 ], [ 88.883056153538362, 21.808058590097225 ] ] ], [ [ [ 88.837221089835921, 21.843058153613356 ], [ 88.855276008930318, 21.858062972979216 ], [ 88.85749664008091, 21.855556986578812 ], [ 88.877219246465884, 21.851668646920064 ], [ 88.874998569816768, 21.845555185602731 ], [ 88.882231213738166, 21.797218599137359 ], [ 88.898056605212005, 21.778610715203172 ], [ 88.891385781502123, 21.753612979610214 ], [ 88.913329048321785, 21.727776956434109 ], [ 88.835000476850681, 21.781669649363895 ], [ 88.837221089835921, 21.843058153613356 ] ] ], [ [ [ 88.927780969965085, 21.797780374631671 ], [ 88.938888562540143, 21.816669182190459 ], [ 88.92444556000379, 21.835834341804507 ], [ 88.932775140179118, 21.836944733526515 ], [ 88.937773823285582, 21.84694646011075 ], [ 88.953612505104971, 21.825556115847679 ], [ 88.976670566582612, 21.820557479414905 ], [ 88.940275386328238, 21.793053720803272 ], [ 88.940422549579253, 21.782365307920834 ], [ 88.959997973935415, 21.775279740778593 ], [ 88.956666986319021, 21.768613398965641 ], [ 88.921386579553655, 21.766111856674698 ], [ 88.914167335590378, 21.755561677115431 ], [ 88.912780514849501, 21.761108770849599 ], [ 88.921386579553655, 21.77111050198129 ], [ 88.92444556000379, 21.787502220997421 ], [ 88.919714447109769, 21.791930037849252 ], [ 88.927780969965085, 21.797780374631671 ] ] ], [ [ [ 88.958727138085109, 21.826113494484019 ], [ 88.978311488389579, 21.86589764321209 ], [ 88.96938436907233, 21.890752620536936 ], [ 89.030960114141337, 21.862780687904497 ], [ 89.024757504784219, 21.849216113965749 ], [ 88.998132231349786, 21.871056850590893 ], [ 88.98924523656909, 21.868122754346807 ], [ 89.02999244445401, 21.834527850911609 ], [ 88.970499132414176, 21.775092476835482 ], [ 88.942785858315787, 21.786498860168052 ], [ 88.976501119456202, 21.804687525561018 ], [ 88.978882295158741, 21.82222516259586 ], [ 88.958727138085109, 21.826113494484019 ] ] ], [ [ [ 88.776947385375848, 21.866954480185111 ], [ 88.786110857885944, 21.868332274310795 ], [ 88.787783008808361, 21.863610080370915 ], [ 88.829720900320453, 21.862218920304745 ], [ 88.79499786735947, 21.791390478446054 ], [ 88.765830860986568, 21.828891543587211 ], [ 88.776947385375848, 21.866954480185111 ] ] ], [ [ [ 88.849126902855431, 21.911786243586388 ], [ 88.974717465554335, 21.896941890185925 ], [ 88.966111389617737, 21.890279959854254 ], [ 88.976670566582612, 21.867498454266997 ], [ 88.955561199173559, 21.853889280411234 ], [ 88.958883219283138, 21.86972356392678 ], [ 88.949447756579715, 21.886672549295213 ], [ 88.943334286809161, 21.884723937612431 ], [ 88.947218159503961, 21.840561042610396 ], [ 88.915001145903929, 21.880831132746312 ], [ 88.906939155849145, 21.878886982052254 ], [ 88.939165068763586, 21.850000933238377 ], [ 88.890556398124772, 21.812499906628616 ], [ 88.87805306733226, 21.853889256323171 ], [ 88.819616516448718, 21.928200237814444 ], [ 88.849126902855431, 21.911786243586388 ] ] ], [ [ [ 88.815835252686171, 21.900834648163418 ], [ 88.829435459168863, 21.864715993420887 ], [ 88.801106784011751, 21.869719120519377 ], [ 88.815835252686171, 21.900834648163418 ] ] ], [ [ [ 88.749724615526844, 21.981945718122535 ], [ 88.789843109576324, 21.985276645057823 ], [ 88.776666498693231, 21.990832758209102 ], [ 88.753608446589624, 21.988059178394863 ], [ 88.772497211745701, 22.012218595531099 ], [ 88.761724046795379, 22.014907373194696 ], [ 88.899719810026255, 22.013061363856888 ], [ 88.907273573786384, 21.929537918532585 ], [ 88.856582526691099, 21.919059008394942 ], [ 88.787225632589056, 21.95499939907539 ], [ 88.775556137914975, 21.943329880501608 ], [ 88.749724615526844, 21.981945718122535 ] ] ], [ [ [ 89.008330136553155, 22.050821051821476 ], [ 89.015669845014287, 22.051873361538373 ], [ 89.040810280965047, 22.048872418087786 ], [ 89.073843278291776, 22.003407390491535 ], [ 89.060149366939044, 21.932124242743665 ], [ 88.999550193060031, 21.949483459256726 ], [ 89.032502928549803, 22.002083002206909 ], [ 88.992437930110782, 21.973629489983256 ], [ 88.989691091477326, 21.98566909347322 ], [ 88.975564657838973, 21.991390090585497 ], [ 88.983064880062855, 21.992799233736811 ], [ 88.999358439449296, 22.007104007848383 ], [ 88.974472226279403, 21.993641989728165 ], [ 88.979154299801237, 22.004722855881919 ], [ 88.968077895598398, 22.015540590962416 ], [ 88.98550399623285, 22.045916013723936 ], [ 88.984933281086199, 22.05495016725596 ], [ 89.008330136553155, 22.050821051821476 ] ] ], [ [ [ 88.879083135738597, 22.014519440577747 ], [ 88.851953956804778, 22.041684329403566 ], [ 88.901276092165503, 22.041019889423254 ], [ 88.879083135738597, 22.014519440577747 ] ] ], [ [ [ 88.832209049753274, 22.027169921019631 ], [ 88.780157971951894, 22.037831684977558 ], [ 88.814921105193847, 22.061112657751476 ], [ 88.832209049753274, 22.027169921019631 ] ] ], [ [ [ 88.921110173909256, 22.161669824474522 ], [ 88.96088979982369, 22.189124504101386 ], [ 88.980795195832911, 22.1332296701123 ], [ 88.970030945699094, 22.15630103865368 ], [ 88.963195121807217, 22.160140362764739 ], [ 88.952751932913131, 22.158468156873173 ], [ 88.978262430322033, 22.131468340404798 ], [ 88.986106015877098, 22.135490381510969 ], [ 88.969192621194381, 22.082828429394695 ], [ 88.955975863689787, 22.101770725303275 ], [ 88.950544648798399, 22.104169706912071 ], [ 88.966940794832681, 22.078610151464655 ], [ 88.924637296154572, 22.064590704679947 ], [ 88.92896263665429, 22.005503199445471 ], [ 88.937764908173477, 22.060559681589375 ], [ 88.963257562211794, 22.05741152321303 ], [ 88.961465010371015, 22.048997213230599 ], [ 88.977098598168141, 22.038393524162764 ], [ 88.962218629236048, 22.017221726937873 ], [ 88.972496825173536, 21.98779160703177 ], [ 88.992232788356446, 21.970004224411721 ], [ 89.012771450441221, 21.980839921179534 ], [ 88.99101103896038, 21.948359755680055 ], [ 89.011986659874239, 21.901949449890342 ], [ 88.968376623980006, 21.921979740193695 ], [ 88.971711997540666, 21.92926142432923 ], [ 88.96467555473744, 21.934799652040823 ], [ 88.97618894360933, 21.938951097074487 ], [ 88.976385185390228, 21.94611241821098 ], [ 88.962503962299508, 21.935000340926621 ], [ 88.96578139007751, 21.922902790872488 ], [ 88.935883118865831, 21.936489699872247 ], [ 88.912718144481801, 21.994359885078403 ], [ 88.901396478886952, 22.064786909013595 ], [ 88.940346702844934, 22.127976862366438 ], [ 88.893445890244891, 22.166739790527956 ], [ 88.921110173909256, 22.161669824474522 ] ] ], [ [ [ 88.834380656099484, 22.063890642635641 ], [ 88.869157164476434, 22.081365847397102 ], [ 88.870164909547071, 22.063052321130815 ], [ 88.89028885864677, 22.047833443453413 ], [ 88.853951657150731, 22.044627339045579 ], [ 88.835959162665716, 22.025448764041681 ], [ 88.845550667713297, 22.061669987799974 ], [ 88.820000002894403, 22.06417151816823 ], [ 88.834380656099484, 22.063890642635641 ] ] ], [ [ [ 88.904442015114597, 22.086582970631852 ], [ 88.890908652151396, 22.06035455655767 ], [ 88.870963080774757, 22.06435880638973 ], [ 88.870209484575099, 22.086899586028078 ], [ 88.881401867119905, 22.083943173861144 ], [ 88.904442015114597, 22.086582970631852 ] ] ], [ [ [ 88.849242827116285, 22.10396902055864 ], [ 88.867498372300574, 22.082502900687086 ], [ 88.838090579168693, 22.073076408214696 ], [ 88.819206278052903, 22.104423875032456 ], [ 88.805512425016559, 22.085080308604869 ], [ 88.798863867215175, 22.111380052437429 ], [ 88.849242827116285, 22.10396902055864 ] ] ], [ [ [ 88.994703178904274, 22.1464642583678 ], [ 88.972688557705496, 22.193436417547133 ], [ 89.006056007110701, 22.198354851972546 ], [ 89.018630683741335, 22.153812841907353 ], [ 89.050477574474087, 22.130629994555349 ], [ 89.014648716130708, 22.114006502269987 ], [ 89.038785793836041, 22.054901134947844 ], [ 89.027673721277324, 22.053523265245833 ], [ 89.02997020644851, 22.059123889839125 ], [ 89.028801928669793, 22.07712972179273 ], [ 89.023375195639375, 22.078788477572289 ], [ 89.026046140245128, 22.052934607365064 ], [ 88.985289988102252, 22.05698352328951 ], [ 88.977914641992101, 22.039922942472604 ], [ 88.994703178904274, 22.1464642583678 ] ] ], [ [ [ 88.860243398945983, 22.142446626135175 ], [ 88.886083938840059, 22.164826820207157 ], [ 88.916624264149533, 22.090894967841635 ], [ 88.852890358735706, 22.102394947497118 ], [ 88.830697437172461, 22.127080588797192 ], [ 88.860243398945983, 22.142446626135175 ] ] ], [ [ [ 88.928026193974546, 22.225903149966587 ], [ 88.95783081012388, 22.191742010067536 ], [ 88.909462983025847, 22.193726269531517 ], [ 88.918791393497457, 22.230808153864334 ], [ 88.928026193974546, 22.225903149966587 ] ] ], [ [ [ 88.748190641089863, 22.197271232527935 ], [ 88.791564317113014, 22.258436763723093 ], [ 88.795051395192075, 22.276076970429866 ], [ 88.813070615365589, 22.283318586013419 ], [ 88.825676480092326, 22.24144310550815 ], [ 88.798471461720069, 22.225974498804764 ], [ 88.805543653962118, 22.208352176777019 ], [ 88.81822976547933, 22.195590229724715 ], [ 88.827500254409259, 22.19498821062189 ], [ 88.836538817357649, 22.168510067922348 ], [ 88.809614799662242, 22.183336598152241 ], [ 88.794150651968494, 22.170570147330263 ], [ 88.748190641089863, 22.197271232527935 ] ] ], [ [ [ 88.828423284933152, 22.241906895850921 ], [ 88.820000002894403, 22.359725239336239 ], [ 88.870552835119426, 22.357781040008707 ], [ 88.936217595610429, 22.300561891311151 ], [ 88.953130978419537, 22.224552044521054 ], [ 88.918969777074807, 22.233033284441774 ], [ 88.905427477084601, 22.222090588247831 ], [ 88.886681406669013, 22.237153427033441 ], [ 88.895474808357719, 22.252390261636435 ], [ 88.88760890613851, 22.265932520072706 ], [ 88.876768812316712, 22.274493956762022 ], [ 88.872621881183292, 22.274547508012851 ], [ 88.86509490212751, 22.270810752896569 ], [ 88.863150737686283, 22.276398059333555 ], [ 88.849969634856734, 22.289307105416995 ], [ 88.843330058885172, 22.289721822807728 ], [ 88.864863068325221, 22.27015079228385 ], [ 88.887238845331964, 22.264911409153363 ], [ 88.885437367416273, 22.236792261016792 ], [ 88.919669852088688, 22.166311767583068 ], [ 88.873174824348027, 22.170512209625201 ], [ 88.866178508548572, 22.19414540766634 ], [ 88.883439641797722, 22.200053790296305 ], [ 88.886030381421847, 22.204548566150347 ], [ 88.88485766152246, 22.210983005808785 ], [ 88.878440992509368, 22.213792208646424 ], [ 88.841011329921713, 22.214264943650523 ], [ 88.875836899432386, 22.25280487749621 ], [ 88.839432794840121, 22.215526835153621 ], [ 88.841947758037634, 22.211741057093434 ], [ 88.849465740581323, 22.209787952219969 ], [ 88.881606973527894, 22.211821289694598 ], [ 88.883858833368151, 22.202336823032329 ], [ 88.853866938793402, 22.205993292039999 ], [ 88.850861485690046, 22.203415955429751 ], [ 88.84660299869725, 22.190301679439482 ], [ 88.840881978870385, 22.192660602758167 ], [ 88.836793004350397, 22.207059013381361 ], [ 88.830902500413998, 22.21013135871193 ], [ 88.806404200163001, 22.209435715160875 ], [ 88.828423284933152, 22.241906895850921 ] ] ], [ [ [ 88.969437891835867, 22.213132328956313 ], [ 88.953911265049783, 22.359729715883383 ], [ 88.964622025801233, 22.367439462650204 ], [ 88.973847914540727, 22.393913126501225 ], [ 88.97000867530042, 22.408583602686594 ], [ 88.989160502426103, 22.390649127626403 ], [ 88.983756060348924, 22.325020079164769 ], [ 89.023330566610298, 22.297502961548933 ], [ 88.9938871023639, 22.286109944106339 ], [ 89.090752184617415, 22.146036222353224 ], [ 89.061562932224533, 22.128494066217318 ], [ 89.01860836665854, 22.206671028436674 ], [ 88.969437891835867, 22.213132328956313 ] ] ], [ [ [ 88.861665870158802, 22.410554572962997 ], [ 88.880576894484562, 22.403210411571877 ], [ 88.874847002702055, 22.386832136206522 ], [ 88.898613964352819, 22.336676149448458 ], [ 88.860832013618904, 22.370832894994543 ], [ 88.861665870158802, 22.410554572962997 ] ] ], [ [ [ 88.894721217594267, 22.466110443341162 ], [ 88.913886421675116, 22.514723602390678 ], [ 88.895042274387919, 22.559640095374345 ], [ 88.955949130115584, 22.551372964421386 ], [ 88.995278356112152, 22.466944344837501 ], [ 88.998609293024643, 22.430290472337699 ], [ 88.96416720961281, 22.409167780646943 ], [ 88.95777734535794, 22.36471946923249 ], [ 88.939445957443525, 22.419009019991606 ], [ 88.941947492475364, 22.309881412165268 ], [ 88.8964290298034, 22.379826884821714 ], [ 88.930001601314942, 22.390279011469207 ], [ 88.894721217594267, 22.466110443341162 ] ] ], [ [ [ 88.843610937282762, 22.507397265867347 ], [ 88.895461422036561, 22.554168778519919 ], [ 88.905775290206947, 22.521131329432965 ], [ 88.892326636428237, 22.465352456099971 ], [ 88.921667515747274, 22.400552727840683 ], [ 88.88804590727095, 22.378333066319495 ], [ 88.898056605212005, 22.366668017334632 ], [ 88.876603859256505, 22.386916846655645 ], [ 88.882186651595759, 22.403638435580358 ], [ 88.85612322930568, 22.422781397821868 ], [ 88.867739194790062, 22.487866437778241 ], [ 88.843610937282762, 22.507397265867347 ] ] ], [ [ [ 88.780831263121698, 22.500280531626412 ], [ 88.821685601342608, 22.434789723321423 ], [ 88.834831036163109, 22.433804265755928 ], [ 88.819228629480534, 22.43225254742973 ], [ 88.803969568767769, 22.444452655097884 ], [ 88.780831263121698, 22.500280531626412 ] ] ], [ [ [ 88.936507419679799, 22.619137940907468 ], [ 88.934572151512512, 22.621492266497057 ], [ 88.936048128705323, 22.62157256186379 ], [ 88.936507419679799, 22.619137940907468 ] ] ], [ [ [ 91.388883674471813, 23.178447431049825 ], [ 91.38877224730949, 23.179392781292307 ], [ 91.389829012786407, 23.177172125871177 ], [ 91.388883674471813, 23.178447431049825 ] ] ] ] } }
]
}
