year,longitude,latitude,presence,area_km2,protected_km2,eph_km2,biome,ecoregion
2001,90.78383689481012,26.722986517760145,1,2399.0,525.0,1718.0,Tropical & Subtropical Moist Broadleaf Forests,Brahmaputra Valley semi-evergreen forests
2001,89.86210920653984,26.679125895600706,1,3.0,0.0,0.0,"Tropical & Subtropical Grasslands, Savannas & Shrublands",Terai-Duar savanna and grasslands
2001,94.58239887752808,28.222877806657042,1,61207.0,10.0,53647.0,Temperate Broadleaf & Mixed Forests,Eastern Himalayan broadleaf forests
2001,92.46281280876578,27.148161237266258,1,61207.0,10.0,53647.0,Temperate Broadleaf & Mixed Forests,Eastern Himalayan broadleaf forests
2001,96.20314778641071,28.852875096191376,1,61207.0,10.0,53647.0,Temperate Broadleaf & Mixed Forests,Eastern Himalayan broadleaf forests
2001,93.74594170371236,27.703019670861867,1,61207.0,10.0,53647.0,Temperate Broadleaf & Mixed Forests,Eastern Himalayan broadleaf forests
2001,92.65726292123622,27.425181639225094,1,61207.0,10.0,53647.0,Temperate Broadleaf & Mixed Forests,Eastern Himalayan broadleaf forests
2001,94.3517314498673,28.518216837341498,1,61207.0,10.0,53647.0,Temperate Broadleaf & Mixed Forests,Eastern Himalayan broadleaf forests
2001,95.84424031350851,29.18637459275715,1,61207.0,10.0,53647.0,Temperate Broadleaf & Mixed Forests,Eastern Himalayan broadleaf forests
2001,92.72813130709892,27.305926864378275,1,61207.0,10.0,53647.0,Temperate Broadleaf & Mixed Forests,Eastern Himalayan broadleaf forests
2001,93.04888909163148,27.794421573420117,1,61207.0,10.0,53647.0,Temperate Broadleaf & Mixed Forests,Eastern Himalayan broadleaf forests
2001,93.73531702543956,28.517786832932774,1,61207.0,10.0,53647.0,Temperate Broadleaf & Mixed Forests,Eastern Himalayan broadleaf forests
2001,96.09393484796769,28.3478072269066,1,61207.0,10.0,53647.0,Temperate Broadleaf & Mixed Forests,Eastern Himalayan broadleaf forests
2001,97.17326052833552,28.220255325489042,1,61207.0,10.0,53647.0,Temperate Broadleaf & Mixed Forests,Eastern Himalayan broadleaf forests
2001,95.16904199750734,28.27409567972343,1,61207.0,10.0,53647.0,Temperate Broadleaf & Mixed Forests,Eastern Himalayan broadleaf forests
2001,93.11581232645727,27.428222701761957,1,61207.0,10.0,53647.0,Temperate Broadleaf & Mixed Forests,Eastern Himalayan broadleaf forests
2001,97.12899683302895,27.96171403510447,1,61207.0,10.0,53647.0,Temperate Broadleaf & Mixed Forests,Eastern Himalayan broadleaf forests
2001,96.01826704286002,28.37496562758873,1,61207.0,10.0,53647.0,Temperate Broadleaf & Mixed Forests,Eastern Himalayan broadleaf forests
2001,92.90877601689529,27.606892991215062,1,61207.0,10.0,53647.0,Temperate Broadleaf & Mixed Forests,Eastern Himalayan broadleaf forests
2001,94.9768756358165,28.795227081324395,1,61207.0,10.0,53647.0,Temperate Broadleaf & Mixed Forests,Eastern Himalayan broadleaf forests
2001,94.20381519203447,28.91175811980189,1,61207.0,10.0,53647.0,Temperate Broadleaf & Mixed Forests,Eastern Himalayan broadleaf forests
2001,95.74151859618493,29.030375795183197,1,61207.0,10.0,53647.0,Temperate Broadleaf & Mixed Forests,Eastern Himalayan broadleaf forests
2001,95.60976153375883,28.589354591062047,1,61207.0,10.0,53647.0,Temperate Broadleaf & Mixed Forests,Eastern Himalayan broadleaf forests
2001,93.01704337940099,27.903788957046018,1,61207.0,10.0,53647.0,Temperate Broadleaf & Mixed Forests,Eastern Himalayan broadleaf forests
2001,94.63247568808531,28.051145530514173,1,61207.0,10.0,53647.0,Temperate Broadleaf & Mixed Forests,Eastern Himalayan broadleaf forests
2001,93.07605636624093,27.88231121242672,1,61207.0,10.0,53647.0,Temperate Broadleaf & Mixed Forests,Eastern Himalayan broadleaf forests
2001,92.20785143768407,27.497541049601637,1,61207.0,10.0,53647.0,Temperate Broadleaf & Mixed Forests,Eastern Himalayan broadleaf forests
2001,94.31590203384052,28.908981340060073,1,61207.0,10.0,53647.0,Temperate Broadleaf & Mixed Forests,Eastern Himalayan broadleaf forests
2001,95.84085052092772,29.13800687905456,1,61207.0,10.0,53647.0,Temperate Broadleaf & Mixed Forests,Eastern Himalayan broadleaf forests
2001,95.16987224998581,28.07561719723894,1,61207.0,10.0,53647.0,Temperate Broadleaf & Mixed Forests,Eastern Himalayan broadleaf forests
2001,94.83748502122607,28.99000149532148,1,61207.0,10.0,53647.0,Temperate Broadleaf & Mixed Forests,Eastern Himalayan broadleaf forests
2001,95.1800041131875,28.833494032161372,1,61207.0,10.0,53647.0,Temperate Broadleaf & Mixed Forests,Eastern Himalayan broadleaf forests
2001,95.54179499604498,28.792206049406992,1,61207.0,10.0,53647.0,Temperate Broadleaf & Mixed Forests,Eastern Himalayan broadleaf forests
2001,95.821771050552,28.470372297684435,1,61207.0,10.0,53647.0,Temperate Broadleaf & Mixed Forests,Eastern Himalayan broadleaf forests
2001,93.19854958350274,25.474136130981407,1,17373.0,301.0,11724.0,Tropical & Subtropical Moist Broadleaf Forests,Meghalaya subtropical forests
2001,93.35258707521928,26.503635680515686,1,17373.0,301.0,11724.0,Tropical & Subtropical Moist Broadleaf Forests,Meghalaya subtropical forests
2001,93.41856811635131,25.440104391280272,1,17373.0,301.0,11724.0,Tropical & Subtropical Moist Broadleaf Forests,Meghalaya subtropical forests
2001,92.92379310723416,26.307018172220413,1,17373.0,301.0,11724.0,Tropical & Subtropical Moist Broadleaf Forests,Meghalaya subtropical forests
2001,93.1045493201405,26.37309306670214,1,17373.0,301.0,11724.0,Tropical & Subtropical Moist Broadleaf Forests,Meghalaya subtropical forests
2001,92.87595566668978,24.97210224532886,1,17373.0,301.0,11724.0,Tropical & Subtropical Moist Broadleaf Forests,Meghalaya subtropical forests
2001,93.74947211005546,26.40332815854945,1,17373.0,301.0,11724.0,Tropical & Subtropical Moist Broadleaf Forests,Meghalaya subtropical forests
2001,93.09288684772348,24.983559812281904,1,17373.0,301.0,11724.0,Tropical & Subtropical Moist Broadleaf Forests,Meghalaya subtropical forests
2001,92.68695562079051,25.45539037391302,1,17373.0,301.0,11724.0,Tropical & Subtropical Moist Broadleaf Forests,Meghalaya subtropical forests
2001,96.61470408543053,27.435384933384842,1,13095.0,0.0,10788.0,Temperate Broadleaf & Mixed Forests,Eastern Himalayan broadleaf forests
2001,96.92529872963733,27.321151131620613,1,13095.0,0.0,10788.0,Temperate Broadleaf & Mixed Forests,Eastern Himalayan broadleaf forests
2001,96.74957106814215,27.895992171208917,1,13095.0,0.0,10788.0,Temperate Broadleaf & Mixed Forests,Eastern Himalayan broadleaf forests
2001,96.50857553407849,27.434858170495783,1,13095.0,0.0,10788.0,Temperate Broadleaf & Mixed Forests,Eastern Himalayan broadleaf forests
2001,97.04838808208139,27.253972825766205,1,13095.0,0.0,10788.0,Temperate Broadleaf & Mixed Forests,Eastern Himalayan broadleaf forests
2001,96.57753945570478,27.492838410435603,1,13095.0,0.0,10788.0,Temperate Broadleaf & Mixed Forests,Eastern Himalayan broadleaf forests
2001,95.61199245981553,27.11435115992274,1,13095.0,0.0,10788.0,Temperate Broadleaf & Mixed Forests,Eastern Himalayan broadleaf forests
2001,94.29780601506528,26.065867633227732,1,15600.0,0.0,11468.0,Tropical & Subtropical Moist Broadleaf Forests,Mizoram-Manipur-Kachin rain forests
2001,94.4283714331987,26.046544647662603,1,15600.0,0.0,11468.0,Tropical & Subtropical Moist Broadleaf Forests,Mizoram-Manipur-Kachin rain forests
2001,94.15395952521888,25.858128092975537,1,15600.0,0.0,11468.0,Tropical & Subtropical Moist Broadleaf Forests,Mizoram-Manipur-Kachin rain forests
2001,95.08044608901317,25.9769081511514,1,15600.0,0.0,11468.0,Tropical & Subtropical Moist Broadleaf Forests,Mizoram-Manipur-Kachin rain forests
2001,94.11511799358735,26.314387125378747,1,15600.0,0.0,11468.0,Tropical & Subtropical Moist Broadleaf Forests,Mizoram-Manipur-Kachin rain forests
2001,94.43018797237954,26.472126944951537,1,15600.0,0.0,11468.0,Tropical & Subtropical Moist Broadleaf Forests,Mizoram-Manipur-Kachin rain forests
2001,94.44091476214986,26.56797058325006,1,15600.0,0.0,11468.0,Tropical & Subtropical Moist Broadleaf Forests,Mizoram-Manipur-Kachin rain forests
2001,94.93601933524641,26.48608530111324,1,15600.0,0.0,11468.0,Tropical & Subtropical Moist Broadleaf Forests,Mizoram-Manipur-Kachin rain forests
2001,93.3883996975036,25.233769666088662,1,42.0,0.0,32.0,Tropical & Subtropical Moist Broadleaf Forests,Mizoram-Manipur-Kachin rain forests
2001,92.54293630090024,25.613905748429858,1,171.0,0.0,144.0,Tropical & Subtropical Moist Broadleaf Forests,Meghalaya subtropical forests
2001,77.09943100429969,11.652817146857947,1,6922.0,0.0,4655.0,Tropical & Subtropical Dry Broadleaf Forests,South Deccan Plateau dry deciduous forests
2001,76.60346103068098,11.289482577100115,1,6922.0,0.0,4655.0,Tropical & Subtropical Dry Broadleaf Forests,South Deccan Plateau dry deciduous forests
2001,77.68126503811372,12.244278309032707,1,6922.0,0.0,4655.0,Tropical & Subtropical Dry Broadleaf Forests,South Deccan Plateau dry deciduous forests
2001,74.20441587093387,15.75344266529073,1,25.0,0.0,18.0,Tropical & Subtropical Moist Broadleaf Forests,North Western Ghats montane rain forests
2001,76.68669806987995,11.096077821377822,1,4666.0,0.0,3135.0,Tropical & Subtropical Moist Broadleaf Forests,South Western Ghats montane rain forests
2001,76.33994143003889,11.44645493059941,1,4666.0,0.0,3135.0,Tropical & Subtropical Moist Broadleaf Forests,South Western Ghats montane rain forests
2001,74.6708331776177,14.156548140384412,1,25823.0,0.0,17324.0,Tropical & Subtropical Moist Broadleaf Forests,North Western Ghats montane rain forests
2001,74.69322000036261,14.900885672155306,1,25823.0,0.0,17324.0,Tropical & Subtropical Moist Broadleaf Forests,North Western Ghats montane rain forests
2001,74.51958962570299,14.385534934833615,1,25823.0,0.0,17324.0,Tropical & Subtropical Moist Broadleaf Forests,North Western Ghats montane rain forests
2001,75.11151558433374,13.574160324175494,1,25823.0,0.0,17324.0,Tropical & Subtropical Moist Broadleaf Forests,North Western Ghats montane rain forests
2001,74.40027549352918,15.632977582132256,1,25823.0,0.0,17324.0,Tropical & Subtropical Moist Broadleaf Forests,North Western Ghats montane rain forests
2001,75.0092497656599,13.32283990985167,1,25823.0,0.0,17324.0,Tropical & Subtropical Moist Broadleaf Forests,North Western Ghats montane rain forests
2001,74.55427432428671,15.450600758903498,1,25823.0,0.0,17324.0,Tropical & Subtropical Moist Broadleaf Forests,North Western Ghats montane rain forests
2001,74.65708170278023,14.496100195530127,1,25823.0,0.0,17324.0,Tropical & Subtropical Moist Broadleaf Forests,North Western Ghats montane rain forests
2001,75.61071399564322,13.101091998972475,1,25823.0,0.0,17324.0,Tropical & Subtropical Moist Broadleaf Forests,North Western Ghats montane rain forests
2001,74.39706023688586,14.88090823203387,1,25823.0,0.0,17324.0,Tropical & Subtropical Moist Broadleaf Forests,North Western Ghats montane rain forests
2001,74.29747437174034,15.739235745544004,1,25823.0,0.0,17324.0,Tropical & Subtropical Moist Broadleaf Forests,North Western Ghats montane rain forests
2001,75.96034894853868,12.249449660531239,1,25823.0,0.0,17324.0,Tropical & Subtropical Moist Broadleaf Forests,North Western Ghats montane rain forests
2001,76.38145894999786,27.477071744163112,1,2376.0,0.0,1343.0,Tropical & Subtropical Dry Broadleaf Forests,Khathiar-Gir dry deciduous forests
2001,76.6016188851678,26.060798690673938,1,495.0,0.0,266.0,Tropical & Subtropical Dry Broadleaf Forests,Khathiar-Gir dry deciduous forests
2001,77.31693100532824,8.560787277555953,1,1626.0,0.0,1147.0,Tropical & Subtropical Moist Broadleaf Forests,South Western Ghats montane rain forests
2001,76.97674674893717,10.20953757679768,1,8600.0,0.0,6072.0,Tropical & Subtropical Moist Broadleaf Forests,South Western Ghats montane rain forests
2001,77.14648716554193,8.821607720033347,1,8600.0,0.0,6072.0,Tropical & Subtropical Moist Broadleaf Forests,South Western Ghats montane rain forests
2001,77.13880373380796,9.185484715665368,1,8600.0,0.0,6072.0,Tropical & Subtropical Moist Broadleaf Forests,South Western Ghats montane rain forests
2001,77.14617651169853,9.10485960538244,1,8600.0,0.0,6072.0,Tropical & Subtropical Moist Broadleaf Forests,South Western Ghats montane rain forests
2001,84.2060275967566,27.394889051402664,1,931.0,14.0,676.0,Tropical & Subtropical Moist Broadleaf Forests,Himalayan subtropical broadleaf forests
2001,78.34882033922398,30.603807666478353,1,21823.0,0.0,14279.0,Tropical & Subtropical Coniferous Forests,Himalayan subtropical pine forests
2001,77.89965810730324,30.41811294153382,1,21823.0,0.0,14279.0,Tropical & Subtropical Coniferous Forests,Himalayan subtropical pine forests
2001,79.92723170137839,29.428979470575726,1,21823.0,0.0,14279.0,Tropical & Subtropical Coniferous Forests,Himalayan subtropical pine forests
2001,78.16933799386148,30.1127786444322,1,21823.0,0.0,14279.0,Tropical & Subtropical Coniferous Forests,Himalayan subtropical pine forests
2001,78.68083749080138,29.582926976933376,1,21823.0,0.0,14279.0,Tropical & Subtropical Coniferous Forests,Himalayan subtropical pine forests
2001,80.23833712827292,29.182052443531205,1,21823.0,0.0,14279.0,Tropical & Subtropical Coniferous Forests,Himalayan subtropical pine forests
2001,79.17425464530704,30.331687030890972,1,21823.0,0.0,14279.0,Tropical & Subtropical Coniferous Forests,Himalayan subtropical pine forests
2001,78.50085584863079,30.14695833370949,1,21823.0,0.0,14279.0,Tropical & Subtropical Coniferous Forests,Himalayan subtropical pine forests
2001,77.80409049830031,30.682891575561275,1,21823.0,0.0,14279.0,Tropical & Subtropical Coniferous Forests,Himalayan subtropical pine forests
2001,78.43833373918585,30.00404819835397,1,21823.0,0.0,14279.0,Tropical & Subtropical Coniferous Forests,Himalayan subtropical pine forests
2001,80.04635182061693,29.12390623094218,1,21823.0,0.0,14279.0,Tropical & Subtropical Coniferous Forests,Himalayan subtropical pine forests
2001,77.90209861379948,30.657743883568887,1,21823.0,0.0,14279.0,Tropical & Subtropical Coniferous Forests,Himalayan subtropical pine forests
2001,80.76372833589126,28.439988677130078,1,801.0,0.0,480.0,"Tropical & Subtropical Grasslands, Savannas & Shrublands",Terai-Duar savanna and grasslands
2001,77.50978620595245,22.378429782298895,1,10163.0,0.0,6097.0,Tropical & Subtropical Moist Broadleaf Forests,East Deccan moist deciduous forests
2001,77.97917508584335,22.426045528794628,1,10163.0,0.0,6097.0,Tropical & Subtropical Moist Broadleaf Forests,East Deccan moist deciduous forests
2001,77.34762599391502,21.992853142060344,1,10163.0,0.0,6097.0,Tropical & Subtropical Moist Broadleaf Forests,East Deccan moist deciduous forests
2001,78.51679679073133,22.38602252733819,1,10163.0,0.0,6097.0,Tropical & Subtropical Moist Broadleaf Forests,East Deccan moist deciduous forests
2001,78.62804804938268,22.316384341651226,1,10163.0,0.0,6097.0,Tropical & Subtropical Moist Broadleaf Forests,East Deccan moist deciduous forests
2001,77.15295396106148,21.712877753590988,1,43.0,0.0,13.0,Tropical & Subtropical Dry Broadleaf Forests,Narmada Valley dry deciduous forests
2001,79.5458193002271,19.538652547483764,1,0.0,0.0,0.0,Tropical & Subtropical Moist Broadleaf Forests,East Deccan moist deciduous forests
2001,79.36298661898932,20.134142267243725,1,4202.0,0.0,2578.0,Tropical & Subtropical Dry Broadleaf Forests,Central Deccan Plateau dry deciduous forests
2001,79.23107063400099,20.125414320746504,1,4202.0,0.0,2578.0,Tropical & Subtropical Dry Broadleaf Forests,Central Deccan Plateau dry deciduous forests
2001,78.94777526750418,14.147688127732302,1,8247.0,0.0,5373.0,Deserts & Xeric Shrublands,Deccan thorn scrub forests
2001,79.25380990484835,13.68332672297459,1,8247.0,0.0,5373.0,Deserts & Xeric Shrublands,Deccan thorn scrub forests
2001,79.12704021752008,14.504074768467433,1,8247.0,0.0,5373.0,Deserts & Xeric Shrublands,Deccan thorn scrub forests
2001,79.05378600221036,15.08167843505032,1,8247.0,0.0,5373.0,Deserts & Xeric Shrublands,Deccan thorn scrub forests
2001,78.7970512680306,14.904780979411692,1,8011.0,0.0,5824.0,Tropical & Subtropical Dry Broadleaf Forests,Central Deccan Plateau dry deciduous forests
2001,78.79357751415282,15.03823687115365,1,8011.0,0.0,5824.0,Tropical & Subtropical Dry Broadleaf Forests,Central Deccan Plateau dry deciduous forests
2001,79.6923033906361,16.23196972369176,1,8011.0,0.0,5824.0,Tropical & Subtropical Dry Broadleaf Forests,Central Deccan Plateau dry deciduous forests
2001,78.82791742519883,15.984968723858326,1,8011.0,0.0,5824.0,Tropical & Subtropical Dry Broadleaf Forests,Central Deccan Plateau dry deciduous forests
2001,78.68767433113813,16.046369674912135,1,41.0,0.0,24.0,Tropical & Subtropical Dry Broadleaf Forests,Central Deccan Plateau dry deciduous forests
2001,80.86866235788274,25.1103897715587,1,92.0,0.0,72.0,Tropical & Subtropical Moist Broadleaf Forests,Upper Gangetic Plains moist deciduous forests
2001,81.24037456232153,24.899615857729408,1,7228.0,0.0,3898.0,Tropical & Subtropical Dry Broadleaf Forests,Narmada Valley dry deciduous forests
2001,80.56568733983384,24.84666569690372,1,7228.0,0.0,3898.0,Tropical & Subtropical Dry Broadleaf Forests,Narmada Valley dry deciduous forests
2001,79.30137627701804,24.34142649059824,1,7228.0,0.0,3898.0,Tropical & Subtropical Dry Broadleaf Forests,Narmada Valley dry deciduous forests
2001,80.51587723632417,24.9010271832708,1,7228.0,0.0,3898.0,Tropical & Subtropical Dry Broadleaf Forests,Narmada Valley dry deciduous forests
2001,81.41277517298538,19.38075338901667,1,45971.0,0.0,31732.0,Tropical & Subtropical Moist Broadleaf Forests,East Deccan moist deciduous forests
2001,83.19958464103804,22.759921329771174,1,45971.0,0.0,31732.0,Tropical & Subtropical Moist Broadleaf Forests,East Deccan moist deciduous forests
2001,83.20647743227269,22.8878738442565,1,45971.0,0.0,31732.0,Tropical & Subtropical Moist Broadleaf Forests,East Deccan moist deciduous forests
2001,81.7427149685827,22.584956644774028,1,45971.0,0.0,31732.0,Tropical & Subtropical Moist Broadleaf Forests,East Deccan moist deciduous forests
2001,81.27794196762646,17.837861671448465,1,45971.0,0.0,31732.0,Tropical & Subtropical Moist Broadleaf Forests,East Deccan moist deciduous forests
2001,81.20939087203097,19.63144334365753,1,45971.0,0.0,31732.0,Tropical & Subtropical Moist Broadleaf Forests,East Deccan moist deciduous forests
2001,80.71002458799421,19.796587431785415,1,45971.0,0.0,31732.0,Tropical & Subtropical Moist Broadleaf Forests,East Deccan moist deciduous forests
2001,80.8094667950107,19.051488180619724,1,45971.0,0.0,31732.0,Tropical & Subtropical Moist Broadleaf Forests,East Deccan moist deciduous forests
2001,81.20137057705693,17.978566889230315,1,45971.0,0.0,31732.0,Tropical & Subtropical Moist Broadleaf Forests,East Deccan moist deciduous forests
2001,81.18557829694205,20.514240782699275,1,45971.0,0.0,31732.0,Tropical & Subtropical Moist Broadleaf Forests,East Deccan moist deciduous forests
2001,81.89026754554207,20.265827882618805,1,45971.0,0.0,31732.0,Tropical & Subtropical Moist Broadleaf Forests,East Deccan moist deciduous forests
2001,80.97153674482264,21.918489709432833,1,45971.0,0.0,31732.0,Tropical & Subtropical Moist Broadleaf Forests,East Deccan moist deciduous forests
2001,81.14940664097752,19.112864490050512,1,45971.0,0.0,31732.0,Tropical & Subtropical Moist Broadleaf Forests,East Deccan moist deciduous forests
2001,81.38355480089616,18.274489422085875,1,45971.0,0.0,31732.0,Tropical & Subtropical Moist Broadleaf Forests,East Deccan moist deciduous forests
2001,81.99855396954284,20.4619973839529,1,45971.0,0.0,31732.0,Tropical & Subtropical Moist Broadleaf Forests,East Deccan moist deciduous forests
2001,81.0103320530921,19.1651580749035,1,45971.0,0.0,31732.0,Tropical & Subtropical Moist Broadleaf Forests,East Deccan moist deciduous forests
2001,80.97908439731982,18.781242007568906,1,45971.0,0.0,31732.0,Tropical & Subtropical Moist Broadleaf Forests,East Deccan moist deciduous forests
2001,80.76731386071933,19.709033164596327,1,45971.0,0.0,31732.0,Tropical & Subtropical Moist Broadleaf Forests,East Deccan moist deciduous forests
2001,81.81709264112718,22.492681942057274,1,45971.0,0.0,31732.0,Tropical & Subtropical Moist Broadleaf Forests,East Deccan moist deciduous forests
2001,81.35647644832898,19.831664978871462,1,45971.0,0.0,31732.0,Tropical & Subtropical Moist Broadleaf Forests,East Deccan moist deciduous forests
2001,82.21082112931276,22.568993033442805,1,45971.0,0.0,31732.0,Tropical & Subtropical Moist Broadleaf Forests,East Deccan moist deciduous forests
2001,80.65126420239248,18.82070060812308,1,45971.0,0.0,31732.0,Tropical & Subtropical Moist Broadleaf Forests,East Deccan moist deciduous forests
2001,80.31076869794977,18.29602546430031,1,11002.0,0.0,7133.0,Tropical & Subtropical Moist Broadleaf Forests,East Deccan moist deciduous forests
2001,80.15783899564755,18.269187356261337,1,11002.0,0.0,7133.0,Tropical & Subtropical Moist Broadleaf Forests,East Deccan moist deciduous forests
2001,79.88264252087322,18.722395099695834,1,11002.0,0.0,7133.0,Tropical & Subtropical Moist Broadleaf Forests,East Deccan moist deciduous forests
2001,80.41537131661069,17.8999379980051,1,11002.0,0.0,7133.0,Tropical & Subtropical Moist Broadleaf Forests,East Deccan moist deciduous forests
2001,80.37017178756636,17.61831104600193,1,11002.0,0.0,7133.0,Tropical & Subtropical Moist Broadleaf Forests,East Deccan moist deciduous forests
2001,82.55569583939436,20.53590731236411,1,144.0,0.0,109.0,Tropical & Subtropical Dry Broadleaf Forests,North Deccan dry deciduous forests
2001,79.66580223380122,21.947780752485475,1,12111.0,0.0,8072.0,Tropical & Subtropical Moist Broadleaf Forests,East Deccan moist deciduous forests
2001,79.89210592871768,22.221456488436157,1,12111.0,0.0,8072.0,Tropical & Subtropical Moist Broadleaf Forests,East Deccan moist deciduous forests
2001,80.91307553506788,22.22709910380171,1,12111.0,0.0,8072.0,Tropical & Subtropical Moist Broadleaf Forests,East Deccan moist deciduous forests
2001,80.60764787166939,21.824044334215614,1,12111.0,0.0,8072.0,Tropical & Subtropical Moist Broadleaf Forests,East Deccan moist deciduous forests
2001,79.20249643237695,21.808432115003626,1,12111.0,0.0,8072.0,Tropical & Subtropical Moist Broadleaf Forests,East Deccan moist deciduous forests
2001,80.41319267788471,22.255426297514667,1,12111.0,0.0,8072.0,Tropical & Subtropical Moist Broadleaf Forests,East Deccan moist deciduous forests
2001,80.40523064144334,20.5844007417923,1,14953.0,0.0,10932.0,Tropical & Subtropical Dry Broadleaf Forests,Central Deccan Plateau dry deciduous forests
2001,80.34042438092163,19.586494013482387,1,14953.0,0.0,10932.0,Tropical & Subtropical Dry Broadleaf Forests,Central Deccan Plateau dry deciduous forests
2001,80.17923339820794,20.77666540559602,1,14953.0,0.0,10932.0,Tropical & Subtropical Dry Broadleaf Forests,Central Deccan Plateau dry deciduous forests
2001,80.12849735110838,19.892435822805158,1,14953.0,0.0,10932.0,Tropical & Subtropical Dry Broadleaf Forests,Central Deccan Plateau dry deciduous forests
2001,80.55978056665138,20.592241675301942,1,14953.0,0.0,10932.0,Tropical & Subtropical Dry Broadleaf Forests,Central Deccan Plateau dry deciduous forests
2001,80.49973944518159,20.579080609658376,1,14953.0,0.0,10932.0,Tropical & Subtropical Dry Broadleaf Forests,Central Deccan Plateau dry deciduous forests
2001,80.14090816949545,20.070589266250924,1,14953.0,0.0,10932.0,Tropical & Subtropical Dry Broadleaf Forests,Central Deccan Plateau dry deciduous forests
2001,84.40540984454395,20.306661255020416,1,28035.0,0.0,17830.0,Tropical & Subtropical Moist Broadleaf Forests,East Deccan moist deciduous forests
2001,84.23553621554908,20.42325449850061,1,28035.0,0.0,17830.0,Tropical & Subtropical Moist Broadleaf Forests,East Deccan moist deciduous forests
2001,83.59472519736913,20.078564286933858,1,28035.0,0.0,17830.0,Tropical & Subtropical Moist Broadleaf Forests,East Deccan moist deciduous forests
2001,84.24481250970085,19.586818413615894,1,28035.0,0.0,17830.0,Tropical & Subtropical Moist Broadleaf Forests,East Deccan moist deciduous forests
2001,83.93883421055385,19.489192958084168,1,28035.0,0.0,17830.0,Tropical & Subtropical Moist Broadleaf Forests,East Deccan moist deciduous forests
2001,83.48003964716993,19.463191188236483,1,28035.0,0.0,17830.0,Tropical & Subtropical Moist Broadleaf Forests,East Deccan moist deciduous forests
2001,84.39488548967581,19.07750312963858,1,28035.0,0.0,17830.0,Tropical & Subtropical Moist Broadleaf Forests,East Deccan moist deciduous forests
2001,84.74801877720411,20.713426889946795,1,28035.0,0.0,17830.0,Tropical & Subtropical Moist Broadleaf Forests,East Deccan moist deciduous forests
2001,84.64523088260616,20.453838201184723,1,28035.0,0.0,17830.0,Tropical & Subtropical Moist Broadleaf Forests,East Deccan moist deciduous forests
2001,83.46532275657066,19.26768681845542,1,28035.0,0.0,17830.0,Tropical & Subtropical Moist Broadleaf Forests,East Deccan moist deciduous forests
2001,83.60516995303378,19.70036250210117,1,28035.0,0.0,17830.0,Tropical & Subtropical Moist Broadleaf Forests,East Deccan moist deciduous forests
2001,84.39925073500092,19.52028738554222,1,28035.0,0.0,17830.0,Tropical & Subtropical Moist Broadleaf Forests,East Deccan moist deciduous forests
2001,83.74213645928214,20.6308945099753,1,28035.0,0.0,17830.0,Tropical & Subtropical Moist Broadleaf Forests,East Deccan moist deciduous forests
2001,83.7465149140737,20.389824174810805,1,28035.0,0.0,17830.0,Tropical & Subtropical Moist Broadleaf Forests,East Deccan moist deciduous forests
2001,85.4798005660136,21.076325767473552,1,18747.0,0.0,11349.0,Tropical & Subtropical Moist Broadleaf Forests,East Deccan moist deciduous forests
2001,84.36058609787679,21.469598154555904,1,18747.0,0.0,11349.0,Tropical & Subtropical Moist Broadleaf Forests,East Deccan moist deciduous forests
2001,85.77139556291652,21.130575209247265,1,18747.0,0.0,11349.0,Tropical & Subtropical Moist Broadleaf Forests,East Deccan moist deciduous forests
2001,86.74402881245172,21.436037979162002,1,18747.0,0.0,11349.0,Tropical & Subtropical Moist Broadleaf Forests,East Deccan moist deciduous forests
2001,84.50511653507452,21.28781313084294,1,18747.0,0.0,11349.0,Tropical & Subtropical Moist Broadleaf Forests,East Deccan moist deciduous forests
2001,84.29264231802107,21.468074036346476,1,18747.0,0.0,11349.0,Tropical & Subtropical Moist Broadleaf Forests,East Deccan moist deciduous forests
2001,85.37877872518706,21.457877188602286,1,18747.0,0.0,11349.0,Tropical & Subtropical Moist Broadleaf Forests,East Deccan moist deciduous forests
2001,85.67103157113131,21.370251085378445,1,18747.0,0.0,11349.0,Tropical & Subtropical Moist Broadleaf Forests,East Deccan moist deciduous forests
2001,86.16224421117798,21.699366604484844,1,18747.0,0.0,11349.0,Tropical & Subtropical Moist Broadleaf Forests,East Deccan moist deciduous forests
2001,85.10002036801359,22.11655847696363,1,7793.0,0.0,4855.0,Tropical & Subtropical Moist Broadleaf Forests,East Deccan moist deciduous forests
2001,85.01540554374859,22.590539679013673,1,7793.0,0.0,4855.0,Tropical & Subtropical Moist Broadleaf Forests,East Deccan moist deciduous forests
2001,85.85880598667057,22.297972581147903,1,7793.0,0.0,4855.0,Tropical & Subtropical Moist Broadleaf Forests,East Deccan moist deciduous forests
2001,85.27814261789008,22.58226155600288,1,7793.0,0.0,4855.0,Tropical & Subtropical Moist Broadleaf Forests,East Deccan moist deciduous forests
2001,82.10701019341032,23.483265619746515,1,14787.0,0.0,9928.0,Tropical & Subtropical Dry Broadleaf Forests,Chhota-Nagpur dry deciduous forests
2001,81.79628206624507,23.578439078825017,1,14787.0,0.0,9928.0,Tropical & Subtropical Dry Broadleaf Forests,Chhota-Nagpur dry deciduous forests
2001,82.08450955030926,23.73371241133129,1,14787.0,0.0,9928.0,Tropical & Subtropical Dry Broadleaf Forests,Chhota-Nagpur dry deciduous forests
2001,82.88583520405624,23.56298267234619,1,14787.0,0.0,9928.0,Tropical & Subtropical Dry Broadleaf Forests,Chhota-Nagpur dry deciduous forests
2001,82.13325909623515,23.505656509157376,1,14787.0,0.0,9928.0,Tropical & Subtropical Dry Broadleaf Forests,Chhota-Nagpur dry deciduous forests
2001,82.1950506537316,23.8293072911722,1,14787.0,0.0,9928.0,Tropical & Subtropical Dry Broadleaf Forests,Chhota-Nagpur dry deciduous forests
2001,82.05572385183618,23.458279829183095,1,14787.0,0.0,9928.0,Tropical & Subtropical Dry Broadleaf Forests,Chhota-Nagpur dry deciduous forests
2001,82.0296552639383,23.44581093046451,1,14787.0,0.0,9928.0,Tropical & Subtropical Dry Broadleaf Forests,Chhota-Nagpur dry deciduous forests
2001,83.33746350883771,24.12763622646186,1,51.0,0.0,33.0,Tropical & Subtropical Dry Broadleaf Forests,Chhota-Nagpur dry deciduous forests
2001,81.92071116709494,23.52110196703187,1,124.0,0.0,96.0,Tropical & Subtropical Dry Broadleaf Forests,Chhota-Nagpur dry deciduous forests
2001,83.88567180908687,23.947559628285067,1,16553.0,0.0,9784.0,Tropical & Subtropical Dry Broadleaf Forests,Chhota-Nagpur dry deciduous forests
2001,84.29308990489245,23.817566010814765,1,16553.0,0.0,9784.0,Tropical & Subtropical Dry Broadleaf Forests,Chhota-Nagpur dry deciduous forests
2001,84.40304262676314,23.232827257452076,1,16553.0,0.0,9784.0,Tropical & Subtropical Dry Broadleaf Forests,Chhota-Nagpur dry deciduous forests
2001,85.09297315955996,23.81567958847091,1,16553.0,0.0,9784.0,Tropical & Subtropical Dry Broadleaf Forests,Chhota-Nagpur dry deciduous forests
2001,84.42726982777793,24.113349098624447,1,16553.0,0.0,9784.0,Tropical & Subtropical Dry Broadleaf Forests,Chhota-Nagpur dry deciduous forests
2001,84.6862939303634,23.774406652947363,1,16553.0,0.0,9784.0,Tropical & Subtropical Dry Broadleaf Forests,Chhota-Nagpur dry deciduous forests
2001,83.38690309891103,24.148446702492127,1,16553.0,0.0,9784.0,Tropical & Subtropical Dry Broadleaf Forests,Chhota-Nagpur dry deciduous forests
2001,83.42250272000331,24.148680269423057,1,16553.0,0.0,9784.0,Tropical & Subtropical Dry Broadleaf Forests,Chhota-Nagpur dry deciduous forests
2001,88.87449367396249,26.976858178705772,1,42.0,0.0,17.0,Temperate Broadleaf & Mixed Forests,Eastern Himalayan broadleaf forests
2001,88.7825210049175,27.18859419035146,1,15.0,0.0,14.0,Temperate Conifer Forests,Eastern Himalayan subalpine conifer forests
2001,88.81342320082305,22.116123196154255,1,1451.0,716.0,1334.0,Mangroves,Sundarbans mangroves
2002,90.27405203664235,26.748590492114506,1,2405.0,525.0,1724.0,Tropical & Subtropical Moist Broadleaf Forests,Brahmaputra Valley semi-evergreen forests
2002,89.84020031712654,26.703508460286148,1,10.0,0.0,6.0,"Tropical & Subtropical Grasslands, Savannas & Shrublands",Terai-Duar savanna and grasslands
2002,96.26569832788724,28.528177542436197,1,61202.0,10.0,53659.0,Temperate Broadleaf & Mixed Forests,Eastern Himalayan broadleaf forests
2002,94.5357379919656,28.077404015320706,1,61202.0,10.0,53659.0,Temperate Broadleaf & Mixed Forests,Eastern Himalayan broadleaf forests
2002,93.60729133354681,27.79312653915667,1,61202.0,10.0,53659.0,Temperate Broadleaf & Mixed Forests,Eastern Himalayan broadleaf forests
2002,93.45362945092465,27.286794680493124,1,61202.0,10.0,53659.0,Temperate Broadleaf & Mixed Forests,Eastern Himalayan broadleaf forests
2002,95.05980201021673,27.851439523260265,1,61202.0,10.0,53659.0,Temperate Broadleaf & Mixed Forests,Eastern Himalayan broadleaf forests
2002,93.92615157676077,28.09217379546146,1,61202.0,10.0,53659.0,Temperate Broadleaf & Mixed Forests,Eastern Himalayan broadleaf forests
2002,94.62442624429424,28.896892970198344,1,61202.0,10.0,53659.0,Temperate Broadleaf & Mixed Forests,Eastern Himalayan broadleaf forests
2002,94.34740325415227,27.70043152226215,1,61202.0,10.0,53659.0,Temperate Broadleaf & Mixed Forests,Eastern Himalayan broadleaf forests
2002,92.48549692178312,27.4668647838996,1,61202.0,10.0,53659.0,Temperate Broadleaf & Mixed Forests,Eastern Himalayan broadleaf forests
2002,95.83733074285868,28.906714554164644,1,61202.0,10.0,53659.0,Temperate Broadleaf & Mixed Forests,Eastern Himalayan broadleaf forests
2002,93.75585948376767,27.854459988929584,1,61202.0,10.0,53659.0,Temperate Broadleaf & Mixed Forests,Eastern Himalayan broadleaf forests
2002,93.76803442534184,28.477645141769834,1,61202.0,10.0,53659.0,Temperate Broadleaf & Mixed Forests,Eastern Himalayan broadleaf forests
2002,95.0666389971087,28.6021945248307,1,61202.0,10.0,53659.0,Temperate Broadleaf & Mixed Forests,Eastern Himalayan broadleaf forests
2002,95.55317088718553,29.132635026114187,1,61202.0,10.0,53659.0,Temperate Broadleaf & Mixed Forests,Eastern Himalayan broadleaf forests
2002,96.01021069728677,29.138292056347442,1,61202.0,10.0,53659.0,Temperate Broadleaf & Mixed Forests,Eastern Himalayan broadleaf forests
2002,96.18311227529856,29.17791825956938,1,61202.0,10.0,53659.0,Temperate Broadleaf & Mixed Forests,Eastern Himalayan broadleaf forests
2002,92.2572527162557,27.495713545535992,1,61202.0,10.0,53659.0,Temperate Broadleaf & Mixed Forests,Eastern Himalayan broadleaf forests
2002,92.89809267565613,27.441881500701733,1,61202.0,10.0,53659.0,Temperate Broadleaf & Mixed Forests,Eastern Himalayan broadleaf forests
2002,95.24250538983775,28.09495906913899,1,61202.0,10.0,53659.0,Temperate Broadleaf & Mixed Forests,Eastern Himalayan broadleaf forests
2002,96.29998991830605,28.24919651257829,1,61202.0,10.0,53659.0,Temperate Broadleaf & Mixed Forests,Eastern Himalayan broadleaf forests
2002,92.11832111368643,27.618177236210197,1,61202.0,10.0,53659.0,Temperate Broadleaf & Mixed Forests,Eastern Himalayan broadleaf forests
2002,96.74792000093277,28.1486737794822,1,61202.0,10.0,53659.0,Temperate Broadleaf & Mixed Forests,Eastern Himalayan broadleaf forests
2002,95.18456690542594,28.798044486629507,1,61202.0,10.0,53659.0,Temperate Broadleaf & Mixed Forests,Eastern Himalayan broadleaf forests
2002,92.29299091074436,27.37737387607245,1,61202.0,10.0,53659.0,Temperate Broadleaf & Mixed Forests,Eastern Himalayan broadleaf forests
2002,94.77562867058555,28.209288880744992,1,61202.0,10.0,53659.0,Temperate Broadleaf & Mixed Forests,Eastern Himalayan broadleaf forests
2002,93.06787310681983,27.20047549571212,1,61202.0,10.0,53659.0,Temperate Broadleaf & Mixed Forests,Eastern Himalayan broadleaf forests
2002,94.2580946979559,28.86941714753652,1,61202.0,10.0,53659.0,Temperate Broadleaf & Mixed Forests,Eastern Himalayan broadleaf forests
2002,95.93911998944233,28.2562439604568,1,61202.0,10.0,53659.0,Temperate Broadleaf & Mixed Forests,Eastern Himalayan broadleaf forests
2002,92.39327054979009,27.51482260897162,1,61202.0,10.0,53659.0,Temperate Broadleaf & Mixed Forests,Eastern Himalayan broadleaf forests
2002,97.11407675905515,27.987536629929775,1,61202.0,10.0,53659.0,Temperate Broadleaf & Mixed Forests,Eastern Himalayan broadleaf forests
2002,92.49875349198045,27.49294186686063,1,61202.0,10.0,53659.0,Temperate Broadleaf & Mixed Forests,Eastern Himalayan broadleaf forests
2002,95.3365558712766,28.130107111594334,1,61202.0,10.0,53659.0,Temperate Broadleaf & Mixed Forests,Eastern Himalayan broadleaf forests
2002,92.95468850160945,26.371898068375945,1,17375.0,300.0,11744.0,Tropical & Subtropical Moist Broadleaf Forests,Meghalaya subtropical forests
2002,93.1054483687641,25.879375825249216,1,17375.0,300.0,11744.0,Tropical & Subtropical Moist Broadleaf Forests,Meghalaya subtropical forests
2002,93.28698628856735,26.078515646586588,1,17375.0,300.0,11744.0,Tropical & Subtropical Moist Broadleaf Forests,Meghalaya subtropical forests
2002,93.11249339866116,25.465258978442478,1,17375.0,300.0,11744.0,Tropical & Subtropical Moist Broadleaf Forests,Meghalaya subtropical forests
2002,93.08838637980095,25.231655815850424,1,17375.0,300.0,11744.0,Tropical & Subtropical Moist Broadleaf Forests,Meghalaya subtropical forests
2002,92.86385559706186,25.571793792690478,1,17375.0,300.0,11744.0,Tropical & Subtropical Moist Broadleaf Forests,Meghalaya subtropical forests
2002,92.42965459076609,25.85232860331403,1,17375.0,300.0,11744.0,Tropical & Subtropical Moist Broadleaf Forests,Meghalaya subtropical forests
2002,92.2693802629775,25.86845548146351,1,17375.0,300.0,11744.0,Tropical & Subtropical Moist Broadleaf Forests,Meghalaya subtropical forests
2002,93.03378918262644,25.037736670193418,1,17375.0,300.0,11744.0,Tropical & Subtropical Moist Broadleaf Forests,Meghalaya subtropical forests
2002,96.23089658488861,27.996262989777343,1,13094.0,0.0,10796.0,Temperate Broadleaf & Mixed Forests,Eastern Himalayan broadleaf forests
2002,95.57434129233269,28.177580568701817,1,13094.0,0.0,10796.0,Temperate Broadleaf & Mixed Forests,Eastern Himalayan broadleaf forests
2002,95.86014620972784,27.064874948054147,1,13094.0,0.0,10796.0,Temperate Broadleaf & Mixed Forests,Eastern Himalayan broadleaf forests
2002,95.7544511247394,27.25574118921093,1,13094.0,0.0,10796.0,Temperate Broadleaf & Mixed Forests,Eastern Himalayan broadleaf forests
2002,96.63889741495842,27.37397570288657,1,13094.0,0.0,10796.0,Temperate Broadleaf & Mixed Forests,Eastern Himalayan broadleaf forests
2002,95.58822476973499,27.00045542282543,1,13094.0,0.0,10796.0,Temperate Broadleaf & Mixed Forests,Eastern Himalayan broadleaf forests
2002,95.3520736125089,28.005109217306423,1,13094.0,0.0,10796.0,Temperate Broadleaf & Mixed Forests,Eastern Himalayan broadleaf forests
2002,94.98665909886672,26.435523585541223,1,15565.0,0.0,11464.0,Tropical & Subtropical Moist Broadleaf Forests,Mizoram-Manipur-Kachin rain forests
2002,94.07663503025942,25.87737155626053,1,15565.0,0.0,11464.0,Tropical & Subtropical Moist Broadleaf Forests,Mizoram-Manipur-Kachin rain forests
2002,94.65910279545746,26.10325622485234,1,15565.0,0.0,11464.0,Tropical & Subtropical Moist Broadleaf Forests,Mizoram-Manipur-Kachin rain forests
2002,94.20975930687794,25.656239485575753,1,15565.0,0.0,11464.0,Tropical & Subtropical Moist Broadleaf Forests,Mizoram-Manipur-Kachin rain forests
2002,94.77330969340275,25.50674313568825,1,15565.0,0.0,11464.0,Tropical & Subtropical Moist Broadleaf Forests,Mizoram-Manipur-Kachin rain forests
2002,94.98516416401287,26.474432877789944,1,15565.0,0.0,11464.0,Tropical & Subtropical Moist Broadleaf Forests,Mizoram-Manipur-Kachin rain forests
2002,94.83412644527385,25.54009426681598,1,15565.0,0.0,11464.0,Tropical & Subtropical Moist Broadleaf Forests,Mizoram-Manipur-Kachin rain forests
2002,93.96717067965665,25.57226070252139,1,15565.0,0.0,11464.0,Tropical & Subtropical Moist Broadleaf Forests,Mizoram-Manipur-Kachin rain forests
2002,93.40128580427455,25.25459832436313,1,42.0,0.0,32.0,Tropical & Subtropical Moist Broadleaf Forests,Mizoram-Manipur-Kachin rain forests
2002,92.16926548791379,26.071447323605906,1,171.0,0.0,144.0,Tropical & Subtropical Moist Broadleaf Forests,Meghalaya subtropical forests
2002,76.58014951637088,11.297993636073494,1,6821.0,0.0,4558.0,Tropical & Subtropical Dry Broadleaf Forests,South Deccan Plateau dry deciduous forests
2002,77.48441993082315,12.249659435165881,1,6821.0,0.0,4558.0,Tropical & Subtropical Dry Broadleaf Forests,South Deccan Plateau dry deciduous forests
2002,77.58935725328344,11.83410095958541,1,6821.0,0.0,4558.0,Tropical & Subtropical Dry Broadleaf Forests,South Deccan Plateau dry deciduous forests
2002,74.13229165416405,15.687934425154298,1,25.0,0.0,18.0,Tropical & Subtropical Moist Broadleaf Forests,North Western Ghats montane rain forests
2002,76.58451961438249,10.931515823170951,1,4608.0,0.0,3092.0,Tropical & Subtropical Moist Broadleaf Forests,South Western Ghats montane rain forests
2002,75.93701431326457,11.923654417657438,1,4608.0,0.0,3092.0,Tropical & Subtropical Moist Broadleaf Forests,South Western Ghats montane rain forests
2002,75.03760705089991,13.418334078258695,1,27111.0,0.0,18071.0,Tropical & Subtropical Moist Broadleaf Forests,North Western Ghats montane rain forests
2002,76.17450137342755,12.169352468607967,1,27111.0,0.0,18071.0,Tropical & Subtropical Moist Broadleaf Forests,North Western Ghats montane rain forests
2002,75.56136861918645,12.866314204008418,1,27111.0,0.0,18071.0,Tropical & Subtropical Moist Broadleaf Forests,North Western Ghats montane rain forests
2002,74.7015046789071,15.116519578291081,1,27111.0,0.0,18071.0,Tropical & Subtropical Moist Broadleaf Forests,North Western Ghats montane rain forests
2002,75.71787013766216,13.462183208496999,1,27111.0,0.0,18071.0,Tropical & Subtropical Moist Broadleaf Forests,North Western Ghats montane rain forests
2002,75.50045780235439,12.463049165720262,1,27111.0,0.0,18071.0,Tropical & Subtropical Moist Broadleaf Forests,North Western Ghats montane rain forests
2002,76.2700637641286,11.826361846538386,1,27111.0,0.0,18071.0,Tropical & Subtropical Moist Broadleaf Forests,North Western Ghats montane rain forests
2002,74.7693764697385,13.87588102266724,1,27111.0,0.0,18071.0,Tropical & Subtropical Moist Broadleaf Forests,North Western Ghats montane rain forests
2002,75.674612624935,12.491683673049307,1,27111.0,0.0,18071.0,Tropical & Subtropical Moist Broadleaf Forests,North Western Ghats montane rain forests
2002,74.67419585326154,15.020805011938453,1,27111.0,0.0,18071.0,Tropical & Subtropical Moist Broadleaf Forests,North Western Ghats montane rain forests
2002,74.85483810661282,14.233502605880627,1,27111.0,0.0,18071.0,Tropical & Subtropical Moist Broadleaf Forests,North Western Ghats montane rain forests
2002,75.64489672310701,13.570727996586609,1,27111.0,0.0,18071.0,Tropical & Subtropical Moist Broadleaf Forests,North Western Ghats montane rain forests
2002,75.50344523253848,13.237804632522248,1,27111.0,0.0,18071.0,Tropical & Subtropical Moist Broadleaf Forests,North Western Ghats montane rain forests
2002,76.37617358895241,27.357609391080718,1,2356.0,0.0,1331.0,Tropical & Subtropical Dry Broadleaf Forests,Khathiar-Gir dry deciduous forests
2002,76.42863632840321,25.948539255652765,1,491.0,0.0,265.0,Tropical & Subtropical Dry Broadleaf Forests,Khathiar-Gir dry deciduous forests
2002,77.48954951555534,8.481324078705732,1,1610.0,0.0,1138.0,Tropical & Subtropical Moist Broadleaf Forests,South Western Ghats montane rain forests
2002,76.63537781927039,10.299354198756381,1,8700.0,0.0,6177.0,Tropical & Subtropical Moist Broadleaf Forests,South Western Ghats montane rain forests
2002,77.0592661816346,9.294449989602263,1,8700.0,0.0,6177.0,Tropical & Subtropical Moist Broadleaf Forests,South Western Ghats montane rain forests
2002,77.19708086106304,9.846163913201208,1,8700.0,0.0,6177.0,Tropical & Subtropical Moist Broadleaf Forests,South Western Ghats montane rain forests
2002,77.11112508561833,8.736268437956026,1,8700.0,0.0,6177.0,Tropical & Subtropical Moist Broadleaf Forests,South Western Ghats montane rain forests
2002,84.21386895525197,27.330567941031795,1,931.0,14.0,676.0,Tropical & Subtropical Moist Broadleaf Forests,Himalayan subtropical broadleaf forests
2002,78.1107407317169,30.674870255006496,1,21793.0,0.0,14245.0,Tropical & Subtropical Coniferous Forests,Himalayan subtropical pine forests
2002,78.87888088349733,30.332071607039786,1,21793.0,0.0,14245.0,Tropical & Subtropical Coniferous Forests,Himalayan subtropical pine forests
2002,78.02103342573173,30.17066648393817,1,21793.0,0.0,14245.0,Tropical & Subtropical Coniferous Forests,Himalayan subtropical pine forests
2002,78.93023412282481,30.419282544483327,1,21793.0,0.0,14245.0,Tropical & Subtropical Coniferous Forests,Himalayan subtropical pine forests
2002,78.12074275897335,30.56265555128542,1,21793.0,0.0,14245.0,Tropical & Subtropical Coniferous Forests,Himalayan subtropical pine forests
2002,79.83677194536891,29.625793291522847,1,21793.0,0.0,14245.0,Tropical & Subtropical Coniferous Forests,Himalayan subtropical pine forests
2002,79.61282836964529,29.008104429005268,1,21793.0,0.0,14245.0,Tropical & Subtropical Coniferous Forests,Himalayan subtropical pine forests
2002,80.17834599155734,29.341762212356922,1,21793.0,0.0,14245.0,Tropical & Subtropical Coniferous Forests,Himalayan subtropical pine forests
2002,78.20248929706294,30.60562511620397,1,21793.0,0.0,14245.0,Tropical & Subtropical Coniferous Forests,Himalayan subtropical pine forests
2002,78.66036527159521,30.237149370389165,1,21793.0,0.0,14245.0,Tropical & Subtropical Coniferous Forests,Himalayan subtropical pine forests
2002,79.31428144301856,29.48936484035587,1,21793.0,0.0,14245.0,Tropical & Subtropical Coniferous Forests,Himalayan subtropical pine forests
2002,78.4228937081187,29.923884498819337,1,21793.0,0.0,14245.0,Tropical & Subtropical Coniferous Forests,Himalayan subtropical pine forests
2002,80.74293401102386,28.53239337803275,1,805.0,0.0,478.0,"Tropical & Subtropical Grasslands, Savannas & Shrublands",Terai-Duar savanna and grasslands
2002,78.06955478275299,22.634662485918007,1,10157.0,0.0,6089.0,Tropical & Subtropical Moist Broadleaf Forests,East Deccan moist deciduous forests
2002,77.02253853316272,22.051351614715575,1,10157.0,0.0,6089.0,Tropical & Subtropical Moist Broadleaf Forests,East Deccan moist deciduous forests
2002,77.68578953558941,22.26673131268804,1,10157.0,0.0,6089.0,Tropical & Subtropical Moist Broadleaf Forests,East Deccan moist deciduous forests
2002,78.92446457275335,22.560756439058256,1,10157.0,0.0,6089.0,Tropical & Subtropical Moist Broadleaf Forests,East Deccan moist deciduous forests
2002,78.53436786826894,22.704328084506535,1,10157.0,0.0,6089.0,Tropical & Subtropical Moist Broadleaf Forests,East Deccan moist deciduous forests
2002,76.84176074408295,21.602279016567906,1,43.0,0.0,13.0,Tropical & Subtropical Dry Broadleaf Forests,Narmada Valley dry deciduous forests
2002,79.5458197941294,19.53844081684342,1,0.0,0.0,0.0,Tropical & Subtropical Moist Broadleaf Forests,East Deccan moist deciduous forests
2002,79.20911517846447,20.642553312121446,1,4190.0,0.0,2573.0,Tropical & Subtropical Dry Broadleaf Forests,Central Deccan Plateau dry deciduous forests
2002,79.59906669004663,19.756208371175298,1,4190.0,0.0,2573.0,Tropical & Subtropical Dry Broadleaf Forests,Central Deccan Plateau dry deciduous forests
2002,79.38361362679886,14.096999803287819,1,8235.0,0.0,5341.0,Deserts & Xeric Shrublands,Deccan thorn scrub forests
2002,79.47986429132547,14.42707191587364,1,8235.0,0.0,5341.0,Deserts & Xeric Shrublands,Deccan thorn scrub forests
2002,79.11368827718975,14.403219873574834,1,8235.0,0.0,5341.0,Deserts & Xeric Shrublands,Deccan thorn scrub forests
2002,79.19662030877188,14.008279815143675,1,8235.0,0.0,5341.0,Deserts & Xeric Shrublands,Deccan thorn scrub forests
2002,78.79303100602908,14.957475752847602,1,8004.0,0.0,5808.0,Tropical & Subtropical Dry Broadleaf Forests,Central Deccan Plateau dry deciduous forests
2002,79.573310169476,16.369266314026397,1,8004.0,0.0,5808.0,Tropical & Subtropical Dry Broadleaf Forests,Central Deccan Plateau dry deciduous forests
2002,78.85155587479859,14.68574836881121,1,8004.0,0.0,5808.0,Tropical & Subtropical Dry Broadleaf Forests,Central Deccan Plateau dry deciduous forests
2002,78.7643761635944,15.998633006546651,1,8004.0,0.0,5808.0,Tropical & Subtropical Dry Broadleaf Forests,Central Deccan Plateau dry deciduous forests
2002,78.71675310690365,16.0268331468504,1,41.0,0.0,24.0,Tropical & Subtropical Dry Broadleaf Forests,Central Deccan Plateau dry deciduous forests
2002,81.15778999537933,24.959460666668985,1,92.0,0.0,72.0,Tropical & Subtropical Moist Broadleaf Forests,Upper Gangetic Plains moist deciduous forests
2002,80.13695667459686,24.64080501095882,1,7269.0,0.0,3936.0,Tropical & Subtropical Dry Broadleaf Forests,Narmada Valley dry deciduous forests
2002,79.23300579677978,24.320153619482436,1,7269.0,0.0,3936.0,Tropical & Subtropical Dry Broadleaf Forests,Narmada Valley dry deciduous forests
2002,80.8787498531253,24.874563625289028,1,7269.0,0.0,3936.0,Tropical & Subtropical Dry Broadleaf Forests,Narmada Valley dry deciduous forests
2002,80.47201858987843,24.885335156809564,1,7269.0,0.0,3936.0,Tropical & Subtropical Dry Broadleaf Forests,Narmada Valley dry deciduous forests
2002,80.55598352296862,19.874014232033524,1,45944.0,0.0,31670.0,Tropical & Subtropical Moist Broadleaf Forests,East Deccan moist deciduous forests
2002,82.33348000762776,20.614929924293147,1,45944.0,0.0,31670.0,Tropical & Subtropical Moist Broadleaf Forests,East Deccan moist deciduous forests
2002,82.29476931311855,20.202547049413276,1,45944.0,0.0,31670.0,Tropical & Subtropical Moist Broadleaf Forests,East Deccan moist deciduous forests
2002,81.16653454026651,19.772786627853744,1,45944.0,0.0,31670.0,Tropical & Subtropical Moist Broadleaf Forests,East Deccan moist deciduous forests
2002,81.87653396240103,20.12944565759572,1,45944.0,0.0,31670.0,Tropical & Subtropical Moist Broadleaf Forests,East Deccan moist deciduous forests
2002,80.76982736435114,20.33549620920298,1,45944.0,0.0,31670.0,Tropical & Subtropical Moist Broadleaf Forests,East Deccan moist deciduous forests
2002,81.0378046628213,19.726697780437977,1,45944.0,0.0,31670.0,Tropical & Subtropical Moist Broadleaf Forests,East Deccan moist deciduous forests
2002,81.26448833337707,20.623642128365304,1,45944.0,0.0,31670.0,Tropical & Subtropical Moist Broadleaf Forests,East Deccan moist deciduous forests
2002,81.95970886607661,20.678645268896886,1,45944.0,0.0,31670.0,Tropical & Subtropical Moist Broadleaf Forests,East Deccan moist deciduous forests
2002,81.36949368809888,18.80112825166468,1,45944.0,0.0,31670.0,Tropical & Subtropical Moist Broadleaf Forests,East Deccan moist deciduous forests
2002,82.38249251463895,22.852397107643906,1,45944.0,0.0,31670.0,Tropical & Subtropical Moist Broadleaf Forests,East Deccan moist deciduous forests
2002,81.17938275625511,17.962793273685918,1,45944.0,0.0,31670.0,Tropical & Subtropical Moist Broadleaf Forests,East Deccan moist deciduous forests
2002,80.7984781167819,20.131892933395044,1,45944.0,0.0,31670.0,Tropical & Subtropical Moist Broadleaf Forests,East Deccan moist deciduous forests
2002,80.77082580508201,18.345033848569322,1,45944.0,0.0,31670.0,Tropical & Subtropical Moist Broadleaf Forests,East Deccan moist deciduous forests
2002,80.40637192027837,19.234189844924106,1,45944.0,0.0,31670.0,Tropical & Subtropical Moist Broadleaf Forests,East Deccan moist deciduous forests
2002,80.61150761912778,20.13703633032575,1,45944.0,0.0,31670.0,Tropical & Subtropical Moist Broadleaf Forests,East Deccan moist deciduous forests
2002,81.2129677557265,19.300068280316566,1,45944.0,0.0,31670.0,Tropical & Subtropical Moist Broadleaf Forests,East Deccan moist deciduous forests
2002,81.03529261964505,18.73601810983204,1,45944.0,0.0,31670.0,Tropical & Subtropical Moist Broadleaf Forests,East Deccan moist deciduous forests
2002,81.24793411076219,19.418093691645435,1,45944.0,0.0,31670.0,Tropical & Subtropical Moist Broadleaf Forests,East Deccan moist deciduous forests
2002,80.98516361156709,18.27181045276491,1,45944.0,0.0,31670.0,Tropical & Subtropical Moist Broadleaf Forests,East Deccan moist deciduous forests
2002,81.74194135399863,20.662364512542197,1,45944.0,0.0,31670.0,Tropical & Subtropical Moist Broadleaf Forests,East Deccan moist deciduous forests
2002,80.9769986741303,18.899431248721623,1,45944.0,0.0,31670.0,Tropical & Subtropical Moist Broadleaf Forests,East Deccan moist deciduous forests
2002,80.9237255576667,19.250832999164775,1,45944.0,0.0,31670.0,Tropical & Subtropical Moist Broadleaf Forests,East Deccan moist deciduous forests
2002,80.75900706646861,17.834521623636405,1,10962.0,0.0,7103.0,Tropical & Subtropical Moist Broadleaf Forests,East Deccan moist deciduous forests
2002,80.25317004901923,18.436688365438552,1,10962.0,0.0,7103.0,Tropical & Subtropical Moist Broadleaf Forests,East Deccan moist deciduous forests
2002,80.07228100416836,18.367659858306194,1,10962.0,0.0,7103.0,Tropical & Subtropical Moist Broadleaf Forests,East Deccan moist deciduous forests
2002,80.38023902400398,17.765581356350197,1,10962.0,0.0,7103.0,Tropical & Subtropical Moist Broadleaf Forests,East Deccan moist deciduous forests
2002,80.31145130790152,18.112868124213666,1,10962.0,0.0,7103.0,Tropical & Subtropical Moist Broadleaf Forests,East Deccan moist deciduous forests
2002,82.55569571739746,20.53590712261166,1,144.0,0.0,108.0,Tropical & Subtropical Dry Broadleaf Forests,North Deccan dry deciduous forests
2002,81.55001480506574,22.764032014594108,1,12116.0,0.0,8077.0,Tropical & Subtropical Moist Broadleaf Forests,East Deccan moist deciduous forests
2002,81.63984614698143,22.74950485029456,1,12116.0,0.0,8077.0,Tropical & Subtropical Moist Broadleaf Forests,East Deccan moist deciduous forests
2002,80.65636346347817,21.714762455645555,1,12116.0,0.0,8077.0,Tropical & Subtropical Moist Broadleaf Forests,East Deccan moist deciduous forests
2002,80.26767158669297,22.26407591720327,1,12116.0,0.0,8077.0,Tropical & Subtropical Moist Broadleaf Forests,East Deccan moist deciduous forests
2002,80.27270801170737,22.361118712038373,1,12116.0,0.0,8077.0,Tropical & Subtropical Moist Broadleaf Forests,East Deccan moist deciduous forests
2002,80.7831361304165,22.13886355324495,1,12116.0,0.0,8077.0,Tropical & Subtropical Moist Broadleaf Forests,East Deccan moist deciduous forests
2002,80.41902839180162,19.777638874843465,1,14972.0,0.0,10970.0,Tropical & Subtropical Dry Broadleaf Forests,Central Deccan Plateau dry deciduous forests
2002,80.49204092921156,20.06704392448057,1,14972.0,0.0,10970.0,Tropical & Subtropical Dry Broadleaf Forests,Central Deccan Plateau dry deciduous forests
2002,80.1967418884194,21.19762887786354,1,14972.0,0.0,10970.0,Tropical & Subtropical Dry Broadleaf Forests,Central Deccan Plateau dry deciduous forests
2002,79.99002256036864,18.948907774731218,1,14972.0,0.0,10970.0,Tropical & Subtropical Dry Broadleaf Forests,Central Deccan Plateau dry deciduous forests
2002,80.12340083655357,19.953205871329565,1,14972.0,0.0,10970.0,Tropical & Subtropical Dry Broadleaf Forests,Central Deccan Plateau dry deciduous forests
2002,80.13709650738174,19.781886193564254,1,14972.0,0.0,10970.0,Tropical & Subtropical Dry Broadleaf Forests,Central Deccan Plateau dry deciduous forests
2002,79.95782094264305,19.780158753412735,1,14972.0,0.0,10970.0,Tropical & Subtropical Dry Broadleaf Forests,Central Deccan Plateau dry deciduous forests
2002,83.54178168106941,19.76830293872713,1,28063.0,0.0,17828.0,Tropical & Subtropical Moist Broadleaf Forests,East Deccan moist deciduous forests
2002,84.39245114011034,20.59141272086519,1,28063.0,0.0,17828.0,Tropical & Subtropical Moist Broadleaf Forests,East Deccan moist deciduous forests
2002,84.4210745272571,19.486683776415322,1,28063.0,0.0,17828.0,Tropical & Subtropical Moist Broadleaf Forests,East Deccan moist deciduous forests
2002,83.75168603818358,19.92112032988544,1,28063.0,0.0,17828.0,Tropical & Subtropical Moist Broadleaf Forests,East Deccan moist deciduous forests
2002,83.76328688776512,19.436692032476895,1,28063.0,0.0,17828.0,Tropical & Subtropical Moist Broadleaf Forests,East Deccan moist deciduous forests
2002,83.3772332487996,19.495535509059977,1,28063.0,0.0,17828.0,Tropical & Subtropical Moist Broadleaf Forests,East Deccan moist deciduous forests
2002,83.44893001777278,19.685134976064067,1,28063.0,0.0,17828.0,Tropical & Subtropical Moist Broadleaf Forests,East Deccan moist deciduous forests
2002,83.31192727002679,19.385888408202806,1,28063.0,0.0,17828.0,Tropical & Subtropical Moist Broadleaf Forests,East Deccan moist deciduous forests
2002,84.78188842844766,20.526002093646323,1,28063.0,0.0,17828.0,Tropical & Subtropical Moist Broadleaf Forests,East Deccan moist deciduous forests
2002,83.48508729382469,19.162569322996834,1,28063.0,0.0,17828.0,Tropical & Subtropical Moist Broadleaf Forests,East Deccan moist deciduous forests
2002,84.46141172390065,19.93425709250575,1,28063.0,0.0,17828.0,Tropical & Subtropical Moist Broadleaf Forests,East Deccan moist deciduous forests
2002,83.93751938896794,18.960888018720706,1,28063.0,0.0,17828.0,Tropical & Subtropical Moist Broadleaf Forests,East Deccan moist deciduous forests
2002,84.75263988196338,20.605176044216293,1,28063.0,0.0,17828.0,Tropical & Subtropical Moist Broadleaf Forests,East Deccan moist deciduous forests
2002,83.85342090561554,19.059536808784177,1,28063.0,0.0,17828.0,Tropical & Subtropical Moist Broadleaf Forests,East Deccan moist deciduous forests
2002,86.44604053720111,21.706999541201803,1,18712.0,0.0,11323.0,Tropical & Subtropical Moist Broadleaf Forests,East Deccan moist deciduous forests
2002,86.22842308101683,21.891412818314308,1,18712.0,0.0,11323.0,Tropical & Subtropical Moist Broadleaf Forests,East Deccan moist deciduous forests
2002,85.07498344482143,22.07972142829094,1,18712.0,0.0,11323.0,Tropical & Subtropical Moist Broadleaf Forests,East Deccan moist deciduous forests
2002,85.85954616032004,21.11341193352351,1,18712.0,0.0,11323.0,Tropical & Subtropical Moist Broadleaf Forests,East Deccan moist deciduous forests
2002,84.48760693584322,22.10871230128095,1,18712.0,0.0,11323.0,Tropical & Subtropical Moist Broadleaf Forests,East Deccan moist deciduous forests
2002,85.42282888316402,21.4126188922808,1,18712.0,0.0,11323.0,Tropical & Subtropical Moist Broadleaf Forests,East Deccan moist deciduous forests
2002,86.11653716747753,21.28754795177428,1,18712.0,0.0,11323.0,Tropical & Subtropical Moist Broadleaf Forests,East Deccan moist deciduous forests
2002,84.43998006691474,21.606001038106793,1,18712.0,0.0,11323.0,Tropical & Subtropical Moist Broadleaf Forests,East Deccan moist deciduous forests
2002,84.5281035901671,21.818624640057475,1,18712.0,0.0,11323.0,Tropical & Subtropical Moist Broadleaf Forests,East Deccan moist deciduous forests
2002,85.17704028192603,22.1380058644962,1,7775.0,0.0,4861.0,Tropical & Subtropical Moist Broadleaf Forests,East Deccan moist deciduous forests
2002,85.68127581717772,23.355010526014645,1,7775.0,0.0,4861.0,Tropical & Subtropical Moist Broadleaf Forests,East Deccan moist deciduous forests
2002,85.36719356895169,22.686615386099945,1,7775.0,0.0,4861.0,Tropical & Subtropical Moist Broadleaf Forests,East Deccan moist deciduous forests
2002,85.53011928777502,23.09209963007587,1,7775.0,0.0,4861.0,Tropical & Subtropical Moist Broadleaf Forests,East Deccan moist deciduous forests
2002,81.73934624358847,23.654815117754566,1,14798.0,0.0,9925.0,Tropical & Subtropical Dry Broadleaf Forests,Chhota-Nagpur dry deciduous forests
2002,84.04849465982741,23.017708163756353,1,14798.0,0.0,9925.0,Tropical & Subtropical Dry Broadleaf Forests,Chhota-Nagpur dry deciduous forests
2002,81.79839555130687,23.5504982224312,1,14798.0,0.0,9925.0,Tropical & Subtropical Dry Broadleaf Forests,Chhota-Nagpur dry deciduous forests
2002,82.49182172354571,23.690047677264786,1,14798.0,0.0,9925.0,Tropical & Subtropical Dry Broadleaf Forests,Chhota-Nagpur dry deciduous forests
2002,81.9420548957884,23.819874051311,1,14798.0,0.0,9925.0,Tropical & Subtropical Dry Broadleaf Forests,Chhota-Nagpur dry deciduous forests
2002,83.61826691770038,22.713116912607973,1,14798.0,0.0,9925.0,Tropical & Subtropical Dry Broadleaf Forests,Chhota-Nagpur dry deciduous forests
2002,82.4665953503541,23.67120224239139,1,14798.0,0.0,9925.0,Tropical & Subtropical Dry Broadleaf Forests,Chhota-Nagpur dry deciduous forests
2002,83.89144166386504,23.07371257416358,1,14798.0,0.0,9925.0,Tropical & Subtropical Dry Broadleaf Forests,Chhota-Nagpur dry deciduous forests
2002,83.27425901876128,24.046458189559647,1,51.0,0.0,33.0,Tropical & Subtropical Dry Broadleaf Forests,Chhota-Nagpur dry deciduous forests
2002,82.14312869263823,23.343323887748966,1,124.0,0.0,96.0,Tropical & Subtropical Dry Broadleaf Forests,Chhota-Nagpur dry deciduous forests
2002,84.0185850560864,23.484124325091642,1,16539.0,0.0,9776.0,Tropical & Subtropical Dry Broadleaf Forests,Chhota-Nagpur dry deciduous forests
2002,84.18856256726043,23.372211946557588,1,16539.0,0.0,9776.0,Tropical & Subtropical Dry Broadleaf Forests,Chhota-Nagpur dry deciduous forests
2002,85.0368234781475,24.152215870479726,1,16539.0,0.0,9776.0,Tropical & Subtropical Dry Broadleaf Forests,Chhota-Nagpur dry deciduous forests
2002,84.37249068462106,23.8379463923573,1,16539.0,0.0,9776.0,Tropical & Subtropical Dry Broadleaf Forests,Chhota-Nagpur dry deciduous forests
2002,84.8001647034068,24.08357571340332,1,16539.0,0.0,9776.0,Tropical & Subtropical Dry Broadleaf Forests,Chhota-Nagpur dry deciduous forests
2002,85.45795798123505,23.891923978774873,1,16539.0,0.0,9776.0,Tropical & Subtropical Dry Broadleaf Forests,Chhota-Nagpur dry deciduous forests
2002,84.04724206425678,23.922169799538512,1,16539.0,0.0,9776.0,Tropical & Subtropical Dry Broadleaf Forests,Chhota-Nagpur dry deciduous forests
2002,84.32847762193911,23.365220697332052,1,16539.0,0.0,9776.0,Tropical & Subtropical Dry Broadleaf Forests,Chhota-Nagpur dry deciduous forests
2002,88.93077162861046,26.97716424536897,1,42.0,0.0,17.0,Temperate Broadleaf & Mixed Forests,Eastern Himalayan broadleaf forests
2002,88.80063212893734,27.250165222205972,1,15.0,0.0,14.0,Temperate Conifer Forests,Eastern Himalayan subalpine conifer forests
2002,88.98264767671982,21.61807373434997,1,1451.0,716.0,1334.0,Mangroves,Sundarbans mangroves
2003,90.39311937284357,26.89465365195911,1,73.0,25.0,59.0,Tropical & Subtropical Moist Broadleaf Forests,Brahmaputra Valley semi-evergreen forests
2003,89.80565664262569,26.71418410831576,1,7.0,0.0,6.0,Tropical & Subtropical Moist Broadleaf Forests,Himalayan subtropical broadleaf forests
2003,96.88738955227973,28.029978695252165,1,61210.0,15.0,53713.0,Temperate Broadleaf & Mixed Forests,Eastern Himalayan broadleaf forests
2003,92.22755835433775,27.56800507717852,1,61210.0,15.0,53713.0,Temperate Broadleaf & Mixed Forests,Eastern Himalayan broadleaf forests
2003,94.53570188195673,28.359175035917783,1,61210.0,15.0,53713.0,Temperate Broadleaf & Mixed Forests,Eastern Himalayan broadleaf forests
2003,96.66964362326257,28.341494698644407,1,61210.0,15.0,53713.0,Temperate Broadleaf & Mixed Forests,Eastern Himalayan broadleaf forests
2003,94.05147676577404,27.680982487379815,1,61210.0,15.0,53713.0,Temperate Broadleaf & Mixed Forests,Eastern Himalayan broadleaf forests
2003,94.61561024145341,28.015302625300887,1,61210.0,15.0,53713.0,Temperate Broadleaf & Mixed Forests,Eastern Himalayan broadleaf forests
2003,95.76781453473387,28.693280045223414,1,61210.0,15.0,53713.0,Temperate Broadleaf & Mixed Forests,Eastern Himalayan broadleaf forests
2003,94.06137960914008,28.270032864514267,1,61210.0,15.0,53713.0,Temperate Broadleaf & Mixed Forests,Eastern Himalayan broadleaf forests
2003,96.1297686162675,28.53962412313065,1,61210.0,15.0,53713.0,Temperate Broadleaf & Mixed Forests,Eastern Himalayan broadleaf forests
2003,96.81731240426768,28.22361344164102,1,61210.0,15.0,53713.0,Temperate Broadleaf & Mixed Forests,Eastern Himalayan broadleaf forests
2003,96.24400188737746,28.489697530700035,1,61210.0,15.0,53713.0,Temperate Broadleaf & Mixed Forests,Eastern Himalayan broadleaf forests
2003,92.18659183271927,26.92321433735591,1,61210.0,15.0,53713.0,Temperate Broadleaf & Mixed Forests,Eastern Himalayan broadleaf forests
2003,92.70452872899914,27.472067930126258,1,61210.0,15.0,53713.0,Temperate Broadleaf & Mixed Forests,Eastern Himalayan broadleaf forests
2003,94.97385868185536,27.890078149711094,1,61210.0,15.0,53713.0,Temperate Broadleaf & Mixed Forests,Eastern Himalayan broadleaf forests
2003,93.26595604726994,27.43250512171297,1,61210.0,15.0,53713.0,Temperate Broadleaf & Mixed Forests,Eastern Himalayan broadleaf forests
2003,93.10912537202238,27.89364952906592,1,61210.0,15.0,53713.0,Temperate Broadleaf & Mixed Forests,Eastern Himalayan broadleaf forests
2003,93.2054037110713,27.288053432353227,1,61210.0,15.0,53713.0,Temperate Broadleaf & Mixed Forests,Eastern Himalayan broadleaf forests
2003,93.19808307193479,28.108636851217362,1,61210.0,15.0,53713.0,Temperate Broadleaf & Mixed Forests,Eastern Himalayan broadleaf forests
2003,93.40667388650303,28.35091204900479,1,61210.0,15.0,53713.0,Temperate Broadleaf & Mixed Forests,Eastern Himalayan broadleaf forests
2003,93.93325935173151,27.604607339600918,1,61210.0,15.0,53713.0,Temperate Broadleaf & Mixed Forests,Eastern Himalayan broadleaf forests
2003,95.03307773095867,28.107955482246638,1,61210.0,15.0,53713.0,Temperate Broadleaf & Mixed Forests,Eastern Himalayan broadleaf forests
2003,92.37264504555884,26.959318857436777,1,61210.0,15.0,53713.0,Temperate Broadleaf & Mixed Forests,Eastern Himalayan broadleaf forests
2003,94.49018554607902,27.715670993904414,1,61210.0,15.0,53713.0,Temperate Broadleaf & Mixed Forests,Eastern Himalayan broadleaf forests
2003,92.60716513091648,27.003784395759922,1,61210.0,15.0,53713.0,Temperate Broadleaf & Mixed Forests,Eastern Himalayan broadleaf forests
2003,94.09069106671167,28.532768839214803,1,61210.0,15.0,53713.0,Temperate Broadleaf & Mixed Forests,Eastern Himalayan broadleaf forests
2003,92.6363645794333,27.072459702974253,1,61210.0,15.0,53713.0,Temperate Broadleaf & Mixed Forests,Eastern Himalayan broadleaf forests
2003,95.44850186445173,28.608404215617412,1,61210.0,15.0,53713.0,Temperate Broadleaf & Mixed Forests,Eastern Himalayan broadleaf forests
2003,95.5682101103544,29.164996455751787,1,61210.0,15.0,53713.0,Temperate Broadleaf & Mixed Forests,Eastern Himalayan broadleaf forests
2003,92.50854326329701,27.440693398629424,1,61210.0,15.0,53713.0,Temperate Broadleaf & Mixed Forests,Eastern Himalayan broadleaf forests
2003,93.46026870837467,28.068435760812523,1,61210.0,15.0,53713.0,Temperate Broadleaf & Mixed Forests,Eastern Himalayan broadleaf forests
2003,94.53286168823821,28.41623797989226,1,61210.0,15.0,53713.0,Temperate Broadleaf & Mixed Forests,Eastern Himalayan broadleaf forests
2003,96.26113158521035,28.367276515797275,1,61210.0,15.0,53713.0,Temperate Broadleaf & Mixed Forests,Eastern Himalayan broadleaf forests
2003,95.37245426556859,28.12314076929543,1,61210.0,15.0,53713.0,Temperate Broadleaf & Mixed Forests,Eastern Himalayan broadleaf forests
2003,92.32439141174103,27.216709210130446,1,61210.0,15.0,53713.0,Temperate Broadleaf & Mixed Forests,Eastern Himalayan broadleaf forests
2003,95.7150204233881,29.138513517762057,1,61210.0,15.0,53713.0,Temperate Broadleaf & Mixed Forests,Eastern Himalayan broadleaf forests
2003,94.73331713164421,27.69587230162718,1,61210.0,15.0,53713.0,Temperate Broadleaf & Mixed Forests,Eastern Himalayan broadleaf forests
2003,94.30501791736468,27.975371882747304,1,61210.0,15.0,53713.0,Temperate Broadleaf & Mixed Forests,Eastern Himalayan broadleaf forests
2003,96.99961016602659,28.21202916490448,1,61210.0,15.0,53713.0,Temperate Broadleaf & Mixed Forests,Eastern Himalayan broadleaf forests
2003,94.47097892463076,28.821698946091214,1,61210.0,15.0,53713.0,Temperate Broadleaf & Mixed Forests,Eastern Himalayan broadleaf forests
2003,92.95136803787437,27.825685950460038,1,61210.0,15.0,53713.0,Temperate Broadleaf & Mixed Forests,Eastern Himalayan broadleaf forests
2003,93.74620300235081,28.384019313259735,1,61210.0,15.0,53713.0,Temperate Broadleaf & Mixed Forests,Eastern Himalayan broadleaf forests
2003,96.9636918196754,28.072088041940592,1,61210.0,15.0,53713.0,Temperate Broadleaf & Mixed Forests,Eastern Himalayan broadleaf forests
2003,95.54231464884448,29.10517727406961,1,61210.0,15.0,53713.0,Temperate Broadleaf & Mixed Forests,Eastern Himalayan broadleaf forests
2003,96.96882372335459,28.32310492027706,1,61210.0,15.0,53713.0,Temperate Broadleaf & Mixed Forests,Eastern Himalayan broadleaf forests
2003,95.50041732734786,28.6569374143144,1,61210.0,15.0,53713.0,Temperate Broadleaf & Mixed Forests,Eastern Himalayan broadleaf forests
2003,93.8593846880272,28.379204293918505,1,61210.0,15.0,53713.0,Temperate Broadleaf & Mixed Forests,Eastern Himalayan broadleaf forests
2003,91.89108460792009,27.64057660428127,1,61210.0,15.0,53713.0,Temperate Broadleaf & Mixed Forests,Eastern Himalayan broadleaf forests
2003,92.26774082117718,27.27156401856081,1,61210.0,15.0,53713.0,Temperate Broadleaf & Mixed Forests,Eastern Himalayan broadleaf forests
2003,95.88298825443883,27.268190287318955,1,299.0,0.0,176.0,Tropical & Subtropical Moist Broadleaf Forests,Brahmaputra Valley semi-evergreen forests
2003,95.7375451901557,27.2074474474614,1,13090.0,72.0,10792.0,Temperate Broadleaf & Mixed Forests,Eastern Himalayan broadleaf forests
2003,96.42624459462597,27.315577222980604,1,13090.0,72.0,10792.0,Temperate Broadleaf & Mixed Forests,Eastern Himalayan broadleaf forests
2003,96.88051760382679,27.286823742339248,1,13090.0,72.0,10792.0,Temperate Broadleaf & Mixed Forests,Eastern Himalayan broadleaf forests
2003,96.22895148988778,27.311015190169027,1,13090.0,72.0,10792.0,Temperate Broadleaf & Mixed Forests,Eastern Himalayan broadleaf forests
2003,95.68064339867239,28.06874494055331,1,13090.0,72.0,10792.0,Temperate Broadleaf & Mixed Forests,Eastern Himalayan broadleaf forests
2003,96.0001332016054,27.703383842101626,1,13090.0,72.0,10792.0,Temperate Broadleaf & Mixed Forests,Eastern Himalayan broadleaf forests
2003,96.2508060691927,28.151245380119857,1,13090.0,72.0,10792.0,Temperate Broadleaf & Mixed Forests,Eastern Himalayan broadleaf forests
2003,96.38039274830443,27.93605201248203,1,13090.0,72.0,10792.0,Temperate Broadleaf & Mixed Forests,Eastern Himalayan broadleaf forests
2003,96.47638103370461,27.885012456112605,1,13090.0,72.0,10792.0,Temperate Broadleaf & Mixed Forests,Eastern Himalayan broadleaf forests
2003,95.98474032601037,28.037881797696308,1,13090.0,72.0,10792.0,Temperate Broadleaf & Mixed Forests,Eastern Himalayan broadleaf forests
2003,95.78749373046702,27.113147518982508,1,13090.0,72.0,10792.0,Temperate Broadleaf & Mixed Forests,Eastern Himalayan broadleaf forests
2003,94.20918528381539,26.317358084138533,1,15563.0,0.0,11433.0,Tropical & Subtropical Moist Broadleaf Forests,Mizoram-Manipur-Kachin rain forests
2003,95.0170623076319,26.880346697437762,1,15563.0,0.0,11433.0,Tropical & Subtropical Moist Broadleaf Forests,Mizoram-Manipur-Kachin rain forests
2003,94.54450610276119,26.2074240051691,1,15563.0,0.0,11433.0,Tropical & Subtropical Moist Broadleaf Forests,Mizoram-Manipur-Kachin rain forests
2003,94.21749450038075,26.122942400061756,1,15563.0,0.0,11433.0,Tropical & Subtropical Moist Broadleaf Forests,Mizoram-Manipur-Kachin rain forests
2003,93.6105551501972,25.401973396937265,1,15563.0,0.0,11433.0,Tropical & Subtropical Moist Broadleaf Forests,Mizoram-Manipur-Kachin rain forests
2003,94.08775284613351,26.09391506730493,1,15563.0,0.0,11433.0,Tropical & Subtropical Moist Broadleaf Forests,Mizoram-Manipur-Kachin rain forests
2003,94.28808574284254,25.69494758626831,1,15563.0,0.0,11433.0,Tropical & Subtropical Moist Broadleaf Forests,Mizoram-Manipur-Kachin rain forests
2003,94.73367646298406,26.640835822796685,1,15563.0,0.0,11433.0,Tropical & Subtropical Moist Broadleaf Forests,Mizoram-Manipur-Kachin rain forests
2003,93.67158210645316,25.35755875165996,1,15563.0,0.0,11433.0,Tropical & Subtropical Moist Broadleaf Forests,Mizoram-Manipur-Kachin rain forests
2003,94.81827533386962,26.69729835637319,1,15563.0,0.0,11433.0,Tropical & Subtropical Moist Broadleaf Forests,Mizoram-Manipur-Kachin rain forests
2003,94.83215336436325,25.725409838464067,1,15563.0,0.0,11433.0,Tropical & Subtropical Moist Broadleaf Forests,Mizoram-Manipur-Kachin rain forests
2003,94.92523220143406,25.80303415865622,1,15563.0,0.0,11433.0,Tropical & Subtropical Moist Broadleaf Forests,Mizoram-Manipur-Kachin rain forests
2003,76.53348030188417,11.209204209985252,1,6860.0,0.0,4514.0,Tropical & Subtropical Dry Broadleaf Forests,South Deccan Plateau dry deciduous forests
2003,77.79673122008766,12.061193542690399,1,6860.0,0.0,4514.0,Tropical & Subtropical Dry Broadleaf Forests,South Deccan Plateau dry deciduous forests
2003,77.60315076298734,12.531879248981415,1,6860.0,0.0,4514.0,Tropical & Subtropical Dry Broadleaf Forests,South Deccan Plateau dry deciduous forests
2003,77.92209922505438,12.343414538126682,1,6860.0,0.0,4514.0,Tropical & Subtropical Dry Broadleaf Forests,South Deccan Plateau dry deciduous forests
2003,77.11427533831991,11.557497201510875,1,6860.0,0.0,4514.0,Tropical & Subtropical Dry Broadleaf Forests,South Deccan Plateau dry deciduous forests
2003,74.11176751019053,15.683863608574788,1,25.0,0.0,18.0,Tropical & Subtropical Moist Broadleaf Forests,North Western Ghats montane rain forests
2003,76.11053085023359,11.750295682179408,1,4559.0,0.0,3035.0,Tropical & Subtropical Moist Broadleaf Forests,South Western Ghats montane rain forests
2003,76.577993184862,10.94714286414245,1,4559.0,0.0,3035.0,Tropical & Subtropical Moist Broadleaf Forests,South Western Ghats montane rain forests
2003,75.85353935044164,11.835183326777159,1,4559.0,0.0,3035.0,Tropical & Subtropical Moist Broadleaf Forests,South Western Ghats montane rain forests
2003,74.53896503008727,14.790541791633459,1,27195.0,0.0,18222.0,Tropical & Subtropical Moist Broadleaf Forests,North Western Ghats montane rain forests
2003,74.51204392057663,14.457729075747675,1,27195.0,0.0,18222.0,Tropical & Subtropical Moist Broadleaf Forests,North Western Ghats montane rain forests
2003,75.7061618738983,12.895064532319488,1,27195.0,0.0,18222.0,Tropical & Subtropical Moist Broadleaf Forests,North Western Ghats montane rain forests
2003,76.34150685752302,11.741996952923971,1,27195.0,0.0,18222.0,Tropical & Subtropical Moist Broadleaf Forests,North Western Ghats montane rain forests
2003,75.1268945578451,13.512394951699179,1,27195.0,0.0,18222.0,Tropical & Subtropical Moist Broadleaf Forests,North Western Ghats montane rain forests
2003,75.63304262382856,13.644423697620578,1,27195.0,0.0,18222.0,Tropical & Subtropical Moist Broadleaf Forests,North Western Ghats montane rain forests
2003,75.92212143385709,12.01422165377942,1,27195.0,0.0,18222.0,Tropical & Subtropical Moist Broadleaf Forests,North Western Ghats montane rain forests
2003,76.49280591766579,11.712937636665613,1,27195.0,0.0,18222.0,Tropical & Subtropical Moist Broadleaf Forests,North Western Ghats montane rain forests
2003,76.12431384463615,11.91237521780007,1,27195.0,0.0,18222.0,Tropical & Subtropical Moist Broadleaf Forests,North Western Ghats montane rain forests
2003,75.48820687272772,12.69928334708457,1,27195.0,0.0,18222.0,Tropical & Subtropical Moist Broadleaf Forests,North Western Ghats montane rain forests
2003,74.73107511948835,14.02233716039505,1,27195.0,0.0,18222.0,Tropical & Subtropical Moist Broadleaf Forests,North Western Ghats montane rain forests
2003,74.66681997496553,14.57963020521357,1,27195.0,0.0,18222.0,Tropical & Subtropical Moist Broadleaf Forests,North Western Ghats montane rain forests
2003,75.03047526791379,14.801827519860609,1,27195.0,0.0,18222.0,Tropical & Subtropical Moist Broadleaf Forests,North Western Ghats montane rain forests
2003,75.55637629702719,13.117136214538164,1,27195.0,0.0,18222.0,Tropical & Subtropical Moist Broadleaf Forests,North Western Ghats montane rain forests
2003,75.27749350958665,13.538443821357836,1,27195.0,0.0,18222.0,Tropical & Subtropical Moist Broadleaf Forests,North Western Ghats montane rain forests
2003,75.57222781987033,12.602691227049123,1,27195.0,0.0,18222.0,Tropical & Subtropical Moist Broadleaf Forests,North Western Ghats montane rain forests
2003,74.48486793995036,15.406546914246231,1,27195.0,0.0,18222.0,Tropical & Subtropical Moist Broadleaf Forests,North Western Ghats montane rain forests
2003,74.50602360669176,14.888803728134214,1,27195.0,0.0,18222.0,Tropical & Subtropical Moist Broadleaf Forests,North Western Ghats montane rain forests
2003,76.00826249692624,12.223058122756537,1,27195.0,0.0,18222.0,Tropical & Subtropical Moist Broadleaf Forests,North Western Ghats montane rain forests
2003,75.0459156235552,13.161118784999863,1,27195.0,0.0,18222.0,Tropical & Subtropical Moist Broadleaf Forests,North Western Ghats montane rain forests
2003,76.42682932675785,26.011310209097772,1,521.0,0.0,271.0,Tropical & Subtropical Dry Broadleaf Forests,Khathiar-Gir dry deciduous forests
2003,77.48869025514725,8.423426184590323,1,1630.0,0.0,1150.0,Tropical & Subtropical Moist Broadleaf Forests,South Western Ghats montane rain forests
2003,77.11885059286324,9.083472969116258,1,8540.0,0.0,6024.0,Tropical & Subtropical Moist Broadleaf Forests,South Western Ghats montane rain forests
2003,76.91796550507469,9.687533647752247,1,8540.0,0.0,6024.0,Tropical & Subtropical Moist Broadleaf Forests,South Western Ghats montane rain forests
2003,76.75776395625941,10.335245507844881,1,8540.0,0.0,6024.0,Tropical & Subtropical Moist Broadleaf Forests,South Western Ghats montane rain forests
2003,76.78552396870596,10.555304199191792,1,8540.0,0.0,6024.0,Tropical & Subtropical Moist Broadleaf Forests,South Western Ghats montane rain forests
2003,76.95369306647792,9.501428840880735,1,8540.0,0.0,6024.0,Tropical & Subtropical Moist Broadleaf Forests,South Western Ghats montane rain forests
2003,77.1940979377996,9.28761668225132,1,8540.0,0.0,6024.0,Tropical & Subtropical Moist Broadleaf Forests,South Western Ghats montane rain forests
2003,84.42473206276864,27.30920269536329,1,931.0,14.0,675.0,Tropical & Subtropical Moist Broadleaf Forests,Himalayan subtropical broadleaf forests
2003,79.27621778493777,29.870733219018145,1,21791.0,0.0,14278.0,Tropical & Subtropical Coniferous Forests,Himalayan subtropical pine forests
2003,80.20475629888726,29.472830784737713,1,21791.0,0.0,14278.0,Tropical & Subtropical Coniferous Forests,Himalayan subtropical pine forests
2003,79.36760273287705,29.172488496077587,1,21791.0,0.0,14278.0,Tropical & Subtropical Coniferous Forests,Himalayan subtropical pine forests
2003,79.25203010492449,29.560983836297947,1,21791.0,0.0,14278.0,Tropical & Subtropical Coniferous Forests,Himalayan subtropical pine forests
2003,78.04134585163521,30.499212995393155,1,21791.0,0.0,14278.0,Tropical & Subtropical Coniferous Forests,Himalayan subtropical pine forests
2003,79.20582165005281,29.815872309870404,1,21791.0,0.0,14278.0,Tropical & Subtropical Coniferous Forests,Himalayan subtropical pine forests
2003,78.47716999561307,30.701856816335393,1,21791.0,0.0,14278.0,Tropical & Subtropical Coniferous Forests,Himalayan subtropical pine forests
2003,78.90035742322021,29.99420417174418,1,21791.0,0.0,14278.0,Tropical & Subtropical Coniferous Forests,Himalayan subtropical pine forests
2003,78.2504063172176,30.391648991759943,1,21791.0,0.0,14278.0,Tropical & Subtropical Coniferous Forests,Himalayan subtropical pine forests
2003,79.49049822804578,29.404067834776605,1,21791.0,0.0,14278.0,Tropical & Subtropical Coniferous Forests,Himalayan subtropical pine forests
2003,78.38056431562737,29.943302416390033,1,21791.0,0.0,14278.0,Tropical & Subtropical Coniferous Forests,Himalayan subtropical pine forests
2003,78.79987156472318,29.742739105947237,1,21791.0,0.0,14278.0,Tropical & Subtropical Coniferous Forests,Himalayan subtropical pine forests
2003,79.11427594308324,29.76631997219628,1,21791.0,0.0,14278.0,Tropical & Subtropical Coniferous Forests,Himalayan subtropical pine forests
2003,79.84684914985331,29.708196212995038,1,21791.0,0.0,14278.0,Tropical & Subtropical Coniferous Forests,Himalayan subtropical pine forests
2003,80.25921711809957,29.221490146783538,1,21791.0,0.0,14278.0,Tropical & Subtropical Coniferous Forests,Himalayan subtropical pine forests
2003,79.96102494165761,29.357507997071384,1,21791.0,0.0,14278.0,Tropical & Subtropical Coniferous Forests,Himalayan subtropical pine forests
2003,78.11194176028394,30.741848268765416,1,21791.0,0.0,14278.0,Tropical & Subtropical Coniferous Forests,Himalayan subtropical pine forests
2003,79.94681626549273,29.686609782760844,1,21791.0,0.0,14278.0,Tropical & Subtropical Coniferous Forests,Himalayan subtropical pine forests
2003,80.87154820692844,25.107801864951277,1,92.0,0.0,71.0,Tropical & Subtropical Moist Broadleaf Forests,Upper Gangetic Plains moist deciduous forests
2003,79.51384941027337,24.264858950796327,1,7233.0,0.0,3942.0,Tropical & Subtropical Dry Broadleaf Forests,Narmada Valley dry deciduous forests
2003,80.72139578747118,25.038029456889976,1,7233.0,0.0,3942.0,Tropical & Subtropical Dry Broadleaf Forests,Narmada Valley dry deciduous forests
2003,79.75827607259804,24.418793882668883,1,7233.0,0.0,3942.0,Tropical & Subtropical Dry Broadleaf Forests,Narmada Valley dry deciduous forests
2003,80.3969891449028,24.955059272746823,1,7233.0,0.0,3942.0,Tropical & Subtropical Dry Broadleaf Forests,Narmada Valley dry deciduous forests
2003,79.42548120842666,24.42542085137479,1,7233.0,0.0,3942.0,Tropical & Subtropical Dry Broadleaf Forests,Narmada Valley dry deciduous forests
2003,80.49346696137603,24.740757894848038,1,7233.0,0.0,3942.0,Tropical & Subtropical Dry Broadleaf Forests,Narmada Valley dry deciduous forests
2003,81.2183070390599,22.249371040578666,1,46280.0,0.0,31946.0,Tropical & Subtropical Moist Broadleaf Forests,East Deccan moist deciduous forests
2003,81.11540370888298,18.88833182257341,1,46280.0,0.0,31946.0,Tropical & Subtropical Moist Broadleaf Forests,East Deccan moist deciduous forests
2003,81.37728888903538,19.38604855340267,1,46280.0,0.0,31946.0,Tropical & Subtropical Moist Broadleaf Forests,East Deccan moist deciduous forests
2003,81.15504659810861,19.355707313455444,1,46280.0,0.0,31946.0,Tropical & Subtropical Moist Broadleaf Forests,East Deccan moist deciduous forests
2003,80.8880665540537,21.51302176020421,1,46280.0,0.0,31946.0,Tropical & Subtropical Moist Broadleaf Forests,East Deccan moist deciduous forests
2003,82.15341593351584,22.476580465864707,1,46280.0,0.0,31946.0,Tropical & Subtropical Moist Broadleaf Forests,East Deccan moist deciduous forests
2003,83.1967328194479,22.191077937771997,1,46280.0,0.0,31946.0,Tropical & Subtropical Moist Broadleaf Forests,East Deccan moist deciduous forests
2003,82.46563142036517,22.49616991800687,1,46280.0,0.0,31946.0,Tropical & Subtropical Moist Broadleaf Forests,East Deccan moist deciduous forests
2003,81.89598461042138,20.69397127741272,1,46280.0,0.0,31946.0,Tropical & Subtropical Moist Broadleaf Forests,East Deccan moist deciduous forests
2003,82.13131516837397,22.85469119519943,1,46280.0,0.0,31946.0,Tropical & Subtropical Moist Broadleaf Forests,East Deccan moist deciduous forests
2003,81.25648394883348,18.326214940703284,1,46280.0,0.0,31946.0,Tropical & Subtropical Moist Broadleaf Forests,East Deccan moist deciduous forests
2003,80.78063258870453,21.45583219778885,1,46280.0,0.0,31946.0,Tropical & Subtropical Moist Broadleaf Forests,East Deccan moist deciduous forests
2003,81.12976543739518,19.08464813165865,1,46280.0,0.0,31946.0,Tropical & Subtropical Moist Broadleaf Forests,East Deccan moist deciduous forests
2003,81.04867791573395,20.634536195855,1,46280.0,0.0,31946.0,Tropical & Subtropical Moist Broadleaf Forests,East Deccan moist deciduous forests
2003,80.53946948914752,19.33913497024991,1,46280.0,0.0,31946.0,Tropical & Subtropical Moist Broadleaf Forests,East Deccan moist deciduous forests
2003,83.2069725545827,22.287681597608977,1,46280.0,0.0,31946.0,Tropical & Subtropical Moist Broadleaf Forests,East Deccan moist deciduous forests
2003,80.76937084515448,19.64003959991588,1,46280.0,0.0,31946.0,Tropical & Subtropical Moist Broadleaf Forests,East Deccan moist deciduous forests
2003,81.33830332365504,18.265101873099105,1,46280.0,0.0,31946.0,Tropical & Subtropical Moist Broadleaf Forests,East Deccan moist deciduous forests
2003,81.3018327912901,19.318655097456787,1,46280.0,0.0,31946.0,Tropical & Subtropical Moist Broadleaf Forests,East Deccan moist deciduous forests
2003,80.87150921640642,18.15355619773393,1,46280.0,0.0,31946.0,Tropical & Subtropical Moist Broadleaf Forests,East Deccan moist deciduous forests
2003,81.3148906533792,20.559632657073244,1,46280.0,0.0,31946.0,Tropical & Subtropical Moist Broadleaf Forests,East Deccan moist deciduous forests
2003,80.70323606905826,18.475872726909827,1,46280.0,0.0,31946.0,Tropical & Subtropical Moist Broadleaf Forests,East Deccan moist deciduous forests
2003,81.23325739214069,19.458010179308005,1,46280.0,0.0,31946.0,Tropical & Subtropical Moist Broadleaf Forests,East Deccan moist deciduous forests
2003,80.58313865285437,20.271034297750596,1,46280.0,0.0,31946.0,Tropical & Subtropical Moist Broadleaf Forests,East Deccan moist deciduous forests
2003,80.79897032242324,20.498734263363648,1,46280.0,0.0,31946.0,Tropical & Subtropical Moist Broadleaf Forests,East Deccan moist deciduous forests
2003,81.03555568901842,19.005883938704308,1,46280.0,0.0,31946.0,Tropical & Subtropical Moist Broadleaf Forests,East Deccan moist deciduous forests
2003,82.13895010166449,20.241871917790146,1,46280.0,0.0,31946.0,Tropical & Subtropical Moist Broadleaf Forests,East Deccan moist deciduous forests
2003,83.00516824596882,22.74890903956627,1,46280.0,0.0,31946.0,Tropical & Subtropical Moist Broadleaf Forests,East Deccan moist deciduous forests
2003,82.04017332792105,20.3829114155194,1,46280.0,0.0,31946.0,Tropical & Subtropical Moist Broadleaf Forests,East Deccan moist deciduous forests
2003,81.20441866566533,20.556421244703607,1,46280.0,0.0,31946.0,Tropical & Subtropical Moist Broadleaf Forests,East Deccan moist deciduous forests
2003,81.00224542187182,18.768807177538,1,46280.0,0.0,31946.0,Tropical & Subtropical Moist Broadleaf Forests,East Deccan moist deciduous forests
2003,82.32169495931262,22.79333590235526,1,46280.0,0.0,31946.0,Tropical & Subtropical Moist Broadleaf Forests,East Deccan moist deciduous forests
2003,80.99816265110613,20.484051552112184,1,46280.0,0.0,31946.0,Tropical & Subtropical Moist Broadleaf Forests,East Deccan moist deciduous forests
2003,82.36006439644083,20.068324127183804,1,46280.0,0.0,31946.0,Tropical & Subtropical Moist Broadleaf Forests,East Deccan moist deciduous forests
2003,81.25145129683914,18.930950425298704,1,46280.0,0.0,31946.0,Tropical & Subtropical Moist Broadleaf Forests,East Deccan moist deciduous forests
2003,81.22281038878562,17.814959509061268,1,10936.0,0.0,7070.0,Tropical & Subtropical Moist Broadleaf Forests,East Deccan moist deciduous forests
2003,80.72910743737705,17.900511431233923,1,10936.0,0.0,7070.0,Tropical & Subtropical Moist Broadleaf Forests,East Deccan moist deciduous forests
2003,80.17987865409246,17.859260328841785,1,10936.0,0.0,7070.0,Tropical & Subtropical Moist Broadleaf Forests,East Deccan moist deciduous forests
2003,80.12112547281541,18.6358027625123,1,10936.0,0.0,7070.0,Tropical & Subtropical Moist Broadleaf Forests,East Deccan moist deciduous forests
2003,80.9729252880064,17.80960341851937,1,10936.0,0.0,7070.0,Tropical & Subtropical Moist Broadleaf Forests,East Deccan moist deciduous forests
2003,80.3347042423021,17.418625538909204,1,10936.0,0.0,7070.0,Tropical & Subtropical Moist Broadleaf Forests,East Deccan moist deciduous forests
2003,79.78645344602097,18.460634699213866,1,10936.0,0.0,7070.0,Tropical & Subtropical Moist Broadleaf Forests,East Deccan moist deciduous forests
2003,80.61969320225933,17.94343078323552,1,10936.0,0.0,7070.0,Tropical & Subtropical Moist Broadleaf Forests,East Deccan moist deciduous forests
2003,82.55569571739746,20.53590712261166,1,144.0,0.0,108.0,Tropical & Subtropical Dry Broadleaf Forests,North Deccan dry deciduous forests
2003,81.490554709453,22.90219445057346,1,12092.0,0.0,8084.0,Tropical & Subtropical Moist Broadleaf Forests,East Deccan moist deciduous forests
2003,79.58357501752465,21.651431537497224,1,12092.0,0.0,8084.0,Tropical & Subtropical Moist Broadleaf Forests,East Deccan moist deciduous forests
2003,81.59652469451284,22.669513109085216,1,12092.0,0.0,8084.0,Tropical & Subtropical Moist Broadleaf Forests,East Deccan moist deciduous forests
2003,80.81995660805539,22.294997816512392,1,12092.0,0.0,8084.0,Tropical & Subtropical Moist Broadleaf Forests,East Deccan moist deciduous forests
2003,80.35440554426347,21.886373914572726,1,12092.0,0.0,8084.0,Tropical & Subtropical Moist Broadleaf Forests,East Deccan moist deciduous forests
2003,80.7212703264368,22.35552080498259,1,12092.0,0.0,8084.0,Tropical & Subtropical Moist Broadleaf Forests,East Deccan moist deciduous forests
2003,80.38063150380432,21.82262098633581,1,12092.0,0.0,8084.0,Tropical & Subtropical Moist Broadleaf Forests,East Deccan moist deciduous forests
2003,79.25270566936132,21.854408962017757,1,12092.0,0.0,8084.0,Tropical & Subtropical Moist Broadleaf Forests,East Deccan moist deciduous forests
2003,79.4525124526641,21.781384622332542,1,12092.0,0.0,8084.0,Tropical & Subtropical Moist Broadleaf Forests,East Deccan moist deciduous forests
2003,80.56478829581626,19.506247615844337,1,14916.0,0.0,10942.0,Tropical & Subtropical Dry Broadleaf Forests,Central Deccan Plateau dry deciduous forests
2003,80.3182729060577,19.641236796317575,1,14916.0,0.0,10942.0,Tropical & Subtropical Dry Broadleaf Forests,Central Deccan Plateau dry deciduous forests
2003,80.07446350698656,19.980135107265944,1,14916.0,0.0,10942.0,Tropical & Subtropical Dry Broadleaf Forests,Central Deccan Plateau dry deciduous forests
2003,80.3785317899166,19.642941726494996,1,14916.0,0.0,10942.0,Tropical & Subtropical Dry Broadleaf Forests,Central Deccan Plateau dry deciduous forests
2003,80.1459447994021,20.65769135276682,1,14916.0,0.0,10942.0,Tropical & Subtropical Dry Broadleaf Forests,Central Deccan Plateau dry deciduous forests
2003,80.4759554249785,19.447986727634056,1,14916.0,0.0,10942.0,Tropical & Subtropical Dry Broadleaf Forests,Central Deccan Plateau dry deciduous forests
2003,80.1146690357667,20.060438438305557,1,14916.0,0.0,10942.0,Tropical & Subtropical Dry Broadleaf Forests,Central Deccan Plateau dry deciduous forests
2003,80.78404421033075,19.556631458204798,1,14916.0,0.0,10942.0,Tropical & Subtropical Dry Broadleaf Forests,Central Deccan Plateau dry deciduous forests
2003,79.79251307818252,19.735025312237724,1,14916.0,0.0,10942.0,Tropical & Subtropical Dry Broadleaf Forests,Central Deccan Plateau dry deciduous forests
2003,80.29034415323025,20.27332136765879,1,14916.0,0.0,10942.0,Tropical & Subtropical Dry Broadleaf Forests,Central Deccan Plateau dry deciduous forests
2003,88.882280401447,26.943058261704635,1,42.0,0.0,17.0,Temperate Broadleaf & Mixed Forests,Eastern Himalayan broadleaf forests
2003,88.8779889268434,27.272734235472516,1,15.0,0.0,14.0,Temperate Conifer Forests,Eastern Himalayan subalpine conifer forests
2003,88.94149216922659,21.73303999092899,1,1451.0,716.0,1334.0,Mangroves,Sundarbans mangroves
2004,90.20470300938885,26.80922178435451,1,73.0,25.0,59.0,Tropical & Subtropical Moist Broadleaf Forests,Brahmaputra Valley semi-evergreen forests
2004,89.84209871134217,26.70498789884577,1,7.0,0.0,6.0,Tropical & Subtropical Moist Broadleaf Forests,Himalayan subtropical broadleaf forests
2004,94.5108759904876,28.58299291804066,1,61212.0,15.0,53921.0,Temperate Broadleaf & Mixed Forests,Eastern Himalayan broadleaf forests
2004,92.81587195534762,27.788677612778805,1,61212.0,15.0,53921.0,Temperate Broadleaf & Mixed Forests,Eastern Himalayan broadleaf forests
2004,94.55758599681349,28.646919094071254,1,61212.0,15.0,53921.0,Temperate Broadleaf & Mixed Forests,Eastern Himalayan broadleaf forests
2004,94.43698194119311,27.86399347452963,1,61212.0,15.0,53921.0,Temperate Broadleaf & Mixed Forests,Eastern Himalayan broadleaf forests
2004,95.84719517274202,28.753973737544104,1,61212.0,15.0,53921.0,Temperate Broadleaf & Mixed Forests,Eastern Himalayan broadleaf forests
2004,92.40452961793905,26.946866273089547,1,61212.0,15.0,53921.0,Temperate Broadleaf & Mixed Forests,Eastern Himalayan broadleaf forests
2004,94.27033838594784,28.290843165634723,1,61212.0,15.0,53921.0,Temperate Broadleaf & Mixed Forests,Eastern Himalayan broadleaf forests
2004,94.76595963546437,27.77283808621592,1,61212.0,15.0,53921.0,Temperate Broadleaf & Mixed Forests,Eastern Himalayan broadleaf forests
2004,93.41182939027492,28.149534992215315,1,61212.0,15.0,53921.0,Temperate Broadleaf & Mixed Forests,Eastern Himalayan broadleaf forests
2004,93.50658472274385,27.326071112310213,1,61212.0,15.0,53921.0,Temperate Broadleaf & Mixed Forests,Eastern Himalayan broadleaf forests
2004,94.28324283030912,27.93189880192751,1,61212.0,15.0,53921.0,Temperate Broadleaf & Mixed Forests,Eastern Himalayan broadleaf forests
2004,93.76369190976123,28.076427147009454,1,61212.0,15.0,53921.0,Temperate Broadleaf & Mixed Forests,Eastern Himalayan broadleaf forests
2004,96.74852108480476,28.2014661440411,1,61212.0,15.0,53921.0,Temperate Broadleaf & Mixed Forests,Eastern Himalayan broadleaf forests
2004,92.60880613144239,27.61036597772693,1,61212.0,15.0,53921.0,Temperate Broadleaf & Mixed Forests,Eastern Himalayan broadleaf forests
2004,96.33659077824178,28.936012701037384,1,61212.0,15.0,53921.0,Temperate Broadleaf & Mixed Forests,Eastern Himalayan broadleaf forests
2004,94.98672341703028,28.504125688873835,1,61212.0,15.0,53921.0,Temperate Broadleaf & Mixed Forests,Eastern Himalayan broadleaf forests
2004,92.84143468630867,27.64102200194859,1,61212.0,15.0,53921.0,Temperate Broadleaf & Mixed Forests,Eastern Himalayan broadleaf forests
2004,93.1381958048361,27.10881938877364,1,61212.0,15.0,53921.0,Temperate Broadleaf & Mixed Forests,Eastern Himalayan broadleaf forests
2004,96.825225522344,28.29148698413691,1,61212.0,15.0,53921.0,Temperate Broadleaf & Mixed Forests,Eastern Himalayan broadleaf forests
2004,92.70475875126769,27.55946020800708,1,61212.0,15.0,53921.0,Temperate Broadleaf & Mixed Forests,Eastern Himalayan broadleaf forests
2004,94.73867981928295,28.31675726207478,1,61212.0,15.0,53921.0,Temperate Broadleaf & Mixed Forests,Eastern Himalayan broadleaf forests
2004,95.59666934585942,28.98927017885854,1,61212.0,15.0,53921.0,Temperate Broadleaf & Mixed Forests,Eastern Himalayan broadleaf forests
2004,94.34437775393037,28.724292214863247,1,61212.0,15.0,53921.0,Temperate Broadleaf & Mixed Forests,Eastern Himalayan broadleaf forests
2004,93.90789407489726,27.540790215990437,1,61212.0,15.0,53921.0,Temperate Broadleaf & Mixed Forests,Eastern Himalayan broadleaf forests
2004,93.68253275057131,27.581058318534353,1,61212.0,15.0,53921.0,Temperate Broadleaf & Mixed Forests,Eastern Himalayan broadleaf forests
2004,93.94565027432212,27.52304095042501,1,61212.0,15.0,53921.0,Temperate Broadleaf & Mixed Forests,Eastern Himalayan broadleaf forests
2004,94.84264411494411,27.746371398522594,1,61212.0,15.0,53921.0,Temperate Broadleaf & Mixed Forests,Eastern Himalayan broadleaf forests
2004,92.9507814258225,27.99460841846376,1,61212.0,15.0,53921.0,Temperate Broadleaf & Mixed Forests,Eastern Himalayan broadleaf forests
2004,91.63228968898422,27.65545275614025,1,61212.0,15.0,53921.0,Temperate Broadleaf & Mixed Forests,Eastern Himalayan broadleaf forests
2004,93.6507335862366,27.372568465487827,1,61212.0,15.0,53921.0,Temperate Broadleaf & Mixed Forests,Eastern Himalayan broadleaf forests
2004,93.5516688761076,27.063057602765873,1,61212.0,15.0,53921.0,Temperate Broadleaf & Mixed Forests,Eastern Himalayan broadleaf forests
2004,94.34763414620943,27.62075594320045,1,61212.0,15.0,53921.0,Temperate Broadleaf & Mixed Forests,Eastern Himalayan broadleaf forests
2004,92.51861569482419,27.64079030462514,1,61212.0,15.0,53921.0,Temperate Broadleaf & Mixed Forests,Eastern Himalayan broadleaf forests
2004,93.15910310881651,27.635007454073975,1,61212.0,15.0,53921.0,Temperate Broadleaf & Mixed Forests,Eastern Himalayan broadleaf forests
2004,93.537470942733,28.033407104369143,1,61212.0,15.0,53921.0,Temperate Broadleaf & Mixed Forests,Eastern Himalayan broadleaf forests
2004,94.16145589056485,28.944711427950402,1,61212.0,15.0,53921.0,Temperate Broadleaf & Mixed Forests,Eastern Himalayan broadleaf forests
2004,92.97229155278784,27.22959484762566,1,61212.0,15.0,53921.0,Temperate Broadleaf & Mixed Forests,Eastern Himalayan broadleaf forests
2004,94.81340366358953,27.90886503419709,1,61212.0,15.0,53921.0,Temperate Broadleaf & Mixed Forests,Eastern Himalayan broadleaf forests
2004,96.7187330085575,28.07580997198355,1,61212.0,15.0,53921.0,Temperate Broadleaf & Mixed Forests,Eastern Himalayan broadleaf forests
2004,94.92257203145884,29.00714843394242,1,61212.0,15.0,53921.0,Temperate Broadleaf & Mixed Forests,Eastern Himalayan broadleaf forests
2004,93.66976357230533,28.026152681830283,1,61212.0,15.0,53921.0,Temperate Broadleaf & Mixed Forests,Eastern Himalayan broadleaf forests
2004,93.34184468271481,27.57494910774869,1,61212.0,15.0,53921.0,Temperate Broadleaf & Mixed Forests,Eastern Himalayan broadleaf forests
2004,93.92099371480961,28.042504801847794,1,61212.0,15.0,53921.0,Temperate Broadleaf & Mixed Forests,Eastern Himalayan broadleaf forests
2004,96.63383740518995,28.307509937520106,1,61212.0,15.0,53921.0,Temperate Broadleaf & Mixed Forests,Eastern Himalayan broadleaf forests
2004,96.78738915451515,27.974836119460203,1,61212.0,15.0,53921.0,Temperate Broadleaf & Mixed Forests,Eastern Himalayan broadleaf forests
2004,92.8805164782137,26.262512889406455,1,17451.0,295.0,11973.0,Tropical & Subtropical Moist Broadleaf Forests,Meghalaya subtropical forests
2004,92.56144265435903,25.89758761350849,1,17451.0,295.0,11973.0,Tropical & Subtropical Moist Broadleaf Forests,Meghalaya subtropical forests
2004,93.29875015071,25.08096205807757,1,17451.0,295.0,11973.0,Tropical & Subtropical Moist Broadleaf Forests,Meghalaya subtropical forests
2004,92.97504535079621,25.16713016479246,1,17451.0,295.0,11973.0,Tropical & Subtropical Moist Broadleaf Forests,Meghalaya subtropical forests
2004,93.12838040482355,25.06200724332488,1,17451.0,295.0,11973.0,Tropical & Subtropical Moist Broadleaf Forests,Meghalaya subtropical forests
2004,93.52182621120929,26.411878578378534,1,17451.0,295.0,11973.0,Tropical & Subtropical Moist Broadleaf Forests,Meghalaya subtropical forests
2004,93.84857939851156,26.344417107141542,1,17451.0,295.0,11973.0,Tropical & Subtropical Moist Broadleaf Forests,Meghalaya subtropical forests
2004,92.61586642306742,25.02476693293726,1,17451.0,295.0,11973.0,Tropical & Subtropical Moist Broadleaf Forests,Meghalaya subtropical forests
2004,93.08111086616411,25.7875864601491,1,17451.0,295.0,11973.0,Tropical & Subtropical Moist Broadleaf Forests,Meghalaya subtropical forests
2004,93.48950873977256,25.749827934999796,1,17451.0,295.0,11973.0,Tropical & Subtropical Moist Broadleaf Forests,Meghalaya subtropical forests
2004,92.98856962812799,25.02816722788679,1,17451.0,295.0,11973.0,Tropical & Subtropical Moist Broadleaf Forests,Meghalaya subtropical forests
2004,93.17874690261137,24.911687378769503,1,17451.0,295.0,11973.0,Tropical & Subtropical Moist Broadleaf Forests,Meghalaya subtropical forests
2004,93.34634824240317,25.365816942016394,1,17451.0,295.0,11973.0,Tropical & Subtropical Moist Broadleaf Forests,Meghalaya subtropical forests
2004,96.67118320361405,27.727045105414323,1,13100.0,72.0,10830.0,Temperate Broadleaf & Mixed Forests,Eastern Himalayan broadleaf forests
2004,95.45640765277646,28.017585100674594,1,13100.0,72.0,10830.0,Temperate Broadleaf & Mixed Forests,Eastern Himalayan broadleaf forests
2004,96.63514472682009,27.94690227894019,1,13100.0,72.0,10830.0,Temperate Broadleaf & Mixed Forests,Eastern Himalayan broadleaf forests
2004,96.63791285459132,27.475747342679494,1,13100.0,72.0,10830.0,Temperate Broadleaf & Mixed Forests,Eastern Himalayan broadleaf forests
2004,96.92946450347905,27.33359929754574,1,13100.0,72.0,10830.0,Temperate Broadleaf & Mixed Forests,Eastern Himalayan broadleaf forests
2004,95.93073670591522,27.14838908921858,1,13100.0,72.0,10830.0,Temperate Broadleaf & Mixed Forests,Eastern Himalayan broadleaf forests
2004,96.35629504304572,27.94507992410378,1,13100.0,72.0,10830.0,Temperate Broadleaf & Mixed Forests,Eastern Himalayan broadleaf forests
2004,96.70173036592486,27.947216618070733,1,13100.0,72.0,10830.0,Temperate Broadleaf & Mixed Forests,Eastern Himalayan broadleaf forests
2004,95.63357190074659,27.215268923521464,1,13100.0,72.0,10830.0,Temperate Broadleaf & Mixed Forests,Eastern Himalayan broadleaf forests
2004,95.77792995154408,28.029921162231567,1,13100.0,72.0,10830.0,Temperate Broadleaf & Mixed Forests,Eastern Himalayan broadleaf forests
2004,94.6229768212817,26.667205205578036,1,15627.0,0.0,11644.0,Tropical & Subtropical Moist Broadleaf Forests,Mizoram-Manipur-Kachin rain forests
2004,93.61685533098525,25.611819231199338,1,15627.0,0.0,11644.0,Tropical & Subtropical Moist Broadleaf Forests,Mizoram-Manipur-Kachin rain forests
2004,93.9852513500096,25.585140423519192,1,15627.0,0.0,11644.0,Tropical & Subtropical Moist Broadleaf Forests,Mizoram-Manipur-Kachin rain forests
2004,94.42036529443585,26.124147091187766,1,15627.0,0.0,11644.0,Tropical & Subtropical Moist Broadleaf Forests,Mizoram-Manipur-Kachin rain forests
2004,94.42903674674466,25.690887759697933,1,15627.0,0.0,11644.0,Tropical & Subtropical Moist Broadleaf Forests,Mizoram-Manipur-Kachin rain forests
2004,94.0068559241769,25.968570342410278,1,15627.0,0.0,11644.0,Tropical & Subtropical Moist Broadleaf Forests,Mizoram-Manipur-Kachin rain forests
2004,94.0163960237548,26.056561020354284,1,15627.0,0.0,11644.0,Tropical & Subtropical Moist Broadleaf Forests,Mizoram-Manipur-Kachin rain forests
2004,94.86209991309065,26.526086059947584,1,15627.0,0.0,11644.0,Tropical & Subtropical Moist Broadleaf Forests,Mizoram-Manipur-Kachin rain forests
2004,94.98617714275382,26.279649726476354,1,15627.0,0.0,11644.0,Tropical & Subtropical Moist Broadleaf Forests,Mizoram-Manipur-Kachin rain forests
2004,94.28593099238614,26.06147301536659,1,15627.0,0.0,11644.0,Tropical & Subtropical Moist Broadleaf Forests,Mizoram-Manipur-Kachin rain forests
2004,94.27426418106923,25.736943099996292,1,15627.0,0.0,11644.0,Tropical & Subtropical Moist Broadleaf Forests,Mizoram-Manipur-Kachin rain forests
2004,93.36107540455383,25.185029680208764,1,44.0,0.0,36.0,Tropical & Subtropical Moist Broadleaf Forests,Mizoram-Manipur-Kachin rain forests
2004,92.66498117367102,25.40927271730326,1,171.0,0.0,146.0,Tropical & Subtropical Moist Broadleaf Forests,Meghalaya subtropical forests
2004,76.52297419827642,11.459549856181228,1,6839.0,0.0,4582.0,Tropical & Subtropical Dry Broadleaf Forests,South Deccan Plateau dry deciduous forests
2004,76.52290728044758,11.395114273765152,1,6839.0,0.0,4582.0,Tropical & Subtropical Dry Broadleaf Forests,South Deccan Plateau dry deciduous forests
2004,77.5391267503454,11.794801813957756,1,6839.0,0.0,4582.0,Tropical & Subtropical Dry Broadleaf Forests,South Deccan Plateau dry deciduous forests
2004,76.99811169560475,11.729291403999893,1,6839.0,0.0,4582.0,Tropical & Subtropical Dry Broadleaf Forests,South Deccan Plateau dry deciduous forests
2004,77.72006917118054,12.036688789404712,1,6839.0,0.0,4582.0,Tropical & Subtropical Dry Broadleaf Forests,South Deccan Plateau dry deciduous forests
2004,74.24040796432446,15.765174783174329,1,25.0,0.0,18.0,Tropical & Subtropical Moist Broadleaf Forests,North Western Ghats montane rain forests
2004,75.96937772264202,11.389723469570058,1,4566.0,0.0,3108.0,Tropical & Subtropical Moist Broadleaf Forests,South Western Ghats montane rain forests
2004,75.90598790957665,11.6226291789699,1,4566.0,0.0,3108.0,Tropical & Subtropical Moist Broadleaf Forests,South Western Ghats montane rain forests
2004,76.20908732885027,11.408520268348916,1,4566.0,0.0,3108.0,Tropical & Subtropical Moist Broadleaf Forests,South Western Ghats montane rain forests
2004,74.48353736934278,15.506404090656837,1,27596.0,0.0,18648.0,Tropical & Subtropical Moist Broadleaf Forests,North Western Ghats montane rain forests
2004,75.73167151241006,12.5369455693949,1,27596.0,0.0,18648.0,Tropical & Subtropical Moist Broadleaf Forests,North Western Ghats montane rain forests
2004,74.69003307520912,14.794432200216246,1,27596.0,0.0,18648.0,Tropical & Subtropical Moist Broadleaf Forests,North Western Ghats montane rain forests
2004,74.63164219166833,15.01926570792081,1,27596.0,0.0,18648.0,Tropical & Subtropical Moist Broadleaf Forests,North Western Ghats montane rain forests
2004,74.79594479967268,14.942328664975088,1,27596.0,0.0,18648.0,Tropical & Subtropical Moist Broadleaf Forests,North Western Ghats montane rain forests
2004,75.37375613478527,13.61237390825189,1,27596.0,0.0,18648.0,Tropical & Subtropical Moist Broadleaf Forests,North Western Ghats montane rain forests
2004,74.58900275318258,14.257790718399342,1,27596.0,0.0,18648.0,Tropical & Subtropical Moist Broadleaf Forests,North Western Ghats montane rain forests
2004,75.62958314084024,13.661997893224767,1,27596.0,0.0,18648.0,Tropical & Subtropical Moist Broadleaf Forests,North Western Ghats montane rain forests
2004,75.78886665784916,12.480216004537628,1,27596.0,0.0,18648.0,Tropical & Subtropical Moist Broadleaf Forests,North Western Ghats montane rain forests
2004,75.41794138425152,13.683675737730129,1,27596.0,0.0,18648.0,Tropical & Subtropical Moist Broadleaf Forests,North Western Ghats montane rain forests
2004,75.36346889423204,13.074883439410696,1,27596.0,0.0,18648.0,Tropical & Subtropical Moist Broadleaf Forests,North Western Ghats montane rain forests
2004,74.91124353232942,15.155885433300226,1,27596.0,0.0,18648.0,Tropical & Subtropical Moist Broadleaf Forests,North Western Ghats montane rain forests
2004,75.20301642869063,13.301402460571913,1,27596.0,0.0,18648.0,Tropical & Subtropical Moist Broadleaf Forests,North Western Ghats montane rain forests
2004,74.39616221996597,14.868615828274997,1,27596.0,0.0,18648.0,Tropical & Subtropical Moist Broadleaf Forests,North Western Ghats montane rain forests
2004,75.5499209331742,12.421929502611693,1,27596.0,0.0,18648.0,Tropical & Subtropical Moist Broadleaf Forests,North Western Ghats montane rain forests
2004,76.02884383569,12.220676746230199,1,27596.0,0.0,18648.0,Tropical & Subtropical Moist Broadleaf Forests,North Western Ghats montane rain forests
2004,74.91303669501583,14.696301466274573,1,27596.0,0.0,18648.0,Tropical & Subtropical Moist Broadleaf Forests,North Western Ghats montane rain forests
2004,75.28452837695932,13.523873285897174,1,27596.0,0.0,18648.0,Tropical & Subtropical Moist Broadleaf Forests,North Western Ghats montane rain forests
2004,76.60035368015596,26.086769731065925,1,491.0,0.0,265.0,Tropical & Subtropical Dry Broadleaf Forests,Khathiar-Gir dry deciduous forests
2004,77.410196407254,8.573776998889505,1,1601.0,0.0,1139.0,Tropical & Subtropical Moist Broadleaf Forests,South Western Ghats montane rain forests
2004,76.99997175969861,9.155547021570268,1,8883.0,0.0,6369.0,Tropical & Subtropical Moist Broadleaf Forests,South Western Ghats montane rain forests
2004,77.16171045184467,10.323191380378066,1,8883.0,0.0,6369.0,Tropical & Subtropical Moist Broadleaf Forests,South Western Ghats montane rain forests
2004,76.442321277792,10.421727951394768,1,8883.0,0.0,6369.0,Tropical & Subtropical Moist Broadleaf Forests,South Western Ghats montane rain forests
2004,77.25531326624416,9.43178847755904,1,8883.0,0.0,6369.0,Tropical & Subtropical Moist Broadleaf Forests,South Western Ghats montane rain forests
2004,77.12355212543868,9.782723839870252,1,8883.0,0.0,6369.0,Tropical & Subtropical Moist Broadleaf Forests,South Western Ghats montane rain forests
2004,77.18241282713774,9.231600308609687,1,8883.0,0.0,6369.0,Tropical & Subtropical Moist Broadleaf Forests,South Western Ghats montane rain forests
2004,76.91565710338223,21.32273187025714,1,4037.0,0.0,2700.0,Tropical & Subtropical Dry Broadleaf Forests,Narmada Valley dry deciduous forests
2004,76.22908602091701,21.075136533232463,1,4037.0,0.0,2700.0,Tropical & Subtropical Dry Broadleaf Forests,Narmada Valley dry deciduous forests
2004,76.95625713673093,21.225743852988092,1,4037.0,0.0,2700.0,Tropical & Subtropical Dry Broadleaf Forests,Narmada Valley dry deciduous forests
2004,77.95843261028557,30.179843397364433,1,773.0,0.0,464.0,Tropical & Subtropical Moist Broadleaf Forests,Upper Gangetic Plains moist deciduous forests
2004,84.11271228387768,27.479501760480073,1,928.0,14.0,672.0,Tropical & Subtropical Moist Broadleaf Forests,Himalayan subtropical broadleaf forests
2004,78.69865990150645,29.742335439677852,1,20875.0,0.0,13747.0,Tropical & Subtropical Coniferous Forests,Himalayan subtropical pine forests
2004,79.30050429313681,30.158558318085472,1,20875.0,0.0,13747.0,Tropical & Subtropical Coniferous Forests,Himalayan subtropical pine forests
2004,78.91623526105583,30.181888189947383,1,20875.0,0.0,13747.0,Tropical & Subtropical Coniferous Forests,Himalayan subtropical pine forests
2004,78.88992537798723,29.94478419054291,1,20875.0,0.0,13747.0,Tropical & Subtropical Coniferous Forests,Himalayan subtropical pine forests
2004,79.2463168769965,29.204102065908046,1,20875.0,0.0,13747.0,Tropical & Subtropical Coniferous Forests,Himalayan subtropical pine forests
2004,78.49339541210607,30.592390490063025,1,20875.0,0.0,13747.0,Tropical & Subtropical Coniferous Forests,Himalayan subtropical pine forests
2004,78.46272064374553,30.158333954582762,1,20875.0,0.0,13747.0,Tropical & Subtropical Coniferous Forests,Himalayan subtropical pine forests
2004,79.03872302942352,29.78281736400719,1,20875.0,0.0,13747.0,Tropical & Subtropical Coniferous Forests,Himalayan subtropical pine forests
2004,79.71822465407148,29.038524472720454,1,20875.0,0.0,13747.0,Tropical & Subtropical Coniferous Forests,Himalayan subtropical pine forests
2004,79.23034491372614,29.282894945271703,1,20875.0,0.0,13747.0,Tropical & Subtropical Coniferous Forests,Himalayan subtropical pine forests
2004,79.40178172801137,29.686203526481094,1,20875.0,0.0,13747.0,Tropical & Subtropical Coniferous Forests,Himalayan subtropical pine forests
2004,79.44729541153205,30.095767087787312,1,20875.0,0.0,13747.0,Tropical & Subtropical Coniferous Forests,Himalayan subtropical pine forests
2004,78.96874546386002,30.256368194401194,1,20875.0,0.0,13747.0,Tropical & Subtropical Coniferous Forests,Himalayan subtropical pine forests
2004,78.46302769396958,29.96544321184369,1,20875.0,0.0,13747.0,Tropical & Subtropical Coniferous Forests,Himalayan subtropical pine forests
2004,78.68822906924981,29.678907389688366,1,20875.0,0.0,13747.0,Tropical & Subtropical Coniferous Forests,Himalayan subtropical pine forests
2004,79.50699265408909,29.689751965223245,1,20875.0,0.0,13747.0,Tropical & Subtropical Coniferous Forests,Himalayan subtropical pine forests
2004,79.54592105233806,19.538404889303695,1,0.0,0.0,0.0,Tropical & Subtropical Moist Broadleaf Forests,East Deccan moist deciduous forests
2004,79.52330838465667,20.216943590645975,1,4189.0,0.0,2573.0,Tropical & Subtropical Dry Broadleaf Forests,Central Deccan Plateau dry deciduous forests
2004,79.30078895823004,20.392557531683792,1,4189.0,0.0,2573.0,Tropical & Subtropical Dry Broadleaf Forests,Central Deccan Plateau dry deciduous forests
2004,79.69262586579788,20.525351196081477,1,4189.0,0.0,2573.0,Tropical & Subtropical Dry Broadleaf Forests,Central Deccan Plateau dry deciduous forests
2004,81.10697444060433,24.924304302533915,1,92.0,0.0,71.0,Tropical & Subtropical Moist Broadleaf Forests,Upper Gangetic Plains moist deciduous forests
2004,79.52455845748449,24.401835446512806,1,7267.0,0.0,3983.0,Tropical & Subtropical Dry Broadleaf Forests,Narmada Valley dry deciduous forests
2004,80.4700780042576,25.005307229467917,1,7267.0,0.0,3983.0,Tropical & Subtropical Dry Broadleaf Forests,Narmada Valley dry deciduous forests
2004,79.33077596364352,24.10361765442559,1,7267.0,0.0,3983.0,Tropical & Subtropical Dry Broadleaf Forests,Narmada Valley dry deciduous forests
2004,79.78218858533879,24.573817891734524,1,7267.0,0.0,3983.0,Tropical & Subtropical Dry Broadleaf Forests,Narmada Valley dry deciduous forests
2004,80.5244626152644,24.968328421741436,1,7267.0,0.0,3983.0,Tropical & Subtropical Dry Broadleaf Forests,Narmada Valley dry deciduous forests
2004,83.03941646163747,22.46980136198186,1,46364.0,0.0,31934.0,Tropical & Subtropical Moist Broadleaf Forests,East Deccan moist deciduous forests
2004,83.09908391413354,22.481406639586677,1,46364.0,0.0,31934.0,Tropical & Subtropical Moist Broadleaf Forests,East Deccan moist deciduous forests
2004,82.25521017876837,22.59986562177559,1,46364.0,0.0,31934.0,Tropical & Subtropical Moist Broadleaf Forests,East Deccan moist deciduous forests
2004,82.10134353668204,20.33333620745373,1,46364.0,0.0,31934.0,Tropical & Subtropical Moist Broadleaf Forests,East Deccan moist deciduous forests
2004,81.52257501515122,18.57799607806349,1,46364.0,0.0,31934.0,Tropical & Subtropical Moist Broadleaf Forests,East Deccan moist deciduous forests
2004,80.8090048685454,20.528774626797592,1,46364.0,0.0,31934.0,Tropical & Subtropical Moist Broadleaf Forests,East Deccan moist deciduous forests
2004,82.68807315034609,22.84256049669392,1,46364.0,0.0,31934.0,Tropical & Subtropical Moist Broadleaf Forests,East Deccan moist deciduous forests
2004,82.63444749895984,22.654149701798595,1,46364.0,0.0,31934.0,Tropical & Subtropical Moist Broadleaf Forests,East Deccan moist deciduous forests
2004,81.12931212357861,18.800361961818467,1,46364.0,0.0,31934.0,Tropical & Subtropical Moist Broadleaf Forests,East Deccan moist deciduous forests
2004,80.74826964714882,21.22918266306532,1,46364.0,0.0,31934.0,Tropical & Subtropical Moist Broadleaf Forests,East Deccan moist deciduous forests
2004,82.03781587045601,20.07436752844959,1,46364.0,0.0,31934.0,Tropical & Subtropical Moist Broadleaf Forests,East Deccan moist deciduous forests
2004,82.9248621576031,22.392495182523426,1,46364.0,0.0,31934.0,Tropical & Subtropical Moist Broadleaf Forests,East Deccan moist deciduous forests
2004,82.07403623016596,22.541714288194623,1,46364.0,0.0,31934.0,Tropical & Subtropical Moist Broadleaf Forests,East Deccan moist deciduous forests
2004,81.25235008624165,19.32821226008004,1,46364.0,0.0,31934.0,Tropical & Subtropical Moist Broadleaf Forests,East Deccan moist deciduous forests
2004,80.68049672686898,19.793944062724492,1,46364.0,0.0,31934.0,Tropical & Subtropical Moist Broadleaf Forests,East Deccan moist deciduous forests
2004,83.33759292235392,22.928826728981523,1,46364.0,0.0,31934.0,Tropical & Subtropical Moist Broadleaf Forests,East Deccan moist deciduous forests
2004,82.1502475173453,20.49574222906605,1,46364.0,0.0,31934.0,Tropical & Subtropical Moist Broadleaf Forests,East Deccan moist deciduous forests
2004,81.3688807811579,18.38275800207536,1,46364.0,0.0,31934.0,Tropical & Subtropical Moist Broadleaf Forests,East Deccan moist deciduous forests
2004,80.68196104149641,20.537961840424263,1,46364.0,0.0,31934.0,Tropical & Subtropical Moist Broadleaf Forests,East Deccan moist deciduous forests
2004,81.1937167252337,20.122397516242508,1,46364.0,0.0,31934.0,Tropical & Subtropical Moist Broadleaf Forests,East Deccan moist deciduous forests
2004,83.12857008907437,22.661164090705217,1,46364.0,0.0,31934.0,Tropical & Subtropical Moist Broadleaf Forests,East Deccan moist deciduous forests
2004,81.44957236731538,19.052728466936102,1,46364.0,0.0,31934.0,Tropical & Subtropical Moist Broadleaf Forests,East Deccan moist deciduous forests
2004,82.54864326624634,22.66647863739314,1,46364.0,0.0,31934.0,Tropical & Subtropical Moist Broadleaf Forests,East Deccan moist deciduous forests
2004,80.70625011272537,21.3225456803304,1,46364.0,0.0,31934.0,Tropical & Subtropical Moist Broadleaf Forests,East Deccan moist deciduous forests
2004,81.0532222360352,20.441017022873375,1,46364.0,0.0,31934.0,Tropical & Subtropical Moist Broadleaf Forests,East Deccan moist deciduous forests
2004,82.01096471377178,20.35572109576653,1,46364.0,0.0,31934.0,Tropical & Subtropical Moist Broadleaf Forests,East Deccan moist deciduous forests
2004,81.58113424043046,19.380375914670736,1,46364.0,0.0,31934.0,Tropical & Subtropical Moist Broadleaf Forests,East Deccan moist deciduous forests
2004,83.14946711052065,22.122549951109157,1,46364.0,0.0,31934.0,Tropical & Subtropical Moist Broadleaf Forests,East Deccan moist deciduous forests
2004,80.6541654410757,19.9803243987581,1,46364.0,0.0,31934.0,Tropical & Subtropical Moist Broadleaf Forests,East Deccan moist deciduous forests
2004,80.90751068937026,19.77255014991019,1,46364.0,0.0,31934.0,Tropical & Subtropical Moist Broadleaf Forests,East Deccan moist deciduous forests
2004,81.15248180068949,18.289140536851594,1,46364.0,0.0,31934.0,Tropical & Subtropical Moist Broadleaf Forests,East Deccan moist deciduous forests
2004,80.61566649005727,20.2309072683588,1,46364.0,0.0,31934.0,Tropical & Subtropical Moist Broadleaf Forests,East Deccan moist deciduous forests
2004,80.51482291864782,17.505367069614643,1,10907.0,0.0,7056.0,Tropical & Subtropical Moist Broadleaf Forests,East Deccan moist deciduous forests
2004,80.69042718712063,18.19824984034392,1,10907.0,0.0,7056.0,Tropical & Subtropical Moist Broadleaf Forests,East Deccan moist deciduous forests
2004,80.28710689497225,18.307876656775193,1,10907.0,0.0,7056.0,Tropical & Subtropical Moist Broadleaf Forests,East Deccan moist deciduous forests
2004,80.20882815274453,18.055438817792275,1,10907.0,0.0,7056.0,Tropical & Subtropical Moist Broadleaf Forests,East Deccan moist deciduous forests
2004,79.68953856535104,18.753238725803115,1,10907.0,0.0,7056.0,Tropical & Subtropical Moist Broadleaf Forests,East Deccan moist deciduous forests
2004,79.93796354916071,18.46229479290032,1,10907.0,0.0,7056.0,Tropical & Subtropical Moist Broadleaf Forests,East Deccan moist deciduous forests
2004,80.01439875488636,17.748398403761136,1,10907.0,0.0,7056.0,Tropical & Subtropical Moist Broadleaf Forests,East Deccan moist deciduous forests
2004,82.55569571739746,20.53590712261166,1,144.0,0.0,109.0,Tropical & Subtropical Dry Broadleaf Forests,North Deccan dry deciduous forests
2004,80.46714461634174,22.186502325719285,1,12089.0,0.0,8073.0,Tropical & Subtropical Moist Broadleaf Forests,East Deccan moist deciduous forests
2004,80.91666556174079,22.181944296716225,1,12089.0,0.0,8073.0,Tropical & Subtropical Moist Broadleaf Forests,East Deccan moist deciduous forests
2004,80.42034690664809,21.775157878573875,1,12089.0,0.0,8073.0,Tropical & Subtropical Moist Broadleaf Forests,East Deccan moist deciduous forests
2004,80.56095568444321,22.396711072018114,1,12089.0,0.0,8073.0,Tropical & Subtropical Moist Broadleaf Forests,East Deccan moist deciduous forests
2004,79.68407892344986,21.845696616026355,1,12089.0,0.0,8073.0,Tropical & Subtropical Moist Broadleaf Forests,East Deccan moist deciduous forests
2004,79.4058699739331,21.78091076907057,1,12089.0,0.0,8073.0,Tropical & Subtropical Moist Broadleaf Forests,East Deccan moist deciduous forests
2004,80.52136751155109,21.718574296918497,1,12089.0,0.0,8073.0,Tropical & Subtropical Moist Broadleaf Forests,East Deccan moist deciduous forests
2004,79.92422599129844,22.04800384166347,1,12089.0,0.0,8073.0,Tropical & Subtropical Moist Broadleaf Forests,East Deccan moist deciduous forests
2004,80.54809085724786,19.740608572571883,1,16454.0,0.0,11895.0,Tropical & Subtropical Dry Broadleaf Forests,Central Deccan Plateau dry deciduous forests
2004,79.87445340438191,21.146892475092347,1,16454.0,0.0,11895.0,Tropical & Subtropical Dry Broadleaf Forests,Central Deccan Plateau dry deciduous forests
2004,80.73907521245395,19.38936230687623,1,16454.0,0.0,11895.0,Tropical & Subtropical Dry Broadleaf Forests,Central Deccan Plateau dry deciduous forests
2004,80.31421825889132,19.343270142007043,1,16454.0,0.0,11895.0,Tropical & Subtropical Dry Broadleaf Forests,Central Deccan Plateau dry deciduous forests
2004,80.48658876883988,20.77792515019379,1,16454.0,0.0,11895.0,Tropical & Subtropical Dry Broadleaf Forests,Central Deccan Plateau dry deciduous forests
2004,80.49283386903231,19.61604998137365,1,16454.0,0.0,11895.0,Tropical & Subtropical Dry Broadleaf Forests,Central Deccan Plateau dry deciduous forests
2004,79.30865018872882,21.662305980417145,1,16454.0,0.0,11895.0,Tropical & Subtropical Dry Broadleaf Forests,Central Deccan Plateau dry deciduous forests
2004,79.31639143020799,21.55654303391053,1,16454.0,0.0,11895.0,Tropical & Subtropical Dry Broadleaf Forests,Central Deccan Plateau dry deciduous forests
2004,80.52170167616939,20.687774062983774,1,16454.0,0.0,11895.0,Tropical & Subtropical Dry Broadleaf Forests,Central Deccan Plateau dry deciduous forests
2004,79.28147290125553,21.572633510465906,1,16454.0,0.0,11895.0,Tropical & Subtropical Dry Broadleaf Forests,Central Deccan Plateau dry deciduous forests
2004,80.25486652318217,20.242107736501563,1,16454.0,0.0,11895.0,Tropical & Subtropical Dry Broadleaf Forests,Central Deccan Plateau dry deciduous forests
2004,88.78120014258553,27.134143082711095,1,42.0,0.0,18.0,Temperate Broadleaf & Mixed Forests,Eastern Himalayan broadleaf forests
2004,88.79378363716414,27.22430578989852,1,15.0,0.0,14.0,Temperate Conifer Forests,Eastern Himalayan subalpine conifer forests
2004,88.99560890507072,21.842152847150878,1,1451.0,716.0,1334.0,Mangroves,Sundarbans mangroves
2005,90.19032291353071,26.79914662454229,1,73.0,25.0,59.0,Tropical & Subtropical Moist Broadleaf Forests,Brahmaputra Valley semi-evergreen forests
2005,89.82374385474245,26.71059671300789,1,7.0,0.0,6.0,Tropical & Subtropical Moist Broadleaf Forests,Himalayan subtropical broadleaf forests
2005,93.23821487324439,27.200732518126774,1,61195.0,15.0,53922.0,Temperate Broadleaf & Mixed Forests,Eastern Himalayan broadleaf forests
2005,96.74151953171473,27.959632515332167,1,61195.0,15.0,53922.0,Temperate Broadleaf & Mixed Forests,Eastern Himalayan broadleaf forests
2005,93.9516244338485,27.830393685914373,1,61195.0,15.0,53922.0,Temperate Broadleaf & Mixed Forests,Eastern Himalayan broadleaf forests
2005,93.47937037040516,27.025454237479988,1,61195.0,15.0,53922.0,Temperate Broadleaf & Mixed Forests,Eastern Himalayan broadleaf forests
2005,95.07960920390656,28.364719780371544,1,61195.0,15.0,53922.0,Temperate Broadleaf & Mixed Forests,Eastern Himalayan broadleaf forests
2005,91.90027512452791,27.613023815029678,1,61195.0,15.0,53922.0,Temperate Broadleaf & Mixed Forests,Eastern Himalayan broadleaf forests
2005,92.49632561696724,27.501313754278804,1,61195.0,15.0,53922.0,Temperate Broadleaf & Mixed Forests,Eastern Himalayan broadleaf forests
2005,93.86719043760587,28.116042671488117,1,61195.0,15.0,53922.0,Temperate Broadleaf & Mixed Forests,Eastern Himalayan broadleaf forests
2005,92.10537535907936,27.204009113089224,1,61195.0,15.0,53922.0,Temperate Broadleaf & Mixed Forests,Eastern Himalayan broadleaf forests
2005,94.64245910027913,28.081161628047226,1,61195.0,15.0,53922.0,Temperate Broadleaf & Mixed Forests,Eastern Himalayan broadleaf forests
2005,95.42607462699173,28.85792698057188,1,61195.0,15.0,53922.0,Temperate Broadleaf & Mixed Forests,Eastern Himalayan broadleaf forests
2005,93.8379851752887,28.120572148215114,1,61195.0,15.0,53922.0,Temperate Broadleaf & Mixed Forests,Eastern Himalayan broadleaf forests
2005,95.13882866689856,28.22407891709973,1,61195.0,15.0,53922.0,Temperate Broadleaf & Mixed Forests,Eastern Himalayan broadleaf forests
2005,92.24080816739827,27.228679939251656,1,61195.0,15.0,53922.0,Temperate Broadleaf & Mixed Forests,Eastern Himalayan broadleaf forests
2005,93.68168435735227,27.022892176067863,1,61195.0,15.0,53922.0,Temperate Broadleaf & Mixed Forests,Eastern Himalayan broadleaf forests
2005,92.27312857465624,27.223018862650978,1,61195.0,15.0,53922.0,Temperate Broadleaf & Mixed Forests,Eastern Himalayan broadleaf forests
2005,92.10490866556314,27.371850325664155,1,61195.0,15.0,53922.0,Temperate Broadleaf & Mixed Forests,Eastern Himalayan broadleaf forests
2005,94.63872962491816,29.2352265273799,1,61195.0,15.0,53922.0,Temperate Broadleaf & Mixed Forests,Eastern Himalayan broadleaf forests
2005,95.02328829722127,28.746231312475242,1,61195.0,15.0,53922.0,Temperate Broadleaf & Mixed Forests,Eastern Himalayan broadleaf forests
2005,95.47555143546347,28.86612282812805,1,61195.0,15.0,53922.0,Temperate Broadleaf & Mixed Forests,Eastern Himalayan broadleaf forests
2005,92.28165201052225,27.422032786011,1,61195.0,15.0,53922.0,Temperate Broadleaf & Mixed Forests,Eastern Himalayan broadleaf forests
2005,95.25644642470175,28.083736188386084,1,61195.0,15.0,53922.0,Temperate Broadleaf & Mixed Forests,Eastern Himalayan broadleaf forests
2005,96.71567262627913,28.348879577158364,1,61195.0,15.0,53922.0,Temperate Broadleaf & Mixed Forests,Eastern Himalayan broadleaf forests
2005,95.5217004251338,28.904964733341902,1,61195.0,15.0,53922.0,Temperate Broadleaf & Mixed Forests,Eastern Himalayan broadleaf forests
2005,93.2867159275961,27.69654067908271,1,61195.0,15.0,53922.0,Temperate Broadleaf & Mixed Forests,Eastern Himalayan broadleaf forests
2005,93.61544448897874,28.45300812177003,1,61195.0,15.0,53922.0,Temperate Broadleaf & Mixed Forests,Eastern Himalayan broadleaf forests
2005,95.74139693336961,28.456110850700117,1,61195.0,15.0,53922.0,Temperate Broadleaf & Mixed Forests,Eastern Himalayan broadleaf forests
2005,92.30579032535749,27.16997746624366,1,61195.0,15.0,53922.0,Temperate Broadleaf & Mixed Forests,Eastern Himalayan broadleaf forests
2005,92.69735395055292,27.675650541565158,1,61195.0,15.0,53922.0,Temperate Broadleaf & Mixed Forests,Eastern Himalayan broadleaf forests
2005,96.56222172970247,28.07877162739661,1,61195.0,15.0,53922.0,Temperate Broadleaf & Mixed Forests,Eastern Himalayan broadleaf forests
2005,93.70480980998668,28.28143665158683,1,61195.0,15.0,53922.0,Temperate Broadleaf & Mixed Forests,Eastern Himalayan broadleaf forests
2005,96.74092800181356,28.278715518376494,1,61195.0,15.0,53922.0,Temperate Broadleaf & Mixed Forests,Eastern Himalayan broadleaf forests
2005,95.86945659489665,29.124177429407332,1,61195.0,15.0,53922.0,Temperate Broadleaf & Mixed Forests,Eastern Himalayan broadleaf forests
2005,94.04107686347189,28.81383666566124,1,61195.0,15.0,53922.0,Temperate Broadleaf & Mixed Forests,Eastern Himalayan broadleaf forests
2005,94.6896514913534,29.135699492776748,1,61195.0,15.0,53922.0,Temperate Broadleaf & Mixed Forests,Eastern Himalayan broadleaf forests
2005,93.56228154298921,27.914766165338843,1,61195.0,15.0,53922.0,Temperate Broadleaf & Mixed Forests,Eastern Himalayan broadleaf forests
2005,94.02805981882908,28.157521687482514,1,61195.0,15.0,53922.0,Temperate Broadleaf & Mixed Forests,Eastern Himalayan broadleaf forests
2005,94.01271864678168,28.599659621856386,1,61195.0,15.0,53922.0,Temperate Broadleaf & Mixed Forests,Eastern Himalayan broadleaf forests
2005,95.00626915746875,28.816156501729154,1,61195.0,15.0,53922.0,Temperate Broadleaf & Mixed Forests,Eastern Himalayan broadleaf forests
2005,95.14342509271411,27.88111195079932,1,61195.0,15.0,53922.0,Temperate Broadleaf & Mixed Forests,Eastern Himalayan broadleaf forests
2005,92.54705582033058,27.418866323095948,1,61195.0,15.0,53922.0,Temperate Broadleaf & Mixed Forests,Eastern Himalayan broadleaf forests
2005,92.76151449398078,27.51456223600863,1,61195.0,15.0,53922.0,Temperate Broadleaf & Mixed Forests,Eastern Himalayan broadleaf forests
2005,92.3753419599586,26.994605759728042,1,61195.0,15.0,53922.0,Temperate Broadleaf & Mixed Forests,Eastern Himalayan broadleaf forests
2005,93.24637281514518,27.985668260808616,1,61195.0,15.0,53922.0,Temperate Broadleaf & Mixed Forests,Eastern Himalayan broadleaf forests
2005,94.94068929714541,29.010000673079958,1,61195.0,15.0,53922.0,Temperate Broadleaf & Mixed Forests,Eastern Himalayan broadleaf forests
2005,92.57271711994554,27.207435286423518,1,61195.0,15.0,53922.0,Temperate Broadleaf & Mixed Forests,Eastern Himalayan broadleaf forests
2005,92.3806258108383,25.900092055582864,1,17338.0,302.0,11904.0,Tropical & Subtropical Moist Broadleaf Forests,Meghalaya subtropical forests
2005,92.81078593114532,25.434926154085684,1,17338.0,302.0,11904.0,Tropical & Subtropical Moist Broadleaf Forests,Meghalaya subtropical forests
2005,92.98493455574346,25.775088853265054,1,17338.0,302.0,11904.0,Tropical & Subtropical Moist Broadleaf Forests,Meghalaya subtropical forests
2005,92.82956826308464,26.26906862158642,1,17338.0,302.0,11904.0,Tropical & Subtropical Moist Broadleaf Forests,Meghalaya subtropical forests
2005,93.29299035696182,25.194560209844894,1,17338.0,302.0,11904.0,Tropical & Subtropical Moist Broadleaf Forests,Meghalaya subtropical forests
2005,93.59424833430683,26.493635293775895,1,17338.0,302.0,11904.0,Tropical & Subtropical Moist Broadleaf Forests,Meghalaya subtropical forests
2005,92.70598732516926,25.63017675821842,1,17338.0,302.0,11904.0,Tropical & Subtropical Moist Broadleaf Forests,Meghalaya subtropical forests
2005,93.56949070767025,26.055782099156403,1,17338.0,302.0,11904.0,Tropical & Subtropical Moist Broadleaf Forests,Meghalaya subtropical forests
2005,92.66024386638814,25.148809957366474,1,17338.0,302.0,11904.0,Tropical & Subtropical Moist Broadleaf Forests,Meghalaya subtropical forests
2005,93.40526834789202,26.073592278784655,1,17338.0,302.0,11904.0,Tropical & Subtropical Moist Broadleaf Forests,Meghalaya subtropical forests
2005,92.62113316374155,25.8961169499189,1,17338.0,302.0,11904.0,Tropical & Subtropical Moist Broadleaf Forests,Meghalaya subtropical forests
2005,93.02454255379497,25.26641753934537,1,17338.0,302.0,11904.0,Tropical & Subtropical Moist Broadleaf Forests,Meghalaya subtropical forests
2005,92.45076872551448,26.005705324526442,1,17338.0,302.0,11904.0,Tropical & Subtropical Moist Broadleaf Forests,Meghalaya subtropical forests
2005,95.59410955634631,27.125186326988736,1,13093.0,72.0,10827.0,Temperate Broadleaf & Mixed Forests,Eastern Himalayan broadleaf forests
2005,96.19223261609837,27.836814813012815,1,13093.0,72.0,10827.0,Temperate Broadleaf & Mixed Forests,Eastern Himalayan broadleaf forests
2005,95.97385781205007,28.00736370983293,1,13093.0,72.0,10827.0,Temperate Broadleaf & Mixed Forests,Eastern Himalayan broadleaf forests
2005,95.25677478659189,26.839917141773782,1,13093.0,72.0,10827.0,Temperate Broadleaf & Mixed Forests,Eastern Himalayan broadleaf forests
2005,95.56419326321904,28.068720597778064,1,13093.0,72.0,10827.0,Temperate Broadleaf & Mixed Forests,Eastern Himalayan broadleaf forests
2005,96.13437374271219,27.40308020617092,1,13093.0,72.0,10827.0,Temperate Broadleaf & Mixed Forests,Eastern Himalayan broadleaf forests
2005,95.3656722079375,27.047671226220412,1,13093.0,72.0,10827.0,Temperate Broadleaf & Mixed Forests,Eastern Himalayan broadleaf forests
2005,96.21650846772687,28.029894535299793,1,13093.0,72.0,10827.0,Temperate Broadleaf & Mixed Forests,Eastern Himalayan broadleaf forests
2005,95.96962605142545,27.252270725227483,1,13093.0,72.0,10827.0,Temperate Broadleaf & Mixed Forests,Eastern Himalayan broadleaf forests
2005,94.56040898357061,25.954533407983927,1,15584.0,0.0,11605.0,Tropical & Subtropical Moist Broadleaf Forests,Mizoram-Manipur-Kachin rain forests
2005,94.65582821358366,25.942585171778084,1,15584.0,0.0,11605.0,Tropical & Subtropical Moist Broadleaf Forests,Mizoram-Manipur-Kachin rain forests
2005,94.75939876057423,26.047490376801644,1,15584.0,0.0,11605.0,Tropical & Subtropical Moist Broadleaf Forests,Mizoram-Manipur-Kachin rain forests
2005,94.77263888671399,25.876321813901395,1,15584.0,0.0,11605.0,Tropical & Subtropical Moist Broadleaf Forests,Mizoram-Manipur-Kachin rain forests
2005,93.5306281706908,25.32079364545179,1,15584.0,0.0,11605.0,Tropical & Subtropical Moist Broadleaf Forests,Mizoram-Manipur-Kachin rain forests
2005,94.58160525306033,26.629551074623603,1,15584.0,0.0,11605.0,Tropical & Subtropical Moist Broadleaf Forests,Mizoram-Manipur-Kachin rain forests
2005,95.10406012991365,26.398270169998092,1,15584.0,0.0,11605.0,Tropical & Subtropical Moist Broadleaf Forests,Mizoram-Manipur-Kachin rain forests
2005,94.24664417962849,26.34649881614541,1,15584.0,0.0,11605.0,Tropical & Subtropical Moist Broadleaf Forests,Mizoram-Manipur-Kachin rain forests
2005,95.0689545835202,26.567189784428066,1,15584.0,0.0,11605.0,Tropical & Subtropical Moist Broadleaf Forests,Mizoram-Manipur-Kachin rain forests
2005,94.42543944709168,26.226421203452826,1,15584.0,0.0,11605.0,Tropical & Subtropical Moist Broadleaf Forests,Mizoram-Manipur-Kachin rain forests
2005,93.56321989002227,25.614476308701498,1,15584.0,0.0,11605.0,Tropical & Subtropical Moist Broadleaf Forests,Mizoram-Manipur-Kachin rain forests
2005,94.07158725031285,26.065763199836866,1,15584.0,0.0,11605.0,Tropical & Subtropical Moist Broadleaf Forests,Mizoram-Manipur-Kachin rain forests
2005,93.21290116262358,24.85642773995127,1,44.0,0.0,36.0,Tropical & Subtropical Moist Broadleaf Forests,Mizoram-Manipur-Kachin rain forests
2005,92.53235961522412,25.104093915317424,1,171.0,0.0,146.0,Tropical & Subtropical Moist Broadleaf Forests,Meghalaya subtropical forests
2005,77.03848702600548,11.672453882497432,1,6737.0,0.0,4522.0,Tropical & Subtropical Dry Broadleaf Forests,South Deccan Plateau dry deciduous forests
2005,77.79293719200551,12.069616312066836,1,6737.0,0.0,4522.0,Tropical & Subtropical Dry Broadleaf Forests,South Deccan Plateau dry deciduous forests
2005,77.6363320071777,12.211512489912748,1,6737.0,0.0,4522.0,Tropical & Subtropical Dry Broadleaf Forests,South Deccan Plateau dry deciduous forests
2005,77.71890608098896,12.367800007635328,1,6737.0,0.0,4522.0,Tropical & Subtropical Dry Broadleaf Forests,South Deccan Plateau dry deciduous forests
2005,76.66332599458815,11.593985143247883,1,6737.0,0.0,4522.0,Tropical & Subtropical Dry Broadleaf Forests,South Deccan Plateau dry deciduous forests
2005,74.25076960003652,15.7523172415516,1,25.0,0.0,18.0,Tropical & Subtropical Moist Broadleaf Forests,North Western Ghats montane rain forests
2005,75.7005818946928,11.819671749843973,1,3910.0,0.0,2641.0,Tropical & Subtropical Moist Broadleaf Forests,South Western Ghats montane rain forests
2005,76.43951308106783,11.287651165926732,1,3910.0,0.0,2641.0,Tropical & Subtropical Moist Broadleaf Forests,South Western Ghats montane rain forests
2005,76.52588528412707,11.317162917305854,1,3910.0,0.0,2641.0,Tropical & Subtropical Moist Broadleaf Forests,South Western Ghats montane rain forests
2005,75.85229641158567,12.007151501676287,1,26557.0,0.0,17939.0,Tropical & Subtropical Moist Broadleaf Forests,North Western Ghats montane rain forests
2005,75.20433709395611,13.202564079021275,1,26557.0,0.0,17939.0,Tropical & Subtropical Moist Broadleaf Forests,North Western Ghats montane rain forests
2005,74.91939215082466,13.30193143237495,1,26557.0,0.0,17939.0,Tropical & Subtropical Moist Broadleaf Forests,North Western Ghats montane rain forests
2005,75.06723319013562,15.033718773750834,1,26557.0,0.0,17939.0,Tropical & Subtropical Moist Broadleaf Forests,North Western Ghats montane rain forests
2005,74.43040205676792,14.67466543046575,1,26557.0,0.0,17939.0,Tropical & Subtropical Moist Broadleaf Forests,North Western Ghats montane rain forests
2005,75.44720693683956,13.328319665193035,1,26557.0,0.0,17939.0,Tropical & Subtropical Moist Broadleaf Forests,North Western Ghats montane rain forests
2005,75.21325277394413,13.633082283191897,1,26557.0,0.0,17939.0,Tropical & Subtropical Moist Broadleaf Forests,North Western Ghats montane rain forests
2005,76.61749493739039,11.680877264805941,1,26557.0,0.0,17939.0,Tropical & Subtropical Moist Broadleaf Forests,North Western Ghats montane rain forests
2005,75.5054040473052,13.2321079855567,1,26557.0,0.0,17939.0,Tropical & Subtropical Moist Broadleaf Forests,North Western Ghats montane rain forests
2005,74.94751609698952,13.651918209774932,1,26557.0,0.0,17939.0,Tropical & Subtropical Moist Broadleaf Forests,North Western Ghats montane rain forests
2005,75.05913621905425,13.46104250162242,1,26557.0,0.0,17939.0,Tropical & Subtropical Moist Broadleaf Forests,North Western Ghats montane rain forests
2005,74.50028685367565,14.828056087927061,1,26557.0,0.0,17939.0,Tropical & Subtropical Moist Broadleaf Forests,North Western Ghats montane rain forests
2005,75.51601941385847,13.306195614555502,1,26557.0,0.0,17939.0,Tropical & Subtropical Moist Broadleaf Forests,North Western Ghats montane rain forests
2005,74.54372291581618,15.441359775537634,1,26557.0,0.0,17939.0,Tropical & Subtropical Moist Broadleaf Forests,North Western Ghats montane rain forests
2005,74.57607995241386,15.059181630074798,1,26557.0,0.0,17939.0,Tropical & Subtropical Moist Broadleaf Forests,North Western Ghats montane rain forests
2005,74.76640161332774,14.248299261461746,1,26557.0,0.0,17939.0,Tropical & Subtropical Moist Broadleaf Forests,North Western Ghats montane rain forests
2005,74.39399656413477,15.273329645565926,1,26557.0,0.0,17939.0,Tropical & Subtropical Moist Broadleaf Forests,North Western Ghats montane rain forests
2005,76.48029236682893,11.857733763083722,1,26557.0,0.0,17939.0,Tropical & Subtropical Moist Broadleaf Forests,North Western Ghats montane rain forests
2005,76.38104549737321,25.964787810846616,1,490.0,0.0,262.0,Tropical & Subtropical Dry Broadleaf Forests,Khathiar-Gir dry deciduous forests
2005,77.37428898716368,8.491708653270475,1,1475.0,0.0,1037.0,Tropical & Subtropical Moist Broadleaf Forests,South Western Ghats montane rain forests
2005,77.17074446851633,8.555679830317633,1,3426.0,0.0,2624.0,Tropical & Subtropical Moist Broadleaf Forests,South Western Ghats montane rain forests
2005,77.10535681930956,8.988251701892166,1,3426.0,0.0,2624.0,Tropical & Subtropical Moist Broadleaf Forests,South Western Ghats montane rain forests
2005,76.50219512997789,21.144490509325657,1,3950.0,0.0,2636.0,Tropical & Subtropical Dry Broadleaf Forests,Narmada Valley dry deciduous forests
2005,76.93604855462713,21.316364801277835,1,3950.0,0.0,2636.0,Tropical & Subtropical Dry Broadleaf Forests,Narmada Valley dry deciduous forests
2005,77.04025133628758,21.576197645736272,1,3950.0,0.0,2636.0,Tropical & Subtropical Dry Broadleaf Forests,Narmada Valley dry deciduous forests
2005,78.13619126319489,30.080895524152645,1,772.0,0.0,462.0,Tropical & Subtropical Moist Broadleaf Forests,Upper Gangetic Plains moist deciduous forests
2005,84.01009840757736,27.342533246987298,1,922.0,14.0,681.0,Tropical & Subtropical Moist Broadleaf Forests,Himalayan subtropical broadleaf forests
2005,78.78920389161642,29.57050713712696,1,20266.0,0.0,13100.0,Tropical & Subtropical Coniferous Forests,Himalayan subtropical pine forests
2005,79.70009358645774,29.25932004208013,1,20266.0,0.0,13100.0,Tropical & Subtropical Coniferous Forests,Himalayan subtropical pine forests
2005,79.31713487314055,30.251882821560496,1,20266.0,0.0,13100.0,Tropical & Subtropical Coniferous Forests,Himalayan subtropical pine forests
2005,78.38661252862161,30.796309581771002,1,20266.0,0.0,13100.0,Tropical & Subtropical Coniferous Forests,Himalayan subtropical pine forests
2005,79.8354896527557,29.245154981661678,1,20266.0,0.0,13100.0,Tropical & Subtropical Coniferous Forests,Himalayan subtropical pine forests
2005,79.7439507245226,29.713575318632444,1,20266.0,0.0,13100.0,Tropical & Subtropical Coniferous Forests,Himalayan subtropical pine forests
2005,78.52925100879834,30.667069431538398,1,20266.0,0.0,13100.0,Tropical & Subtropical Coniferous Forests,Himalayan subtropical pine forests
2005,77.8912430603578,30.719377843899302,1,20266.0,0.0,13100.0,Tropical & Subtropical Coniferous Forests,Himalayan subtropical pine forests
2005,78.62475088087336,29.701450167656706,1,20266.0,0.0,13100.0,Tropical & Subtropical Coniferous Forests,Himalayan subtropical pine forests
2005,78.96877178741815,29.763309606197314,1,20266.0,0.0,13100.0,Tropical & Subtropical Coniferous Forests,Himalayan subtropical pine forests
2005,80.09220080341277,29.73873499240262,1,20266.0,0.0,13100.0,Tropical & Subtropical Coniferous Forests,Himalayan subtropical pine forests
2005,78.4348901359954,30.307269624674035,1,20266.0,0.0,13100.0,Tropical & Subtropical Coniferous Forests,Himalayan subtropical pine forests
2005,79.06892693581528,29.794254451070728,1,20266.0,0.0,13100.0,Tropical & Subtropical Coniferous Forests,Himalayan subtropical pine forests
2005,78.81871686845703,29.821844143345935,1,20266.0,0.0,13100.0,Tropical & Subtropical Coniferous Forests,Himalayan subtropical pine forests
2005,78.84641603968247,30.407678067925723,1,20266.0,0.0,13100.0,Tropical & Subtropical Coniferous Forests,Himalayan subtropical pine forests
2005,79.27545451264646,29.693112316825086,1,20266.0,0.0,13100.0,Tropical & Subtropical Coniferous Forests,Himalayan subtropical pine forests
2005,79.54289757175177,19.547490940553615,1,0.0,0.0,0.0,Tropical & Subtropical Moist Broadleaf Forests,East Deccan moist deciduous forests
2005,79.39592512291985,19.91900856161312,1,4188.0,0.0,2584.0,Tropical & Subtropical Dry Broadleaf Forests,Central Deccan Plateau dry deciduous forests
2005,79.171350425283,20.122705199656483,1,4188.0,0.0,2584.0,Tropical & Subtropical Dry Broadleaf Forests,Central Deccan Plateau dry deciduous forests
2005,79.42448143269728,20.187908775442974,1,4188.0,0.0,2584.0,Tropical & Subtropical Dry Broadleaf Forests,Central Deccan Plateau dry deciduous forests
2005,80.87814888932178,25.131664514143946,1,92.0,0.0,72.0,Tropical & Subtropical Moist Broadleaf Forests,Upper Gangetic Plains moist deciduous forests
2005,79.57128675047511,24.621133235502786,1,7226.0,0.0,3961.0,Tropical & Subtropical Dry Broadleaf Forests,Narmada Valley dry deciduous forests
2005,81.32067037856469,24.944509405845885,1,7226.0,0.0,3961.0,Tropical & Subtropical Dry Broadleaf Forests,Narmada Valley dry deciduous forests
2005,79.34336449787246,24.265793561928326,1,7226.0,0.0,3961.0,Tropical & Subtropical Dry Broadleaf Forests,Narmada Valley dry deciduous forests
2005,80.71258162484006,24.956580553282553,1,7226.0,0.0,3961.0,Tropical & Subtropical Dry Broadleaf Forests,Narmada Valley dry deciduous forests
2005,79.10904831990679,24.076471573532864,1,7226.0,0.0,3961.0,Tropical & Subtropical Dry Broadleaf Forests,Narmada Valley dry deciduous forests
2005,81.5675572900549,22.513222519897973,1,46060.0,0.0,31794.0,Tropical & Subtropical Moist Broadleaf Forests,East Deccan moist deciduous forests
2005,80.89974809021835,18.995514838189838,1,46060.0,0.0,31794.0,Tropical & Subtropical Moist Broadleaf Forests,East Deccan moist deciduous forests
2005,80.65300745914303,20.53032600443404,1,46060.0,0.0,31794.0,Tropical & Subtropical Moist Broadleaf Forests,East Deccan moist deciduous forests
2005,80.94252241084163,18.876822513793574,1,46060.0,0.0,31794.0,Tropical & Subtropical Moist Broadleaf Forests,East Deccan moist deciduous forests
2005,80.87025073267466,18.71734558426331,1,46060.0,0.0,31794.0,Tropical & Subtropical Moist Broadleaf Forests,East Deccan moist deciduous forests
2005,82.97772196906477,22.72356413129118,1,46060.0,0.0,31794.0,Tropical & Subtropical Moist Broadleaf Forests,East Deccan moist deciduous forests
2005,83.52991584251754,22.276166379298985,1,46060.0,0.0,31794.0,Tropical & Subtropical Moist Broadleaf Forests,East Deccan moist deciduous forests
2005,80.89465994185139,20.627302079758334,1,46060.0,0.0,31794.0,Tropical & Subtropical Moist Broadleaf Forests,East Deccan moist deciduous forests
2005,82.07314847306692,20.278984318159516,1,46060.0,0.0,31794.0,Tropical & Subtropical Moist Broadleaf Forests,East Deccan moist deciduous forests
2005,80.54257122522883,20.207750102031554,1,46060.0,0.0,31794.0,Tropical & Subtropical Moist Broadleaf Forests,East Deccan moist deciduous forests
2005,82.21569500399492,22.57907534661002,1,46060.0,0.0,31794.0,Tropical & Subtropical Moist Broadleaf Forests,East Deccan moist deciduous forests
2005,80.50858515188345,18.716889432341368,1,46060.0,0.0,31794.0,Tropical & Subtropical Moist Broadleaf Forests,East Deccan moist deciduous forests
2005,81.86001306900667,20.156743675979172,1,46060.0,0.0,31794.0,Tropical & Subtropical Moist Broadleaf Forests,East Deccan moist deciduous forests
2005,82.30418083315134,20.28218960005689,1,46060.0,0.0,31794.0,Tropical & Subtropical Moist Broadleaf Forests,East Deccan moist deciduous forests
2005,80.79877919679865,18.19239037140884,1,46060.0,0.0,31794.0,Tropical & Subtropical Moist Broadleaf Forests,East Deccan moist deciduous forests
2005,81.5594385757209,19.17046556070999,1,46060.0,0.0,31794.0,Tropical & Subtropical Moist Broadleaf Forests,East Deccan moist deciduous forests
2005,80.59852052452715,18.888021292422607,1,46060.0,0.0,31794.0,Tropical & Subtropical Moist Broadleaf Forests,East Deccan moist deciduous forests
2005,81.9713632326334,20.41364918034799,1,46060.0,0.0,31794.0,Tropical & Subtropical Moist Broadleaf Forests,East Deccan moist deciduous forests
2005,81.8735216255679,20.695494660579616,1,46060.0,0.0,31794.0,Tropical & Subtropical Moist Broadleaf Forests,East Deccan moist deciduous forests
2005,81.33872660730462,18.814823912499744,1,46060.0,0.0,31794.0,Tropical & Subtropical Moist Broadleaf Forests,East Deccan moist deciduous forests
2005,80.500002730829,18.907211870903474,1,46060.0,0.0,31794.0,Tropical & Subtropical Moist Broadleaf Forests,East Deccan moist deciduous forests
2005,82.19727535669546,20.105627782823944,1,46060.0,0.0,31794.0,Tropical & Subtropical Moist Broadleaf Forests,East Deccan moist deciduous forests
2005,80.81854789861966,18.287358606568617,1,46060.0,0.0,31794.0,Tropical & Subtropical Moist Broadleaf Forests,East Deccan moist deciduous forests
2005,81.16795358269127,17.898657593279452,1,46060.0,0.0,31794.0,Tropical & Subtropical Moist Broadleaf Forests,East Deccan moist deciduous forests
2005,82.19548894391377,22.608586844769643,1,46060.0,0.0,31794.0,Tropical & Subtropical Moist Broadleaf Forests,East Deccan moist deciduous forests
2005,81.24391491369242,17.887855862496163,1,46060.0,0.0,31794.0,Tropical & Subtropical Moist Broadleaf Forests,East Deccan moist deciduous forests
2005,80.9225887363124,22.0634255738059,1,46060.0,0.0,31794.0,Tropical & Subtropical Moist Broadleaf Forests,East Deccan moist deciduous forests
2005,82.03823750927745,22.61879404797322,1,46060.0,0.0,31794.0,Tropical & Subtropical Moist Broadleaf Forests,East Deccan moist deciduous forests
2005,82.92215630953594,22.761945063390343,1,46060.0,0.0,31794.0,Tropical & Subtropical Moist Broadleaf Forests,East Deccan moist deciduous forests
2005,82.84305185679463,22.700135133168114,1,46060.0,0.0,31794.0,Tropical & Subtropical Moist Broadleaf Forests,East Deccan moist deciduous forests
2005,81.4102097259944,18.240391860683474,1,46060.0,0.0,31794.0,Tropical & Subtropical Moist Broadleaf Forests,East Deccan moist deciduous forests
2005,82.04972891881191,22.675845913892488,1,46060.0,0.0,31794.0,Tropical & Subtropical Moist Broadleaf Forests,East Deccan moist deciduous forests
2005,80.71114601824993,19.172746195144306,1,46060.0,0.0,31794.0,Tropical & Subtropical Moist Broadleaf Forests,East Deccan moist deciduous forests
2005,80.54073302540012,17.879563589409596,1,10888.0,0.0,7002.0,Tropical & Subtropical Moist Broadleaf Forests,East Deccan moist deciduous forests
2005,80.49461814734113,18.569373156720445,1,10888.0,0.0,7002.0,Tropical & Subtropical Moist Broadleaf Forests,East Deccan moist deciduous forests
2005,80.2130926539418,18.422683883521966,1,10888.0,0.0,7002.0,Tropical & Subtropical Moist Broadleaf Forests,East Deccan moist deciduous forests
2005,80.01300674444344,18.638522155544123,1,10888.0,0.0,7002.0,Tropical & Subtropical Moist Broadleaf Forests,East Deccan moist deciduous forests
2005,80.08372437305873,18.37341803952725,1,10888.0,0.0,7002.0,Tropical & Subtropical Moist Broadleaf Forests,East Deccan moist deciduous forests
2005,80.18793849508741,18.306769792014276,1,10888.0,0.0,7002.0,Tropical & Subtropical Moist Broadleaf Forests,East Deccan moist deciduous forests
2005,80.01432687372125,18.342966838680525,1,10888.0,0.0,7002.0,Tropical & Subtropical Moist Broadleaf Forests,East Deccan moist deciduous forests
2005,80.24560142403718,17.868676756410828,1,10888.0,0.0,7002.0,Tropical & Subtropical Moist Broadleaf Forests,East Deccan moist deciduous forests
2005,82.4067243666047,20.32998913053312,1,125.0,0.0,99.0,Tropical & Subtropical Dry Broadleaf Forests,North Deccan dry deciduous forests
2005,80.59266276572023,22.44423466897722,1,12091.0,0.0,8051.0,Tropical & Subtropical Moist Broadleaf Forests,East Deccan moist deciduous forests
2005,80.92995457062723,22.16340475192139,1,12091.0,0.0,8051.0,Tropical & Subtropical Moist Broadleaf Forests,East Deccan moist deciduous forests
2005,80.35691344899475,22.371450581828558,1,12091.0,0.0,8051.0,Tropical & Subtropical Moist Broadleaf Forests,East Deccan moist deciduous forests
2005,80.83143736678397,22.073567507414634,1,12091.0,0.0,8051.0,Tropical & Subtropical Moist Broadleaf Forests,East Deccan moist deciduous forests
2005,80.56831516571165,21.62282590836224,1,12091.0,0.0,8051.0,Tropical & Subtropical Moist Broadleaf Forests,East Deccan moist deciduous forests
2005,80.44802776362638,21.651249952103857,1,12091.0,0.0,8051.0,Tropical & Subtropical Moist Broadleaf Forests,East Deccan moist deciduous forests
2005,80.68361059002838,22.1759461241423,1,12091.0,0.0,8051.0,Tropical & Subtropical Moist Broadleaf Forests,East Deccan moist deciduous forests
2005,79.36259033023295,21.71326198457846,1,12091.0,0.0,8051.0,Tropical & Subtropical Moist Broadleaf Forests,East Deccan moist deciduous forests
2005,80.25407112367803,21.8846887504548,1,12091.0,0.0,8051.0,Tropical & Subtropical Moist Broadleaf Forests,East Deccan moist deciduous forests
2005,80.07029496397895,19.3398595431821,1,16441.0,0.0,11897.0,Tropical & Subtropical Dry Broadleaf Forests,Central Deccan Plateau dry deciduous forests
2005,79.9971020413504,19.446439031377157,1,16441.0,0.0,11897.0,Tropical & Subtropical Dry Broadleaf Forests,Central Deccan Plateau dry deciduous forests
2005,80.11064286913631,19.657012948295694,1,16441.0,0.0,11897.0,Tropical & Subtropical Dry Broadleaf Forests,Central Deccan Plateau dry deciduous forests
2005,80.10731929039635,21.374596888470123,1,16441.0,0.0,11897.0,Tropical & Subtropical Dry Broadleaf Forests,Central Deccan Plateau dry deciduous forests
2005,80.27949756121218,19.292426759124705,1,16441.0,0.0,11897.0,Tropical & Subtropical Dry Broadleaf Forests,Central Deccan Plateau dry deciduous forests
2005,80.37271346334481,19.68798544256596,1,16441.0,0.0,11897.0,Tropical & Subtropical Dry Broadleaf Forests,Central Deccan Plateau dry deciduous forests
2005,80.23729362657326,21.040726570256922,1,16441.0,0.0,11897.0,Tropical & Subtropical Dry Broadleaf Forests,Central Deccan Plateau dry deciduous forests
2005,80.49305441579557,20.908492253406216,1,16441.0,0.0,11897.0,Tropical & Subtropical Dry Broadleaf Forests,Central Deccan Plateau dry deciduous forests
2005,80.28453426137126,19.798634066940995,1,16441.0,0.0,11897.0,Tropical & Subtropical Dry Broadleaf Forests,Central Deccan Plateau dry deciduous forests
2005,79.12356704164453,21.55399414500274,1,16441.0,0.0,11897.0,Tropical & Subtropical Dry Broadleaf Forests,Central Deccan Plateau dry deciduous forests
2005,80.18430087604726,18.94936413638719,1,16441.0,0.0,11897.0,Tropical & Subtropical Dry Broadleaf Forests,Central Deccan Plateau dry deciduous forests
2005,80.0766637782989,19.863745657294753,1,16441.0,0.0,11897.0,Tropical & Subtropical Dry Broadleaf Forests,Central Deccan Plateau dry deciduous forests
2005,88.87458784999559,26.940749758055574,1,42.0,0.0,18.0,Temperate Broadleaf & Mixed Forests,Eastern Himalayan broadleaf forests
2005,88.8648166558627,27.265367547911346,1,15.0,0.0,14.0,Temperate Conifer Forests,Eastern Himalayan subalpine conifer forests
2005,88.85730945737899,21.84856407786337,1,1451.0,716.0,1334.0,Mangroves,Sundarbans mangroves
2006,78.63694284286257,23.389597382156847,1,799.0,0.0,342.0,Tropical & Subtropical Dry Broadleaf Forests,Narmada Valley dry deciduous forests
2006,75.76156551864204,22.380884818220977,1,776.0,0.0,414.0,Tropical & Subtropical Dry Broadleaf Forests,Narmada Valley dry deciduous forests
2006,77.13181732554867,25.277750655698487,1,368.0,0.0,151.0,Tropical & Subtropical Dry Broadleaf Forests,Khathiar-Gir dry deciduous forests
2006,77.93781900834703,25.55183489226795,1,9614.0,0.0,4719.0,Tropical & Subtropical Dry Broadleaf Forests,Khathiar-Gir dry deciduous forests
2006,77.4848097692883,25.164088217681176,1,9614.0,0.0,4719.0,Tropical & Subtropical Dry Broadleaf Forests,Khathiar-Gir dry deciduous forests
2006,77.49056888641292,25.98226872434828,1,9614.0,0.0,4719.0,Tropical & Subtropical Dry Broadleaf Forests,Khathiar-Gir dry deciduous forests
2006,77.82920738824315,25.376747449481964,1,9614.0,0.0,4719.0,Tropical & Subtropical Dry Broadleaf Forests,Khathiar-Gir dry deciduous forests
2006,76.02538022726037,22.341017699918112,1,5050.0,0.0,2410.0,Tropical & Subtropical Dry Broadleaf Forests,Narmada Valley dry deciduous forests
2006,76.9228398157609,22.861613191252374,1,5050.0,0.0,2410.0,Tropical & Subtropical Dry Broadleaf Forests,Narmada Valley dry deciduous forests
2006,80.44484845470747,23.39218453794202,1,1788.0,0.0,929.0,Tropical & Subtropical Dry Broadleaf Forests,Narmada Valley dry deciduous forests
2006,88.90550332828207,21.767958460190542,1,1451.0,716.0,1334.0,Mangroves,Sundarbans mangroves
2006,81.95917974311386,18.711836468965764,1,1287.0,0.0,879.0,Tropical & Subtropical Dry Broadleaf Forests,North Deccan dry deciduous forests
2006,82.53767208091229,18.001898490676545,1,9408.0,0.0,6002.0,Tropical & Subtropical Moist Broadleaf Forests,East Deccan moist deciduous forests
2006,82.07178109983721,18.00929503508279,1,9408.0,0.0,6002.0,Tropical & Subtropical Moist Broadleaf Forests,East Deccan moist deciduous forests
2006,83.23351243028988,18.286065585465813,1,9408.0,0.0,6002.0,Tropical & Subtropical Moist Broadleaf Forests,East Deccan moist deciduous forests
2006,82.14122509389625,17.470183382066146,1,9408.0,0.0,6002.0,Tropical & Subtropical Moist Broadleaf Forests,East Deccan moist deciduous forests
2006,80.9581553811805,17.611321070718187,1,2952.0,0.0,1981.0,Tropical & Subtropical Moist Broadleaf Forests,East Deccan moist deciduous forests
2006,82.28261312520033,18.285732783709253,1,2991.0,0.0,1556.0,Tropical & Subtropical Dry Broadleaf Forests,North Deccan dry deciduous forests
2006,95.28863931207846,27.62191893113536,1,341.0,0.0,166.0,Tropical & Subtropical Moist Broadleaf Forests,Brahmaputra Valley semi-evergreen forests
2006,77.92639566099864,23.04282566501421,1,504.0,0.0,221.0,Tropical & Subtropical Dry Broadleaf Forests,Narmada Valley dry deciduous forests
2006,80.01446114418704,28.748325116877965,1,5.0,0.0,1.0,Tropical & Subtropical Moist Broadleaf Forests,Upper Gangetic Plains moist deciduous forests
2006,80.42518138272985,28.31621024041263,1,961.0,0.0,426.0,Tropical & Subtropical Moist Broadleaf Forests,Upper Gangetic Plains moist deciduous forests
2006,79.15947913971466,16.11878827315763,1,7999.0,0.0,5789.0,Tropical & Subtropical Dry Broadleaf Forests,Central Deccan Plateau dry deciduous forests
2006,78.9909748309938,15.572541935303587,1,7999.0,0.0,5789.0,Tropical & Subtropical Dry Broadleaf Forests,Central Deccan Plateau dry deciduous forests
2006,79.40576589287622,16.199615680117773,1,7999.0,0.0,5789.0,Tropical & Subtropical Dry Broadleaf Forests,Central Deccan Plateau dry deciduous forests
2006,78.48212405419882,16.10036386806333,1,1731.0,0.0,1323.0,Tropical & Subtropical Dry Broadleaf Forests,Central Deccan Plateau dry deciduous forests
2006,78.56433261430568,14.377855071097457,1,8133.0,0.0,5328.0,Deserts & Xeric Shrublands,Deccan thorn scrub forests
2006,79.15788222583858,13.528780735513687,1,8133.0,0.0,5328.0,Deserts & Xeric Shrublands,Deccan thorn scrub forests
2006,79.12661682623961,14.402317454978611,1,8133.0,0.0,5328.0,Deserts & Xeric Shrublands,Deccan thorn scrub forests
2006,76.45343217077573,25.894931694188855,1,494.0,0.0,266.0,Tropical & Subtropical Dry Broadleaf Forests,Khathiar-Gir dry deciduous forests
2006,79.54257882407664,19.547491678577654,1,0.0,0.0,0.0,Tropical & Subtropical Moist Broadleaf Forests,East Deccan moist deciduous forests
2006,79.27318268289828,20.091415480183056,1,2923.0,0.0,1927.0,Tropical & Subtropical Dry Broadleaf Forests,Central Deccan Plateau dry deciduous forests
2006,90.52968901383612,26.714871953233562,1,2426.0,540.0,1724.0,Tropical & Subtropical Moist Broadleaf Forests,Brahmaputra Valley semi-evergreen forests
2006,89.56599771499103,26.80937248257853,1,79.0,0.0,47.0,"Tropical & Subtropical Grasslands, Savannas & Shrublands",Terai-Duar savanna and grasslands
2006,88.79867400919724,27.243568307274057,1,15.0,0.0,14.0,Temperate Conifer Forests,Eastern Himalayan subalpine conifer forests
2006,82.56847872682029,21.404881980293716,1,1387.0,0.0,792.0,Tropical & Subtropical Moist Broadleaf Forests,East Deccan moist deciduous forests
2006,92.82728372748244,24.440546634825818,1,799.0,0.0,593.0,Tropical & Subtropical Moist Broadleaf Forests,Mizoram-Manipur-Kachin rain forests
2006,91.99935346533405,23.503613542207226,1,57.0,0.0,16.0,Tropical & Subtropical Moist Broadleaf Forests,Mizoram-Manipur-Kachin rain forests
2006,92.81473544676004,24.16337296412361,1,20328.0,0.0,15470.0,Tropical & Subtropical Moist Broadleaf Forests,Mizoram-Manipur-Kachin rain forests
2006,92.4929734186442,23.6198675812642,1,20328.0,0.0,15470.0,Tropical & Subtropical Moist Broadleaf Forests,Mizoram-Manipur-Kachin rain forests
2006,92.93295453320563,24.33126932465722,1,20328.0,0.0,15470.0,Tropical & Subtropical Moist Broadleaf Forests,Mizoram-Manipur-Kachin rain forests
2006,92.66171205263032,22.385120858965088,1,20328.0,0.0,15470.0,Tropical & Subtropical Moist Broadleaf Forests,Mizoram-Manipur-Kachin rain forests
2006,92.79688191737561,23.833340674830925,1,20328.0,0.0,15470.0,Tropical & Subtropical Moist Broadleaf Forests,Mizoram-Manipur-Kachin rain forests
2006,92.4365611105487,23.933348686291318,1,20328.0,0.0,15470.0,Tropical & Subtropical Moist Broadleaf Forests,Mizoram-Manipur-Kachin rain forests
2006,92.48583574353496,23.683132395050116,1,20328.0,0.0,15470.0,Tropical & Subtropical Moist Broadleaf Forests,Mizoram-Manipur-Kachin rain forests
2006,92.74184757340635,24.20999384842221,1,20328.0,0.0,15470.0,Tropical & Subtropical Moist Broadleaf Forests,Mizoram-Manipur-Kachin rain forests
2006,93.09426250500987,24.678865159431822,1,33.0,0.0,21.0,Tropical & Subtropical Moist Broadleaf Forests,Mizoram-Manipur-Kachin rain forests
2006,81.25000647173762,25.06150829434683,1,865.0,0.0,490.0,Tropical & Subtropical Moist Broadleaf Forests,Upper Gangetic Plains moist deciduous forests
2006,80.19206695800462,24.851372002040275,1,7251.0,0.0,3968.0,Tropical & Subtropical Dry Broadleaf Forests,Narmada Valley dry deciduous forests
2006,80.50323500069841,24.78396139333316,1,7251.0,0.0,3968.0,Tropical & Subtropical Dry Broadleaf Forests,Narmada Valley dry deciduous forests
2006,79.79514963168461,24.622955304335647,1,7251.0,0.0,3968.0,Tropical & Subtropical Dry Broadleaf Forests,Narmada Valley dry deciduous forests
2006,78.60708925583039,19.554091021268434,1,6558.0,0.0,3975.0,Tropical & Subtropical Moist Broadleaf Forests,East Deccan moist deciduous forests
2006,78.32227490120796,19.458127729975292,1,6558.0,0.0,3975.0,Tropical & Subtropical Moist Broadleaf Forests,East Deccan moist deciduous forests
2006,78.74138546422435,19.168478361444677,1,6558.0,0.0,3975.0,Tropical & Subtropical Moist Broadleaf Forests,East Deccan moist deciduous forests
2006,76.758285368566,20.328992180236952,1,567.0,0.0,272.0,Tropical & Subtropical Dry Broadleaf Forests,Central Deccan Plateau dry deciduous forests
2006,79.57371518773701,20.50958102140259,1,1280.0,0.0,655.0,Tropical & Subtropical Dry Broadleaf Forests,Central Deccan Plateau dry deciduous forests
2006,78.08476501909826,21.963482499606574,1,10525.0,0.0,6332.0,Tropical & Subtropical Moist Broadleaf Forests,East Deccan moist deciduous forests
2006,78.31472201691332,22.557942165675417,1,10525.0,0.0,6332.0,Tropical & Subtropical Moist Broadleaf Forests,East Deccan moist deciduous forests
2006,78.2934322319782,22.613946487328235,1,10525.0,0.0,6332.0,Tropical & Subtropical Moist Broadleaf Forests,East Deccan moist deciduous forests
2006,78.49683009293253,22.519095003908088,1,10525.0,0.0,6332.0,Tropical & Subtropical Moist Broadleaf Forests,East Deccan moist deciduous forests
2006,76.8497474293218,21.4470863689077,1,4077.0,0.0,2700.0,Tropical & Subtropical Dry Broadleaf Forests,Narmada Valley dry deciduous forests
2006,77.17463780890576,21.682090369286584,1,4077.0,0.0,2700.0,Tropical & Subtropical Dry Broadleaf Forests,Narmada Valley dry deciduous forests
2006,86.3351523877929,21.28239275858254,1,18956.0,0.0,11512.0,Tropical & Subtropical Moist Broadleaf Forests,East Deccan moist deciduous forests
2006,84.90009386173615,21.332469444787993,1,18956.0,0.0,11512.0,Tropical & Subtropical Moist Broadleaf Forests,East Deccan moist deciduous forests
2006,85.33137768263177,21.643507081851197,1,18956.0,0.0,11512.0,Tropical & Subtropical Moist Broadleaf Forests,East Deccan moist deciduous forests
2006,84.31586223398297,21.015169136182557,1,18956.0,0.0,11512.0,Tropical & Subtropical Moist Broadleaf Forests,East Deccan moist deciduous forests
2006,85.27104690491373,21.44159660572291,1,18956.0,0.0,11512.0,Tropical & Subtropical Moist Broadleaf Forests,East Deccan moist deciduous forests
2006,85.35201808591773,21.250214288387983,1,18956.0,0.0,11512.0,Tropical & Subtropical Moist Broadleaf Forests,East Deccan moist deciduous forests
2006,84.24085110426418,21.430593850194228,1,18956.0,0.0,11512.0,Tropical & Subtropical Moist Broadleaf Forests,East Deccan moist deciduous forests
2006,85.63258970280249,22.84451811862658,1,7920.0,0.0,4970.0,Tropical & Subtropical Moist Broadleaf Forests,East Deccan moist deciduous forests
2006,85.37513456270258,22.919506053835665,1,7920.0,0.0,4970.0,Tropical & Subtropical Moist Broadleaf Forests,East Deccan moist deciduous forests
2006,85.85370238181721,22.239541595916283,1,7920.0,0.0,4970.0,Tropical & Subtropical Moist Broadleaf Forests,East Deccan moist deciduous forests
2006,78.12621911251762,30.06187897693965,1,774.0,0.0,464.0,Tropical & Subtropical Moist Broadleaf Forests,Upper Gangetic Plains moist deciduous forests
2006,83.95258225135404,22.976789752853684,1,14786.0,0.0,9909.0,Tropical & Subtropical Dry Broadleaf Forests,Chhota-Nagpur dry deciduous forests
2006,82.51955977420106,23.64369207241256,1,14786.0,0.0,9909.0,Tropical & Subtropical Dry Broadleaf Forests,Chhota-Nagpur dry deciduous forests
2006,82.27066181760021,23.64520530912897,1,14786.0,0.0,9909.0,Tropical & Subtropical Dry Broadleaf Forests,Chhota-Nagpur dry deciduous forests
2006,82.13176066780788,23.538893383952782,1,14786.0,0.0,9909.0,Tropical & Subtropical Dry Broadleaf Forests,Chhota-Nagpur dry deciduous forests
2006,83.71343166941996,22.988075532351804,1,14786.0,0.0,9909.0,Tropical & Subtropical Dry Broadleaf Forests,Chhota-Nagpur dry deciduous forests
2006,83.42094813047068,23.564838543933867,1,14786.0,0.0,9909.0,Tropical & Subtropical Dry Broadleaf Forests,Chhota-Nagpur dry deciduous forests
2006,83.4813858341497,24.857892516126064,1,1657.0,0.0,713.0,Tropical & Subtropical Moist Broadleaf Forests,Lower Gangetic Plains moist deciduous forests
2006,83.23549249823579,24.39336176689748,1,3631.0,0.0,2017.0,Tropical & Subtropical Dry Broadleaf Forests,Chhota-Nagpur dry deciduous forests
2006,80.8753788655514,23.242268354910337,1,9800.0,0.0,5486.0,Tropical & Subtropical Dry Broadleaf Forests,Narmada Valley dry deciduous forests
2006,80.95968786705521,23.776941908686737,1,9800.0,0.0,5486.0,Tropical & Subtropical Dry Broadleaf Forests,Narmada Valley dry deciduous forests
2006,81.24662217009704,23.226039166983806,1,9800.0,0.0,5486.0,Tropical & Subtropical Dry Broadleaf Forests,Narmada Valley dry deciduous forests
2006,82.32007383226119,24.240327242905273,1,9800.0,0.0,5486.0,Tropical & Subtropical Dry Broadleaf Forests,Narmada Valley dry deciduous forests
2006,84.29326259837929,24.144949990304664,1,16545.0,0.0,9771.0,Tropical & Subtropical Dry Broadleaf Forests,Chhota-Nagpur dry deciduous forests
2006,85.2744242348227,24.118589966468782,1,16545.0,0.0,9771.0,Tropical & Subtropical Dry Broadleaf Forests,Chhota-Nagpur dry deciduous forests
2006,84.55719689635681,23.540039373553906,1,16545.0,0.0,9771.0,Tropical & Subtropical Dry Broadleaf Forests,Chhota-Nagpur dry deciduous forests
2006,84.34489052346738,23.76391866150038,1,16545.0,0.0,9771.0,Tropical & Subtropical Dry Broadleaf Forests,Chhota-Nagpur dry deciduous forests
2006,85.56685832470144,23.55809388343763,1,16545.0,0.0,9771.0,Tropical & Subtropical Dry Broadleaf Forests,Chhota-Nagpur dry deciduous forests
2006,84.97358849863215,23.918036509381928,1,16545.0,0.0,9771.0,Tropical & Subtropical Dry Broadleaf Forests,Chhota-Nagpur dry deciduous forests
2006,84.7075605324855,23.68872516727032,1,16545.0,0.0,9771.0,Tropical & Subtropical Dry Broadleaf Forests,Chhota-Nagpur dry deciduous forests
2006,79.36549776804017,23.41518538559417,1,1625.0,0.0,687.0,Tropical & Subtropical Dry Broadleaf Forests,Narmada Valley dry deciduous forests
2006,76.20431077916675,27.419512509663775,1,2548.0,0.0,1421.0,Tropical & Subtropical Dry Broadleaf Forests,Khathiar-Gir dry deciduous forests
2006,77.27021528261916,10.247623117051257,1,5842.0,0.0,3657.0,Tropical & Subtropical Moist Broadleaf Forests,South Western Ghats moist deciduous forests
2006,77.37588856327687,10.074501578714525,1,5842.0,0.0,3657.0,Tropical & Subtropical Moist Broadleaf Forests,South Western Ghats moist deciduous forests
2006,76.4793500822251,10.443580407749291,1,8674.0,0.0,6132.0,Tropical & Subtropical Moist Broadleaf Forests,South Western Ghats montane rain forests
2006,77.12980962097394,9.315772941873712,1,8674.0,0.0,6132.0,Tropical & Subtropical Moist Broadleaf Forests,South Western Ghats montane rain forests
2006,77.17518465691131,8.692313830020924,1,8674.0,0.0,6132.0,Tropical & Subtropical Moist Broadleaf Forests,South Western Ghats montane rain forests
2006,82.79501925814104,22.8300781992699,1,46053.0,0.0,31818.0,Tropical & Subtropical Moist Broadleaf Forests,East Deccan moist deciduous forests
2006,81.99666110859854,20.256662703560963,1,46053.0,0.0,31818.0,Tropical & Subtropical Moist Broadleaf Forests,East Deccan moist deciduous forests
2006,81.33816692229671,17.844195944978356,1,46053.0,0.0,31818.0,Tropical & Subtropical Moist Broadleaf Forests,East Deccan moist deciduous forests
2006,81.58955313880206,19.21336255914778,1,46053.0,0.0,31818.0,Tropical & Subtropical Moist Broadleaf Forests,East Deccan moist deciduous forests
2006,81.08600852678154,17.988800767147897,1,46053.0,0.0,31818.0,Tropical & Subtropical Moist Broadleaf Forests,East Deccan moist deciduous forests
2006,81.10295431677008,20.053610096198437,1,46053.0,0.0,31818.0,Tropical & Subtropical Moist Broadleaf Forests,East Deccan moist deciduous forests
2006,83.18295163360888,22.882231729173103,1,46053.0,0.0,31818.0,Tropical & Subtropical Moist Broadleaf Forests,East Deccan moist deciduous forests
2006,81.09520052837424,18.065079754363442,1,46053.0,0.0,31818.0,Tropical & Subtropical Moist Broadleaf Forests,East Deccan moist deciduous forests
2006,82.12681050968904,20.100391753649482,1,46053.0,0.0,31818.0,Tropical & Subtropical Moist Broadleaf Forests,East Deccan moist deciduous forests
2006,80.95351830652544,19.420316902935305,1,46053.0,0.0,31818.0,Tropical & Subtropical Moist Broadleaf Forests,East Deccan moist deciduous forests
2006,81.00718187220006,19.504746259778877,1,46053.0,0.0,31818.0,Tropical & Subtropical Moist Broadleaf Forests,East Deccan moist deciduous forests
2006,80.28050241797719,18.698182898877405,1,46053.0,0.0,31818.0,Tropical & Subtropical Moist Broadleaf Forests,East Deccan moist deciduous forests
2006,81.02823108609417,18.867390735439788,1,46053.0,0.0,31818.0,Tropical & Subtropical Moist Broadleaf Forests,East Deccan moist deciduous forests
2006,82.32386486556084,20.414776463239207,1,46053.0,0.0,31818.0,Tropical & Subtropical Moist Broadleaf Forests,East Deccan moist deciduous forests
2006,82.33658318697823,20.662374277932756,1,46053.0,0.0,31818.0,Tropical & Subtropical Moist Broadleaf Forests,East Deccan moist deciduous forests
2006,81.52744737303838,22.42174539515277,1,46053.0,0.0,31818.0,Tropical & Subtropical Moist Broadleaf Forests,East Deccan moist deciduous forests
2006,83.23661396667792,22.316530632324685,1,46053.0,0.0,31818.0,Tropical & Subtropical Moist Broadleaf Forests,East Deccan moist deciduous forests
2006,81.44536161134651,22.478169484584253,1,46053.0,0.0,31818.0,Tropical & Subtropical Moist Broadleaf Forests,East Deccan moist deciduous forests
2006,80.28128779126538,18.490179522403352,1,11682.0,0.0,7430.0,Tropical & Subtropical Moist Broadleaf Forests,East Deccan moist deciduous forests
2006,80.43022592377471,17.692312327824176,1,11682.0,0.0,7430.0,Tropical & Subtropical Moist Broadleaf Forests,East Deccan moist deciduous forests
2006,79.7208207255995,18.725860592907683,1,11682.0,0.0,7430.0,Tropical & Subtropical Moist Broadleaf Forests,East Deccan moist deciduous forests
2006,79.98418131158623,18.475755756895214,1,11682.0,0.0,7430.0,Tropical & Subtropical Moist Broadleaf Forests,East Deccan moist deciduous forests
2006,82.36336341326496,20.58629872102129,1,3993.0,0.0,2342.0,Tropical & Subtropical Dry Broadleaf Forests,North Deccan dry deciduous forests
2006,83.6976941437578,21.85580548783966,1,3993.0,0.0,2342.0,Tropical & Subtropical Dry Broadleaf Forests,North Deccan dry deciduous forests
2006,80.28459209360716,21.93774902153638,1,12571.0,0.0,8247.0,Tropical & Subtropical Moist Broadleaf Forests,East Deccan moist deciduous forests
2006,80.66614224872232,21.90419669951521,1,12571.0,0.0,8247.0,Tropical & Subtropical Moist Broadleaf Forests,East Deccan moist deciduous forests
2006,80.46338220099341,22.094513478010892,1,12571.0,0.0,8247.0,Tropical & Subtropical Moist Broadleaf Forests,East Deccan moist deciduous forests
2006,80.34320136988475,21.804472951371018,1,12571.0,0.0,8247.0,Tropical & Subtropical Moist Broadleaf Forests,East Deccan moist deciduous forests
2006,80.23121190888854,22.092526072394016,1,12571.0,0.0,8247.0,Tropical & Subtropical Moist Broadleaf Forests,East Deccan moist deciduous forests
2006,80.31785626904347,19.215460466136932,1,16437.0,0.0,11855.0,Tropical & Subtropical Dry Broadleaf Forests,Central Deccan Plateau dry deciduous forests
2006,80.44894005621447,20.744597789391257,1,16437.0,0.0,11855.0,Tropical & Subtropical Dry Broadleaf Forests,Central Deccan Plateau dry deciduous forests
2006,80.52483820581503,20.70651580861661,1,16437.0,0.0,11855.0,Tropical & Subtropical Dry Broadleaf Forests,Central Deccan Plateau dry deciduous forests
2006,79.62605803106703,21.426709508688262,1,16437.0,0.0,11855.0,Tropical & Subtropical Dry Broadleaf Forests,Central Deccan Plateau dry deciduous forests
2006,80.45667339313167,20.87247746560069,1,16437.0,0.0,11855.0,Tropical & Subtropical Dry Broadleaf Forests,Central Deccan Plateau dry deciduous forests
2006,80.30250202014578,21.128949254689598,1,16437.0,0.0,11855.0,Tropical & Subtropical Dry Broadleaf Forests,Central Deccan Plateau dry deciduous forests
2006,83.35767154422166,18.796012227481885,1,1932.0,0.0,1103.0,Tropical & Subtropical Moist Broadleaf Forests,East Deccan moist deciduous forests
2006,84.34131750042911,18.91039912207021,1,27981.0,0.0,17842.0,Tropical & Subtropical Moist Broadleaf Forests,East Deccan moist deciduous forests
2006,83.06275677153295,18.76707692923693,1,27981.0,0.0,17842.0,Tropical & Subtropical Moist Broadleaf Forests,East Deccan moist deciduous forests
2006,83.60560440762778,20.045794444247242,1,27981.0,0.0,17842.0,Tropical & Subtropical Moist Broadleaf Forests,East Deccan moist deciduous forests
2006,84.0964853601179,18.850723037828544,1,27981.0,0.0,17842.0,Tropical & Subtropical Moist Broadleaf Forests,East Deccan moist deciduous forests
2006,84.25815277067358,19.754523254373893,1,27981.0,0.0,17842.0,Tropical & Subtropical Moist Broadleaf Forests,East Deccan moist deciduous forests
2006,83.97820315670742,19.722865153278924,1,27981.0,0.0,17842.0,Tropical & Subtropical Moist Broadleaf Forests,East Deccan moist deciduous forests
2006,83.33741672788173,19.786221463197744,1,27981.0,0.0,17842.0,Tropical & Subtropical Moist Broadleaf Forests,East Deccan moist deciduous forests
2006,85.08891363141771,20.57108419381893,1,27981.0,0.0,17842.0,Tropical & Subtropical Moist Broadleaf Forests,East Deccan moist deciduous forests
2006,83.9968561027786,20.152723460197087,1,27981.0,0.0,17842.0,Tropical & Subtropical Moist Broadleaf Forests,East Deccan moist deciduous forests
2006,84.20292401344771,20.473347519689327,1,27981.0,0.0,17842.0,Tropical & Subtropical Moist Broadleaf Forests,East Deccan moist deciduous forests
2006,84.45299430535981,19.067233220188538,1,27981.0,0.0,17842.0,Tropical & Subtropical Moist Broadleaf Forests,East Deccan moist deciduous forests
2006,84.52275378040181,27.30252163517311,1,931.0,14.0,687.0,Tropical & Subtropical Moist Broadleaf Forests,Himalayan subtropical broadleaf forests
2006,80.07489496185903,29.510780035921208,1,20800.0,0.0,13694.0,Tropical & Subtropical Coniferous Forests,Himalayan subtropical pine forests
2006,80.12120247628378,29.30719443189915,1,20800.0,0.0,13694.0,Tropical & Subtropical Coniferous Forests,Himalayan subtropical pine forests
2006,79.74561841725233,29.139646121332632,1,20800.0,0.0,13694.0,Tropical & Subtropical Coniferous Forests,Himalayan subtropical pine forests
2006,80.04414874739082,29.004745269155602,1,20800.0,0.0,13694.0,Tropical & Subtropical Coniferous Forests,Himalayan subtropical pine forests
2006,78.22031249887006,30.272883209823988,1,20800.0,0.0,13694.0,Tropical & Subtropical Coniferous Forests,Himalayan subtropical pine forests
2006,78.24661141854342,29.94935475881961,1,20800.0,0.0,13694.0,Tropical & Subtropical Coniferous Forests,Himalayan subtropical pine forests
2006,78.4530275215388,30.797497077319665,1,20800.0,0.0,13694.0,Tropical & Subtropical Coniferous Forests,Himalayan subtropical pine forests
2006,77.877381497287,30.67765258673627,1,20800.0,0.0,13694.0,Tropical & Subtropical Coniferous Forests,Himalayan subtropical pine forests
2006,78.38378457348922,30.702154090416528,1,20800.0,0.0,13694.0,Tropical & Subtropical Coniferous Forests,Himalayan subtropical pine forests
2006,80.90371220889583,28.428278246971992,1,1651.0,0.0,924.0,Tropical & Subtropical Moist Broadleaf Forests,Himalayan subtropical broadleaf forests
2006,74.25207241209944,15.335618338429013,1,1555.0,0.0,1130.0,Tropical & Subtropical Moist Broadleaf Forests,North Western Ghats moist deciduous forests
2006,76.4388611784737,11.594885566427573,1,7186.0,0.0,4798.0,Tropical & Subtropical Dry Broadleaf Forests,South Deccan Plateau dry deciduous forests
2006,77.88258791409129,12.49693634183065,1,7186.0,0.0,4798.0,Tropical & Subtropical Dry Broadleaf Forests,South Deccan Plateau dry deciduous forests
2006,77.51963658845028,11.88038613206485,1,7186.0,0.0,4798.0,Tropical & Subtropical Dry Broadleaf Forests,South Deccan Plateau dry deciduous forests
2006,73.79726800228889,16.15463842583932,1,2637.0,0.0,1345.0,Tropical & Subtropical Moist Broadleaf Forests,North Western Ghats montane rain forests
2006,75.79322178377069,11.602774676179056,1,4397.0,0.0,2997.0,Tropical & Subtropical Moist Broadleaf Forests,South Western Ghats montane rain forests
2006,76.44332935081292,11.131841777335799,1,4397.0,0.0,2997.0,Tropical & Subtropical Moist Broadleaf Forests,South Western Ghats montane rain forests
2006,77.60728843666055,12.431343367901052,1,30916.0,0.0,21172.0,Tropical & Subtropical Moist Broadleaf Forests,North Western Ghats montane rain forests
2006,75.21390543727486,13.961018691743453,1,30916.0,0.0,21172.0,Tropical & Subtropical Moist Broadleaf Forests,North Western Ghats montane rain forests
2006,76.56794073326826,11.878624288388474,1,30916.0,0.0,21172.0,Tropical & Subtropical Moist Broadleaf Forests,North Western Ghats montane rain forests
2006,75.24446432169155,13.802453109169736,1,30916.0,0.0,21172.0,Tropical & Subtropical Moist Broadleaf Forests,North Western Ghats montane rain forests
2006,74.86873760931786,14.827189433287955,1,30916.0,0.0,21172.0,Tropical & Subtropical Moist Broadleaf Forests,North Western Ghats montane rain forests
2006,74.49305347823811,14.641882094997278,1,30916.0,0.0,21172.0,Tropical & Subtropical Moist Broadleaf Forests,North Western Ghats montane rain forests
2006,75.83730139389834,13.445930123243027,1,30916.0,0.0,21172.0,Tropical & Subtropical Moist Broadleaf Forests,North Western Ghats montane rain forests
2006,75.21326182308098,14.167378417805619,1,30916.0,0.0,21172.0,Tropical & Subtropical Moist Broadleaf Forests,North Western Ghats montane rain forests
2006,77.34776528951122,12.217878398440542,1,30916.0,0.0,21172.0,Tropical & Subtropical Moist Broadleaf Forests,North Western Ghats montane rain forests
2006,76.06599040285055,12.000951323338896,1,30916.0,0.0,21172.0,Tropical & Subtropical Moist Broadleaf Forests,North Western Ghats montane rain forests
2006,74.49884551248284,14.897837073547706,1,30916.0,0.0,21172.0,Tropical & Subtropical Moist Broadleaf Forests,North Western Ghats montane rain forests
2006,74.31290218491611,15.680202195393342,1,30916.0,0.0,21172.0,Tropical & Subtropical Moist Broadleaf Forests,North Western Ghats montane rain forests
2006,94.22616251547441,27.795541024290763,1,61198.0,15.0,53965.0,Temperate Broadleaf & Mixed Forests,Eastern Himalayan broadleaf forests
2006,96.22682567860736,28.675716620896264,1,61198.0,15.0,53965.0,Temperate Broadleaf & Mixed Forests,Eastern Himalayan broadleaf forests
2006,94.38331595970072,28.663878786384128,1,61198.0,15.0,53965.0,Temperate Broadleaf & Mixed Forests,Eastern Himalayan broadleaf forests
2006,93.2590223966415,27.537231670871698,1,61198.0,15.0,53965.0,Temperate Broadleaf & Mixed Forests,Eastern Himalayan broadleaf forests
2006,92.98881203331977,27.837160298118725,1,61198.0,15.0,53965.0,Temperate Broadleaf & Mixed Forests,Eastern Himalayan broadleaf forests
2006,94.97750414004045,28.411917437872653,1,61198.0,15.0,53965.0,Temperate Broadleaf & Mixed Forests,Eastern Himalayan broadleaf forests
2006,93.1020007718286,28.014151179128277,1,61198.0,15.0,53965.0,Temperate Broadleaf & Mixed Forests,Eastern Himalayan broadleaf forests
2006,96.29575505091775,28.865416624465606,1,61198.0,15.0,53965.0,Temperate Broadleaf & Mixed Forests,Eastern Himalayan broadleaf forests
2006,92.29655290625004,27.53193685265094,1,61198.0,15.0,53965.0,Temperate Broadleaf & Mixed Forests,Eastern Himalayan broadleaf forests
2006,94.86135644670065,28.640559554931162,1,61198.0,15.0,53965.0,Temperate Broadleaf & Mixed Forests,Eastern Himalayan broadleaf forests
2006,94.30888435935046,28.267937914001926,1,61198.0,15.0,53965.0,Temperate Broadleaf & Mixed Forests,Eastern Himalayan broadleaf forests
2006,94.53706686833334,28.77108963240033,1,61198.0,15.0,53965.0,Temperate Broadleaf & Mixed Forests,Eastern Himalayan broadleaf forests
2006,93.78851699227069,28.12303877445804,1,61198.0,15.0,53965.0,Temperate Broadleaf & Mixed Forests,Eastern Himalayan broadleaf forests
2006,92.0637592362314,27.19776563009844,1,61198.0,15.0,53965.0,Temperate Broadleaf & Mixed Forests,Eastern Himalayan broadleaf forests
2006,93.04637960254918,27.357305602678856,1,61198.0,15.0,53965.0,Temperate Broadleaf & Mixed Forests,Eastern Himalayan broadleaf forests
2006,96.3613706607854,28.315286649550966,1,61198.0,15.0,53965.0,Temperate Broadleaf & Mixed Forests,Eastern Himalayan broadleaf forests
2006,94.12984636394248,28.699935299790607,1,61198.0,15.0,53965.0,Temperate Broadleaf & Mixed Forests,Eastern Himalayan broadleaf forests
2006,93.5592534506058,28.438536675946086,1,61198.0,15.0,53965.0,Temperate Broadleaf & Mixed Forests,Eastern Himalayan broadleaf forests
2006,94.1123631961907,27.96507093835541,1,61198.0,15.0,53965.0,Temperate Broadleaf & Mixed Forests,Eastern Himalayan broadleaf forests
2006,93.1439420697828,27.675636492020395,1,61198.0,15.0,53965.0,Temperate Broadleaf & Mixed Forests,Eastern Himalayan broadleaf forests
2006,93.92090061942157,27.458974192377674,1,61198.0,15.0,53965.0,Temperate Broadleaf & Mixed Forests,Eastern Himalayan broadleaf forests
2006,96.33298344564149,28.812779402737952,1,61198.0,15.0,53965.0,Temperate Broadleaf & Mixed Forests,Eastern Himalayan broadleaf forests
2006,93.82509327238479,28.252816445646616,1,61198.0,15.0,53965.0,Temperate Broadleaf & Mixed Forests,Eastern Himalayan broadleaf forests
2006,96.59201910910402,28.285247344901475,1,61198.0,15.0,53965.0,Temperate Broadleaf & Mixed Forests,Eastern Himalayan broadleaf forests
2006,93.19736629014518,27.774688944343357,1,61198.0,15.0,53965.0,Temperate Broadleaf & Mixed Forests,Eastern Himalayan broadleaf forests
2006,93.76251121911999,26.23740803056376,1,19683.0,440.0,13142.0,Tropical & Subtropical Moist Broadleaf Forests,Meghalaya subtropical forests
2006,93.33787879449287,25.63120037115833,1,19683.0,440.0,13142.0,Tropical & Subtropical Moist Broadleaf Forests,Meghalaya subtropical forests
2006,93.4685817619778,25.380421289430625,1,19683.0,440.0,13142.0,Tropical & Subtropical Moist Broadleaf Forests,Meghalaya subtropical forests
2006,93.33173822064938,25.563945824182046,1,19683.0,440.0,13142.0,Tropical & Subtropical Moist Broadleaf Forests,Meghalaya subtropical forests
2006,92.86910463731355,26.19036139689645,1,19683.0,440.0,13142.0,Tropical & Subtropical Moist Broadleaf Forests,Meghalaya subtropical forests
2006,93.08358302019232,25.662565309851708,1,19683.0,440.0,13142.0,Tropical & Subtropical Moist Broadleaf Forests,Meghalaya subtropical forests
2006,92.80810071548441,26.19317585124452,1,19683.0,440.0,13142.0,Tropical & Subtropical Moist Broadleaf Forests,Meghalaya subtropical forests
2006,92.45888394746933,26.136099071053483,1,19683.0,440.0,13142.0,Tropical & Subtropical Moist Broadleaf Forests,Meghalaya subtropical forests
2006,95.49122966212383,27.071058408024463,1,13113.0,72.0,10852.0,Temperate Broadleaf & Mixed Forests,Eastern Himalayan broadleaf forests
2006,96.34091250619618,27.645708321613178,1,13113.0,72.0,10852.0,Temperate Broadleaf & Mixed Forests,Eastern Himalayan broadleaf forests
2006,95.47965472862722,28.005627383138744,1,13113.0,72.0,10852.0,Temperate Broadleaf & Mixed Forests,Eastern Himalayan broadleaf forests
2006,95.7195079264916,28.14831916248438,1,13113.0,72.0,10852.0,Temperate Broadleaf & Mixed Forests,Eastern Himalayan broadleaf forests
2006,96.4405605357308,27.324171670796467,1,13113.0,72.0,10852.0,Temperate Broadleaf & Mixed Forests,Eastern Himalayan broadleaf forests
2006,94.63878084848052,26.0280657215357,1,15632.0,0.0,11636.0,Tropical & Subtropical Moist Broadleaf Forests,Mizoram-Manipur-Kachin rain forests
2006,95.12227721475323,26.91574790864432,1,15632.0,0.0,11636.0,Tropical & Subtropical Moist Broadleaf Forests,Mizoram-Manipur-Kachin rain forests
2006,94.7407295101601,25.64193803967145,1,15632.0,0.0,11636.0,Tropical & Subtropical Moist Broadleaf Forests,Mizoram-Manipur-Kachin rain forests
2006,94.0177694686139,26.01585670187599,1,15632.0,0.0,11636.0,Tropical & Subtropical Moist Broadleaf Forests,Mizoram-Manipur-Kachin rain forests
2006,93.6342947414141,25.341947047730134,1,15632.0,0.0,11636.0,Tropical & Subtropical Moist Broadleaf Forests,Mizoram-Manipur-Kachin rain forests
2006,93.61963148368666,25.25638129340794,1,15632.0,0.0,11636.0,Tropical & Subtropical Moist Broadleaf Forests,Mizoram-Manipur-Kachin rain forests
2006,93.1976561864505,24.811638090569932,1,44.0,0.0,36.0,Tropical & Subtropical Moist Broadleaf Forests,Mizoram-Manipur-Kachin rain forests
2006,92.5338882977617,25.113335588439185,1,171.0,0.0,147.0,Tropical & Subtropical Moist Broadleaf Forests,Meghalaya subtropical forests
2007,91.1264811275743,26.748394483320677,1,2426.0,540.0,1715.0,Tropical & Subtropical Moist Broadleaf Forests,Brahmaputra Valley semi-evergreen forests
2007,89.31431194409775,26.854406761650438,1,79.0,0.0,47.0,"Tropical & Subtropical Grasslands, Savannas & Shrublands",Terai-Duar savanna and grasslands
2007,88.86076362801215,27.266434712491606,1,15.0,0.0,14.0,Temperate Conifer Forests,Eastern Himalayan subalpine conifer forests
2007,92.89544107164609,24.40329307251395,1,799.0,0.0,592.0,Tropical & Subtropical Moist Broadleaf Forests,Mizoram-Manipur-Kachin rain forests
2007,91.87973722833998,23.435141326138236,1,57.0,0.0,17.0,Tropical & Subtropical Moist Broadleaf Forests,Mizoram-Manipur-Kachin rain forests
2007,92.47745035452498,23.367702183186154,1,20340.0,0.0,15629.0,Tropical & Subtropical Moist Broadleaf Forests,Mizoram-Manipur-Kachin rain forests
2007,92.64867821351298,22.754136905365808,1,20340.0,0.0,15629.0,Tropical & Subtropical Moist Broadleaf Forests,Mizoram-Manipur-Kachin rain forests
2007,93.20866878160564,23.95630022766677,1,20340.0,0.0,15629.0,Tropical & Subtropical Moist Broadleaf Forests,Mizoram-Manipur-Kachin rain forests
2007,92.5085922643868,23.086561947367787,1,20340.0,0.0,15629.0,Tropical & Subtropical Moist Broadleaf Forests,Mizoram-Manipur-Kachin rain forests
2007,92.90163863992194,24.19551404076281,1,20340.0,0.0,15629.0,Tropical & Subtropical Moist Broadleaf Forests,Mizoram-Manipur-Kachin rain forests
2007,92.54433134927973,23.621983171538826,1,20340.0,0.0,15629.0,Tropical & Subtropical Moist Broadleaf Forests,Mizoram-Manipur-Kachin rain forests
2007,92.64594353534827,23.015917277787153,1,20340.0,0.0,15629.0,Tropical & Subtropical Moist Broadleaf Forests,Mizoram-Manipur-Kachin rain forests
2007,92.8450607260584,23.898534901665897,1,20340.0,0.0,15629.0,Tropical & Subtropical Moist Broadleaf Forests,Mizoram-Manipur-Kachin rain forests
2007,93.10429290448265,24.675812786523434,1,33.0,0.0,22.0,Tropical & Subtropical Moist Broadleaf Forests,Mizoram-Manipur-Kachin rain forests
2007,95.29610492572371,27.595438593212588,1,340.0,0.0,161.0,Tropical & Subtropical Moist Broadleaf Forests,Brahmaputra Valley semi-evergreen forests
2007,95.98001779688937,28.729692999549258,1,61193.0,15.0,53979.0,Temperate Broadleaf & Mixed Forests,Eastern Himalayan broadleaf forests
2007,93.23024478297806,27.2466021758372,1,61193.0,15.0,53979.0,Temperate Broadleaf & Mixed Forests,Eastern Himalayan broadleaf forests
2007,94.14375371793028,28.31189395860329,1,61193.0,15.0,53979.0,Temperate Broadleaf & Mixed Forests,Eastern Himalayan broadleaf forests
2007,94.12447683338608,28.495958875812597,1,61193.0,15.0,53979.0,Temperate Broadleaf & Mixed Forests,Eastern Himalayan broadleaf forests
2007,93.32551349473194,28.092469429458372,1,61193.0,15.0,53979.0,Temperate Broadleaf & Mixed Forests,Eastern Himalayan broadleaf forests
2007,95.14774647346424,28.53725175931837,1,61193.0,15.0,53979.0,Temperate Broadleaf & Mixed Forests,Eastern Himalayan broadleaf forests
2007,93.32806406621368,27.944460530233982,1,61193.0,15.0,53979.0,Temperate Broadleaf & Mixed Forests,Eastern Himalayan broadleaf forests
2007,95.07515561295871,27.920378159569015,1,61193.0,15.0,53979.0,Temperate Broadleaf & Mixed Forests,Eastern Himalayan broadleaf forests
2007,95.17420919063515,28.34909557571344,1,61193.0,15.0,53979.0,Temperate Broadleaf & Mixed Forests,Eastern Himalayan broadleaf forests
2007,93.59983297475716,28.01949873637096,1,61193.0,15.0,53979.0,Temperate Broadleaf & Mixed Forests,Eastern Himalayan broadleaf forests
2007,94.82442160686224,28.265763796990974,1,61193.0,15.0,53979.0,Temperate Broadleaf & Mixed Forests,Eastern Himalayan broadleaf forests
2007,92.66424121443038,27.49897434358569,1,61193.0,15.0,53979.0,Temperate Broadleaf & Mixed Forests,Eastern Himalayan broadleaf forests
2007,94.47493030435619,28.651801908696346,1,61193.0,15.0,53979.0,Temperate Broadleaf & Mixed Forests,Eastern Himalayan broadleaf forests
2007,95.55157525066788,28.493869813487674,1,61193.0,15.0,53979.0,Temperate Broadleaf & Mixed Forests,Eastern Himalayan broadleaf forests
2007,92.66842022341305,27.66646148081197,1,61193.0,15.0,53979.0,Temperate Broadleaf & Mixed Forests,Eastern Himalayan broadleaf forests
2007,95.90847548605642,28.90502189988759,1,61193.0,15.0,53979.0,Temperate Broadleaf & Mixed Forests,Eastern Himalayan broadleaf forests
2007,93.06285300583724,27.252354886482777,1,61193.0,15.0,53979.0,Temperate Broadleaf & Mixed Forests,Eastern Himalayan broadleaf forests
2007,94.35798794700543,27.83867780009082,1,61193.0,15.0,53979.0,Temperate Broadleaf & Mixed Forests,Eastern Himalayan broadleaf forests
2007,95.8970660747678,28.490525811953706,1,61193.0,15.0,53979.0,Temperate Broadleaf & Mixed Forests,Eastern Himalayan broadleaf forests
2007,96.39848237351487,28.184137242446127,1,61193.0,15.0,53979.0,Temperate Broadleaf & Mixed Forests,Eastern Himalayan broadleaf forests
2007,96.05855006287405,28.28201980158962,1,61193.0,15.0,53979.0,Temperate Broadleaf & Mixed Forests,Eastern Himalayan broadleaf forests
2007,95.81358062445818,29.218473445743868,1,61193.0,15.0,53979.0,Temperate Broadleaf & Mixed Forests,Eastern Himalayan broadleaf forests
2007,93.85051669059355,27.427327803105705,1,61193.0,15.0,53979.0,Temperate Broadleaf & Mixed Forests,Eastern Himalayan broadleaf forests
2007,93.09953789664239,27.24645027660976,1,61193.0,15.0,53979.0,Temperate Broadleaf & Mixed Forests,Eastern Himalayan broadleaf forests
2007,93.5233049735746,27.601650169438667,1,61193.0,15.0,53979.0,Temperate Broadleaf & Mixed Forests,Eastern Himalayan broadleaf forests
2007,93.71154632065773,26.118027968665867,1,19473.0,434.0,13075.0,Tropical & Subtropical Moist Broadleaf Forests,Meghalaya subtropical forests
2007,93.33103818374516,25.34797879698736,1,19473.0,434.0,13075.0,Tropical & Subtropical Moist Broadleaf Forests,Meghalaya subtropical forests
2007,93.11565887368101,25.300995041707424,1,19473.0,434.0,13075.0,Tropical & Subtropical Moist Broadleaf Forests,Meghalaya subtropical forests
2007,93.41739968837061,26.447941113777546,1,19473.0,434.0,13075.0,Tropical & Subtropical Moist Broadleaf Forests,Meghalaya subtropical forests
2007,93.57566083320883,26.138164178919766,1,19473.0,434.0,13075.0,Tropical & Subtropical Moist Broadleaf Forests,Meghalaya subtropical forests
2007,93.27209173367004,26.31665540435782,1,19473.0,434.0,13075.0,Tropical & Subtropical Moist Broadleaf Forests,Meghalaya subtropical forests
2007,92.74191230708328,25.872183710919135,1,19473.0,434.0,13075.0,Tropical & Subtropical Moist Broadleaf Forests,Meghalaya subtropical forests
2007,92.60944744889855,25.77479450722067,1,19473.0,434.0,13075.0,Tropical & Subtropical Moist Broadleaf Forests,Meghalaya subtropical forests
2007,96.0159040815678,27.424665874701738,1,13093.0,72.0,10850.0,Temperate Broadleaf & Mixed Forests,Eastern Himalayan broadleaf forests
2007,95.84398961331198,27.135431846217834,1,13093.0,72.0,10850.0,Temperate Broadleaf & Mixed Forests,Eastern Himalayan broadleaf forests
2007,96.87887509297605,27.54183039778507,1,13093.0,72.0,10850.0,Temperate Broadleaf & Mixed Forests,Eastern Himalayan broadleaf forests
2007,96.14667102910863,28.120168607424965,1,13093.0,72.0,10850.0,Temperate Broadleaf & Mixed Forests,Eastern Himalayan broadleaf forests
2007,95.71079721545699,27.151485460858954,1,13093.0,72.0,10850.0,Temperate Broadleaf & Mixed Forests,Eastern Himalayan broadleaf forests
2007,94.14463857775623,25.589123936449926,1,15641.0,0.0,11684.0,Tropical & Subtropical Moist Broadleaf Forests,Mizoram-Manipur-Kachin rain forests
2007,94.7965447785655,26.450691498114598,1,15641.0,0.0,11684.0,Tropical & Subtropical Moist Broadleaf Forests,Mizoram-Manipur-Kachin rain forests
2007,94.22921536024425,26.108740902861314,1,15641.0,0.0,11684.0,Tropical & Subtropical Moist Broadleaf Forests,Mizoram-Manipur-Kachin rain forests
2007,95.19468401844578,26.79712918661622,1,15641.0,0.0,11684.0,Tropical & Subtropical Moist Broadleaf Forests,Mizoram-Manipur-Kachin rain forests
2007,94.94476285649378,25.780788453164384,1,15641.0,0.0,11684.0,Tropical & Subtropical Moist Broadleaf Forests,Mizoram-Manipur-Kachin rain forests
2007,94.40696002253466,25.563831233882194,1,15641.0,0.0,11684.0,Tropical & Subtropical Moist Broadleaf Forests,Mizoram-Manipur-Kachin rain forests
2007,93.28347400448608,25.04820597596402,1,44.0,0.0,36.0,Tropical & Subtropical Moist Broadleaf Forests,Mizoram-Manipur-Kachin rain forests
2007,92.50904029748914,25.62038984664459,1,171.0,0.0,146.0,Tropical & Subtropical Moist Broadleaf Forests,Meghalaya subtropical forests
2007,74.10171347854504,14.954236369882256,1,1721.0,0.0,1228.0,Tropical & Subtropical Moist Broadleaf Forests,North Western Ghats moist deciduous forests
2007,77.24249076442396,11.672402696343351,1,7147.0,0.0,4794.0,Tropical & Subtropical Dry Broadleaf Forests,South Deccan Plateau dry deciduous forests
2007,77.56851084582992,11.712278811307794,1,7147.0,0.0,4794.0,Tropical & Subtropical Dry Broadleaf Forests,South Deccan Plateau dry deciduous forests
2007,77.23752765803933,11.713675861172984,1,7147.0,0.0,4794.0,Tropical & Subtropical Dry Broadleaf Forests,South Deccan Plateau dry deciduous forests
2007,73.98148400536773,15.913706152708377,1,2956.0,0.0,1483.0,Tropical & Subtropical Moist Broadleaf Forests,North Western Ghats montane rain forests
2007,76.37791317289243,11.403900448864196,1,4554.0,0.0,3100.0,Tropical & Subtropical Moist Broadleaf Forests,South Western Ghats montane rain forests
2007,76.193818265814,11.770237968727347,1,4554.0,0.0,3100.0,Tropical & Subtropical Moist Broadleaf Forests,South Western Ghats montane rain forests
2007,75.74062664430058,13.109840216472685,1,31558.0,0.0,21761.0,Tropical & Subtropical Moist Broadleaf Forests,North Western Ghats montane rain forests
2007,75.46050257591328,13.317320921399357,1,31558.0,0.0,21761.0,Tropical & Subtropical Moist Broadleaf Forests,North Western Ghats montane rain forests
2007,75.29607518675594,13.127704544062816,1,31558.0,0.0,21761.0,Tropical & Subtropical Moist Broadleaf Forests,North Western Ghats montane rain forests
2007,77.2352028375154,11.870331176908648,1,31558.0,0.0,21761.0,Tropical & Subtropical Moist Broadleaf Forests,North Western Ghats montane rain forests
2007,75.21161120302838,13.836244704939208,1,31558.0,0.0,21761.0,Tropical & Subtropical Moist Broadleaf Forests,North Western Ghats montane rain forests
2007,74.61703541055758,14.924587276584322,1,31558.0,0.0,21761.0,Tropical & Subtropical Moist Broadleaf Forests,North Western Ghats montane rain forests
2007,74.80590243976886,14.790234937559019,1,31558.0,0.0,21761.0,Tropical & Subtropical Moist Broadleaf Forests,North Western Ghats montane rain forests
2007,75.68128583159856,13.455590865744567,1,31558.0,0.0,21761.0,Tropical & Subtropical Moist Broadleaf Forests,North Western Ghats montane rain forests
2007,75.37746153587807,13.410105534148554,1,31558.0,0.0,21761.0,Tropical & Subtropical Moist Broadleaf Forests,North Western Ghats montane rain forests
2007,75.7470719472602,12.591199372819238,1,31558.0,0.0,21761.0,Tropical & Subtropical Moist Broadleaf Forests,North Western Ghats montane rain forests
2007,74.75486425605071,14.78799658660941,1,31558.0,0.0,21761.0,Tropical & Subtropical Moist Broadleaf Forests,North Western Ghats montane rain forests
2007,75.20645528751733,14.18289942628735,1,31558.0,0.0,21761.0,Tropical & Subtropical Moist Broadleaf Forests,North Western Ghats montane rain forests
2007,75.70667464846075,22.31410157680497,1,791.0,0.0,422.0,Tropical & Subtropical Dry Broadleaf Forests,Narmada Valley dry deciduous forests
2007,76.37114118119298,22.88432907131757,1,4965.0,0.0,2385.0,Tropical & Subtropical Dry Broadleaf Forests,Narmada Valley dry deciduous forests
2007,76.43357540745386,22.646732791459996,1,4965.0,0.0,2385.0,Tropical & Subtropical Dry Broadleaf Forests,Narmada Valley dry deciduous forests
2007,76.22601399206965,27.343096670426124,1,2447.0,0.0,1379.0,Tropical & Subtropical Dry Broadleaf Forests,Khathiar-Gir dry deciduous forests
2007,76.52385940486539,26.11823876251807,1,491.0,0.0,264.0,Tropical & Subtropical Dry Broadleaf Forests,Khathiar-Gir dry deciduous forests
2007,77.51158956784558,10.185773498382256,1,6249.0,0.0,3866.0,Tropical & Subtropical Moist Broadleaf Forests,South Western Ghats moist deciduous forests
2007,77.3600427399456,10.205063743196751,1,6249.0,0.0,3866.0,Tropical & Subtropical Moist Broadleaf Forests,South Western Ghats moist deciduous forests
2007,77.15257165194683,9.256925418282272,1,8875.0,0.0,6450.0,Tropical & Subtropical Moist Broadleaf Forests,South Western Ghats montane rain forests
2007,77.04923475902439,9.887396540374974,1,8875.0,0.0,6450.0,Tropical & Subtropical Moist Broadleaf Forests,South Western Ghats montane rain forests
2007,76.55678229619781,10.430467328155029,1,8875.0,0.0,6450.0,Tropical & Subtropical Moist Broadleaf Forests,South Western Ghats montane rain forests
2007,76.73089721741023,20.324844100589818,1,567.0,0.0,272.0,Tropical & Subtropical Dry Broadleaf Forests,Central Deccan Plateau dry deciduous forests
2007,77.95250469172397,30.253087038546088,1,768.0,0.0,456.0,Tropical & Subtropical Moist Broadleaf Forests,Upper Gangetic Plains moist deciduous forests
2007,77.16027750082645,25.299859525535492,1,365.0,0.0,149.0,Tropical & Subtropical Dry Broadleaf Forests,Khathiar-Gir dry deciduous forests
2007,76.90891901875733,25.803968193727368,1,8626.0,0.0,4375.0,Tropical & Subtropical Dry Broadleaf Forests,Khathiar-Gir dry deciduous forests
2007,77.20870890775426,25.57609199961458,1,8626.0,0.0,4375.0,Tropical & Subtropical Dry Broadleaf Forests,Khathiar-Gir dry deciduous forests
2007,77.53817293856245,25.879380811765795,1,8626.0,0.0,4375.0,Tropical & Subtropical Dry Broadleaf Forests,Khathiar-Gir dry deciduous forests
2007,78.80254916779563,18.977765552681745,1,6578.0,0.0,3998.0,Tropical & Subtropical Moist Broadleaf Forests,East Deccan moist deciduous forests
2007,78.53905018464476,19.050341786037073,1,6578.0,0.0,3998.0,Tropical & Subtropical Moist Broadleaf Forests,East Deccan moist deciduous forests
2007,78.67614009068366,19.264328839409707,1,6578.0,0.0,3998.0,Tropical & Subtropical Moist Broadleaf Forests,East Deccan moist deciduous forests
2007,84.23276005913375,27.279928232202813,1,931.0,14.0,686.0,Tropical & Subtropical Moist Broadleaf Forests,Himalayan subtropical broadleaf forests
2007,79.99294987938067,29.608445187068757,1,20668.0,0.0,13653.0,Tropical & Subtropical Coniferous Forests,Himalayan subtropical pine forests
2007,78.88149113725724,30.250137013951058,1,20668.0,0.0,13653.0,Tropical & Subtropical Coniferous Forests,Himalayan subtropical pine forests
2007,78.63206145116284,30.200028753003174,1,20668.0,0.0,13653.0,Tropical & Subtropical Coniferous Forests,Himalayan subtropical pine forests
2007,78.89172790676285,30.10679332551594,1,20668.0,0.0,13653.0,Tropical & Subtropical Coniferous Forests,Himalayan subtropical pine forests
2007,80.22405726287461,29.446586768011773,1,20668.0,0.0,13653.0,Tropical & Subtropical Coniferous Forests,Himalayan subtropical pine forests
2007,80.07479574490988,29.074731762547408,1,20668.0,0.0,13653.0,Tropical & Subtropical Coniferous Forests,Himalayan subtropical pine forests
2007,79.51880067006236,29.747391716179386,1,20668.0,0.0,13653.0,Tropical & Subtropical Coniferous Forests,Himalayan subtropical pine forests
2007,78.6851174122503,30.071071539092944,1,20668.0,0.0,13653.0,Tropical & Subtropical Coniferous Forests,Himalayan subtropical pine forests
2007,78.29086603842471,30.604340790842365,1,20668.0,0.0,13653.0,Tropical & Subtropical Coniferous Forests,Himalayan subtropical pine forests
2007,80.82316036426572,28.499605840785886,1,1646.0,0.0,921.0,Tropical & Subtropical Moist Broadleaf Forests,Himalayan subtropical broadleaf forests
2007,78.53158606344823,23.353109815882675,1,814.0,0.0,344.0,Tropical & Subtropical Dry Broadleaf Forests,Narmada Valley dry deciduous forests
2007,78.83234759875279,15.52554534009105,1,16203.0,0.0,11169.0,Tropical & Subtropical Dry Broadleaf Forests,Central Deccan Plateau dry deciduous forests
2007,79.50285780177163,13.421480741182279,1,16203.0,0.0,11169.0,Tropical & Subtropical Dry Broadleaf Forests,Central Deccan Plateau dry deciduous forests
2007,79.47860152229158,13.899519955013815,1,16203.0,0.0,11169.0,Tropical & Subtropical Dry Broadleaf Forests,Central Deccan Plateau dry deciduous forests
2007,78.69653386031632,14.95675786802466,1,16203.0,0.0,11169.0,Tropical & Subtropical Dry Broadleaf Forests,Central Deccan Plateau dry deciduous forests
2007,79.19431851998702,13.770351336279068,1,16203.0,0.0,11169.0,Tropical & Subtropical Dry Broadleaf Forests,Central Deccan Plateau dry deciduous forests
2007,79.36876092899409,14.214554888453058,1,16203.0,0.0,11169.0,Tropical & Subtropical Dry Broadleaf Forests,Central Deccan Plateau dry deciduous forests
2007,78.80365958498196,16.271160769982384,1,1731.0,0.0,1324.0,Tropical & Subtropical Dry Broadleaf Forests,Central Deccan Plateau dry deciduous forests
2007,77.36381533435147,22.158086427925408,1,10483.0,0.0,6325.0,Tropical & Subtropical Moist Broadleaf Forests,East Deccan moist deciduous forests
2007,78.69778989307213,22.700809258588375,1,10483.0,0.0,6325.0,Tropical & Subtropical Moist Broadleaf Forests,East Deccan moist deciduous forests
2007,77.37297302791518,21.837643529527888,1,10483.0,0.0,6325.0,Tropical & Subtropical Moist Broadleaf Forests,East Deccan moist deciduous forests
2007,78.36618128319796,22.240957761194085,1,10483.0,0.0,6325.0,Tropical & Subtropical Moist Broadleaf Forests,East Deccan moist deciduous forests
2007,77.41338924419466,21.537910112863315,1,4069.0,0.0,2707.0,Tropical & Subtropical Dry Broadleaf Forests,Narmada Valley dry deciduous forests
2007,76.70910414546181,21.210200379569503,1,4069.0,0.0,2707.0,Tropical & Subtropical Dry Broadleaf Forests,Narmada Valley dry deciduous forests
2007,79.54253329188491,19.548372003467467,1,0.0,0.0,0.0,Tropical & Subtropical Moist Broadleaf Forests,East Deccan moist deciduous forests
2007,79.37204026305488,20.08431902251442,1,2925.0,0.0,1932.0,Tropical & Subtropical Dry Broadleaf Forests,Central Deccan Plateau dry deciduous forests
2007,79.80551360706745,23.49563247896734,1,1630.0,0.0,690.0,Tropical & Subtropical Dry Broadleaf Forests,Narmada Valley dry deciduous forests
2007,79.79125752240012,20.27467416831394,1,1283.0,0.0,657.0,Tropical & Subtropical Dry Broadleaf Forests,Central Deccan Plateau dry deciduous forests
2007,80.00219096459521,28.73357456346051,1,5.0,0.0,1.0,Tropical & Subtropical Moist Broadleaf Forests,Upper Gangetic Plains moist deciduous forests
2007,80.07735427624081,28.752595485216062,1,961.0,0.0,427.0,Tropical & Subtropical Moist Broadleaf Forests,Upper Gangetic Plains moist deciduous forests
2007,80.6912777955791,23.45757314157004,1,1773.0,0.0,922.0,Tropical & Subtropical Dry Broadleaf Forests,Narmada Valley dry deciduous forests
2007,81.34882628434264,25.179428640044957,1,865.0,0.0,489.0,Tropical & Subtropical Moist Broadleaf Forests,Upper Gangetic Plains moist deciduous forests
2007,79.03625521335206,24.13726667758711,1,7228.0,0.0,3959.0,Tropical & Subtropical Dry Broadleaf Forests,Narmada Valley dry deciduous forests
2007,79.44894152145976,24.380975463889012,1,7228.0,0.0,3959.0,Tropical & Subtropical Dry Broadleaf Forests,Narmada Valley dry deciduous forests
2007,80.05682581480134,24.602878591924732,1,7228.0,0.0,3959.0,Tropical & Subtropical Dry Broadleaf Forests,Narmada Valley dry deciduous forests
2007,81.86661630335892,20.478486694197763,1,46136.0,0.0,31849.0,Tropical & Subtropical Moist Broadleaf Forests,East Deccan moist deciduous forests
2007,81.11406823139693,20.373248485619296,1,46136.0,0.0,31849.0,Tropical & Subtropical Moist Broadleaf Forests,East Deccan moist deciduous forests
2007,80.54812392323146,19.872525857954017,1,46136.0,0.0,31849.0,Tropical & Subtropical Moist Broadleaf Forests,East Deccan moist deciduous forests
2007,81.89074059294686,20.374411145088725,1,46136.0,0.0,31849.0,Tropical & Subtropical Moist Broadleaf Forests,East Deccan moist deciduous forests
2007,80.43339750101428,18.828587877461793,1,46136.0,0.0,31849.0,Tropical & Subtropical Moist Broadleaf Forests,East Deccan moist deciduous forests
2007,83.54057096001573,22.31500496679602,1,46136.0,0.0,31849.0,Tropical & Subtropical Moist Broadleaf Forests,East Deccan moist deciduous forests
2007,83.01052475705521,22.702448579777137,1,46136.0,0.0,31849.0,Tropical & Subtropical Moist Broadleaf Forests,East Deccan moist deciduous forests
2007,80.9390259311768,22.027894212374957,1,46136.0,0.0,31849.0,Tropical & Subtropical Moist Broadleaf Forests,East Deccan moist deciduous forests
2007,82.70434210660636,22.762130088101006,1,46136.0,0.0,31849.0,Tropical & Subtropical Moist Broadleaf Forests,East Deccan moist deciduous forests
2007,80.47469147871097,19.188681153822554,1,46136.0,0.0,31849.0,Tropical & Subtropical Moist Broadleaf Forests,East Deccan moist deciduous forests
2007,80.83130521742339,20.149104455811916,1,46136.0,0.0,31849.0,Tropical & Subtropical Moist Broadleaf Forests,East Deccan moist deciduous forests
2007,83.56070409523724,22.288804143734176,1,46136.0,0.0,31849.0,Tropical & Subtropical Moist Broadleaf Forests,East Deccan moist deciduous forests
2007,81.4437618342696,18.379502643200443,1,46136.0,0.0,31849.0,Tropical & Subtropical Moist Broadleaf Forests,East Deccan moist deciduous forests
2007,81.59833279498775,20.181689741543373,1,46136.0,0.0,31849.0,Tropical & Subtropical Moist Broadleaf Forests,East Deccan moist deciduous forests
2007,83.0779927555928,22.481791571896945,1,46136.0,0.0,31849.0,Tropical & Subtropical Moist Broadleaf Forests,East Deccan moist deciduous forests
2007,80.82265737815,21.373677464797787,1,46136.0,0.0,31849.0,Tropical & Subtropical Moist Broadleaf Forests,East Deccan moist deciduous forests
2007,80.78520802110845,21.682812385036808,1,46136.0,0.0,31849.0,Tropical & Subtropical Moist Broadleaf Forests,East Deccan moist deciduous forests
2007,81.25741901225825,18.05695971309248,1,46136.0,0.0,31849.0,Tropical & Subtropical Moist Broadleaf Forests,East Deccan moist deciduous forests
2007,80.20109555485551,17.845022773285944,1,11680.0,0.0,7416.0,Tropical & Subtropical Moist Broadleaf Forests,East Deccan moist deciduous forests
2007,80.60852594735498,17.67478881636057,1,11680.0,0.0,7416.0,Tropical & Subtropical Moist Broadleaf Forests,East Deccan moist deciduous forests
2007,79.9556073255875,18.722148130740894,1,11680.0,0.0,7416.0,Tropical & Subtropical Moist Broadleaf Forests,East Deccan moist deciduous forests
2007,80.43725475278575,17.920749624425603,1,11680.0,0.0,7416.0,Tropical & Subtropical Moist Broadleaf Forests,East Deccan moist deciduous forests
2007,83.6592590830103,21.947453519846142,1,4005.0,0.0,2345.0,Tropical & Subtropical Dry Broadleaf Forests,North Deccan dry deciduous forests
2007,82.01153954254409,20.023835241801557,1,4005.0,0.0,2345.0,Tropical & Subtropical Dry Broadleaf Forests,North Deccan dry deciduous forests
2007,80.1350235302968,22.090677739882853,1,12563.0,0.0,8238.0,Tropical & Subtropical Moist Broadleaf Forests,East Deccan moist deciduous forests
2007,79.96291002011316,22.30097090722765,1,12563.0,0.0,8238.0,Tropical & Subtropical Moist Broadleaf Forests,East Deccan moist deciduous forests
2007,79.95062291989481,21.858300182087703,1,12563.0,0.0,8238.0,Tropical & Subtropical Moist Broadleaf Forests,East Deccan moist deciduous forests
2007,80.45253550425578,22.028275081041954,1,12563.0,0.0,8238.0,Tropical & Subtropical Moist Broadleaf Forests,East Deccan moist deciduous forests
2007,81.44087275059158,22.529029812937033,1,12563.0,0.0,8238.0,Tropical & Subtropical Moist Broadleaf Forests,East Deccan moist deciduous forests
2007,79.95572757485307,19.773130083517398,1,16482.0,0.0,11873.0,Tropical & Subtropical Dry Broadleaf Forests,Central Deccan Plateau dry deciduous forests
2007,80.21168342555401,19.176061828178717,1,16482.0,0.0,11873.0,Tropical & Subtropical Dry Broadleaf Forests,Central Deccan Plateau dry deciduous forests
2007,80.27811299405813,19.26726479307932,1,16482.0,0.0,11873.0,Tropical & Subtropical Dry Broadleaf Forests,Central Deccan Plateau dry deciduous forests
2007,80.18242100350423,19.292381629696607,1,16482.0,0.0,11873.0,Tropical & Subtropical Dry Broadleaf Forests,Central Deccan Plateau dry deciduous forests
2007,80.49503759405793,19.504276511676682,1,16482.0,0.0,11873.0,Tropical & Subtropical Dry Broadleaf Forests,Central Deccan Plateau dry deciduous forests
2007,79.85939497944764,21.18564821231297,1,16482.0,0.0,11873.0,Tropical & Subtropical Dry Broadleaf Forests,Central Deccan Plateau dry deciduous forests
2007,81.7937578415796,18.810316409451307,1,1283.0,0.0,874.0,Tropical & Subtropical Dry Broadleaf Forests,North Deccan dry deciduous forests
2007,82.39118796510455,17.457445422022676,1,9347.0,0.0,5954.0,Tropical & Subtropical Moist Broadleaf Forests,East Deccan moist deciduous forests
2007,82.1694219991842,17.927943914728054,1,9347.0,0.0,5954.0,Tropical & Subtropical Moist Broadleaf Forests,East Deccan moist deciduous forests
2007,81.83509983404362,17.334301924848717,1,9347.0,0.0,5954.0,Tropical & Subtropical Moist Broadleaf Forests,East Deccan moist deciduous forests
2007,80.78625188008418,17.53334750266408,1,2950.0,0.0,1978.0,Tropical & Subtropical Moist Broadleaf Forests,East Deccan moist deciduous forests
2007,82.1819522500504,18.090748810783463,1,2964.0,0.0,1544.0,Tropical & Subtropical Dry Broadleaf Forests,North Deccan dry deciduous forests
2007,82.70559690815222,21.44910088440192,1,1385.0,0.0,788.0,Tropical & Subtropical Moist Broadleaf Forests,East Deccan moist deciduous forests
2007,82.65120158304403,23.761036232201842,1,14797.0,0.0,9924.0,Tropical & Subtropical Dry Broadleaf Forests,Chhota-Nagpur dry deciduous forests
2007,82.4238633484464,23.333396509579707,1,14797.0,0.0,9924.0,Tropical & Subtropical Dry Broadleaf Forests,Chhota-Nagpur dry deciduous forests
2007,83.16048182261781,23.58525558884236,1,14797.0,0.0,9924.0,Tropical & Subtropical Dry Broadleaf Forests,Chhota-Nagpur dry deciduous forests
2007,82.96672656382601,23.738277524146707,1,14797.0,0.0,9924.0,Tropical & Subtropical Dry Broadleaf Forests,Chhota-Nagpur dry deciduous forests
2007,82.5317165572758,23.50924718762688,1,14797.0,0.0,9924.0,Tropical & Subtropical Dry Broadleaf Forests,Chhota-Nagpur dry deciduous forests
2007,82.66974588642745,23.849733675727446,1,14797.0,0.0,9924.0,Tropical & Subtropical Dry Broadleaf Forests,Chhota-Nagpur dry deciduous forests
2007,83.67817294784925,24.63923190690076,1,1655.0,0.0,708.0,Tropical & Subtropical Moist Broadleaf Forests,Lower Gangetic Plains moist deciduous forests
2007,83.20744244454986,24.446194230576438,1,3655.0,0.0,2027.0,Tropical & Subtropical Dry Broadleaf Forests,Chhota-Nagpur dry deciduous forests
2007,82.36727270996913,23.947661364899197,1,9888.0,0.0,5511.0,Tropical & Subtropical Dry Broadleaf Forests,Narmada Valley dry deciduous forests
2007,81.95110732075352,23.875230593742707,1,9888.0,0.0,5511.0,Tropical & Subtropical Dry Broadleaf Forests,Narmada Valley dry deciduous forests
2007,81.81825953116842,23.82411330309377,1,9888.0,0.0,5511.0,Tropical & Subtropical Dry Broadleaf Forests,Narmada Valley dry deciduous forests
2007,82.14135915068972,24.797780657986483,1,9888.0,0.0,5511.0,Tropical & Subtropical Dry Broadleaf Forests,Narmada Valley dry deciduous forests
2007,84.25597624965843,23.46803478048001,1,16540.0,0.0,9769.0,Tropical & Subtropical Dry Broadleaf Forests,Chhota-Nagpur dry deciduous forests
2007,84.3439036484905,23.644918645633833,1,16540.0,0.0,9769.0,Tropical & Subtropical Dry Broadleaf Forests,Chhota-Nagpur dry deciduous forests
2007,84.91602979539009,24.253682676534474,1,16540.0,0.0,9769.0,Tropical & Subtropical Dry Broadleaf Forests,Chhota-Nagpur dry deciduous forests
2007,84.62286795821527,24.28606190796012,1,16540.0,0.0,9769.0,Tropical & Subtropical Dry Broadleaf Forests,Chhota-Nagpur dry deciduous forests
2007,84.36121941788713,23.829251228779,1,16540.0,0.0,9769.0,Tropical & Subtropical Dry Broadleaf Forests,Chhota-Nagpur dry deciduous forests
2007,84.08313145623761,23.541463427314387,1,16540.0,0.0,9769.0,Tropical & Subtropical Dry Broadleaf Forests,Chhota-Nagpur dry deciduous forests
2007,84.48661278873051,23.68489129413939,1,16540.0,0.0,9769.0,Tropical & Subtropical Dry Broadleaf Forests,Chhota-Nagpur dry deciduous forests
2007,83.5186579417667,18.966143345478322,1,1936.0,0.0,1098.0,Tropical & Subtropical Moist Broadleaf Forests,East Deccan moist deciduous forests
2007,83.97632160731705,20.395506391314925,1,28090.0,0.0,17882.0,Tropical & Subtropical Moist Broadleaf Forests,East Deccan moist deciduous forests
2007,84.19129689327676,19.590199076705037,1,28090.0,0.0,17882.0,Tropical & Subtropical Moist Broadleaf Forests,East Deccan moist deciduous forests
2007,84.30824473250132,18.827819649220682,1,28090.0,0.0,17882.0,Tropical & Subtropical Moist Broadleaf Forests,East Deccan moist deciduous forests
2007,84.70376971243032,20.312125828215976,1,28090.0,0.0,17882.0,Tropical & Subtropical Moist Broadleaf Forests,East Deccan moist deciduous forests
2007,83.31341711001659,19.1406987977912,1,28090.0,0.0,17882.0,Tropical & Subtropical Moist Broadleaf Forests,East Deccan moist deciduous forests
2007,84.45673777576872,20.09009096769337,1,28090.0,0.0,17882.0,Tropical & Subtropical Moist Broadleaf Forests,East Deccan moist deciduous forests
2007,84.24085938377198,19.880944497694507,1,28090.0,0.0,17882.0,Tropical & Subtropical Moist Broadleaf Forests,East Deccan moist deciduous forests
2007,84.25054920672596,19.199095739531188,1,28090.0,0.0,17882.0,Tropical & Subtropical Moist Broadleaf Forests,East Deccan moist deciduous forests
2007,84.0736183552342,19.566172020196365,1,28090.0,0.0,17882.0,Tropical & Subtropical Moist Broadleaf Forests,East Deccan moist deciduous forests
2007,84.1481209340958,19.44021114332906,1,28090.0,0.0,17882.0,Tropical & Subtropical Moist Broadleaf Forests,East Deccan moist deciduous forests
2007,84.70882302303391,20.425533625169447,1,28090.0,0.0,17882.0,Tropical & Subtropical Moist Broadleaf Forests,East Deccan moist deciduous forests
2007,85.23725485997822,21.83243470371726,1,18849.0,0.0,11469.0,Tropical & Subtropical Moist Broadleaf Forests,East Deccan moist deciduous forests
2007,85.56752190177754,21.53015366724297,1,18849.0,0.0,11469.0,Tropical & Subtropical Moist Broadleaf Forests,East Deccan moist deciduous forests
2007,85.55613005512842,21.365335744888466,1,18849.0,0.0,11469.0,Tropical & Subtropical Moist Broadleaf Forests,East Deccan moist deciduous forests
2007,85.10107528057924,21.58847181442143,1,18849.0,0.0,11469.0,Tropical & Subtropical Moist Broadleaf Forests,East Deccan moist deciduous forests
2007,84.32818322666023,21.106985761915737,1,18849.0,0.0,11469.0,Tropical & Subtropical Moist Broadleaf Forests,East Deccan moist deciduous forests
2007,84.16091247543176,21.203141147277325,1,18849.0,0.0,11469.0,Tropical & Subtropical Moist Broadleaf Forests,East Deccan moist deciduous forests
2007,84.41602023080947,21.737028068676192,1,18849.0,0.0,11469.0,Tropical & Subtropical Moist Broadleaf Forests,East Deccan moist deciduous forests
2007,85.92472233303353,22.10891569972165,1,7925.0,0.0,4974.0,Tropical & Subtropical Moist Broadleaf Forests,East Deccan moist deciduous forests
2007,85.74416331502671,22.879763272402744,1,7925.0,0.0,4974.0,Tropical & Subtropical Moist Broadleaf Forests,East Deccan moist deciduous forests
2007,85.05504115500258,22.501571642379055,1,7925.0,0.0,4974.0,Tropical & Subtropical Moist Broadleaf Forests,East Deccan moist deciduous forests
2007,88.8657352064076,21.92176277059112,1,1451.0,716.0,1334.0,Mangroves,Sundarbans mangroves
2008,90.51196962100302,26.681800228797485,1,2425.0,540.0,1709.0,Tropical & Subtropical Moist Broadleaf Forests,Brahmaputra Valley semi-evergreen forests
2008,89.49400740890871,26.801664962422905,1,78.0,0.0,46.0,"Tropical & Subtropical Grasslands, Savannas & Shrublands",Terai-Duar savanna and grasslands
2008,88.78982295107393,27.23090317960918,1,15.0,0.0,14.0,Temperate Conifer Forests,Eastern Himalayan subalpine conifer forests
2008,92.81651365008135,24.482501200785883,1,789.0,0.0,589.0,Tropical & Subtropical Moist Broadleaf Forests,Mizoram-Manipur-Kachin rain forests
2008,92.32023305023134,24.001139846608453,1,57.0,0.0,16.0,Tropical & Subtropical Moist Broadleaf Forests,Mizoram-Manipur-Kachin rain forests
2008,92.67840513539231,24.196049642734152,1,20271.0,0.0,15483.0,Tropical & Subtropical Moist Broadleaf Forests,Mizoram-Manipur-Kachin rain forests
2008,93.29397183696673,23.054786656825446,1,20271.0,0.0,15483.0,Tropical & Subtropical Moist Broadleaf Forests,Mizoram-Manipur-Kachin rain forests
2008,92.75537753812098,22.572301509726405,1,20271.0,0.0,15483.0,Tropical & Subtropical Moist Broadleaf Forests,Mizoram-Manipur-Kachin rain forests
2008,92.67788840700752,22.65195697194583,1,20271.0,0.0,15483.0,Tropical & Subtropical Moist Broadleaf Forests,Mizoram-Manipur-Kachin rain forests
2008,92.91968811679978,23.257759060763032,1,20271.0,0.0,15483.0,Tropical & Subtropical Moist Broadleaf Forests,Mizoram-Manipur-Kachin rain forests
2008,93.00476213111178,24.38328556474372,1,20271.0,0.0,15483.0,Tropical & Subtropical Moist Broadleaf Forests,Mizoram-Manipur-Kachin rain forests
2008,92.53338171675493,22.870119303297862,1,20271.0,0.0,15483.0,Tropical & Subtropical Moist Broadleaf Forests,Mizoram-Manipur-Kachin rain forests
2008,92.2890745792749,23.67553162019976,1,20271.0,0.0,15483.0,Tropical & Subtropical Moist Broadleaf Forests,Mizoram-Manipur-Kachin rain forests
2008,93.09569720321227,24.67958622357462,1,32.0,0.0,21.0,Tropical & Subtropical Moist Broadleaf Forests,Mizoram-Manipur-Kachin rain forests
2008,95.31211800985706,27.647037626641296,1,317.0,0.0,153.0,Tropical & Subtropical Moist Broadleaf Forests,Brahmaputra Valley semi-evergreen forests
2008,92.3126734132498,27.071239246618802,1,61191.0,15.0,53982.0,Temperate Broadleaf & Mixed Forests,Eastern Himalayan broadleaf forests
2008,93.96205428925947,27.591692685103506,1,61191.0,15.0,53982.0,Temperate Broadleaf & Mixed Forests,Eastern Himalayan broadleaf forests
2008,93.93218097863442,28.382769175519826,1,61191.0,15.0,53982.0,Temperate Broadleaf & Mixed Forests,Eastern Himalayan broadleaf forests
2008,92.57170069043069,27.743291546641373,1,61191.0,15.0,53982.0,Temperate Broadleaf & Mixed Forests,Eastern Himalayan broadleaf forests
2008,93.4367649360061,27.903958810128525,1,61191.0,15.0,53982.0,Temperate Broadleaf & Mixed Forests,Eastern Himalayan broadleaf forests
2008,97.0187583916746,27.946993427058622,1,61191.0,15.0,53982.0,Temperate Broadleaf & Mixed Forests,Eastern Himalayan broadleaf forests
2008,93.04514839368574,27.20998006501237,1,61191.0,15.0,53982.0,Temperate Broadleaf & Mixed Forests,Eastern Himalayan broadleaf forests
2008,93.70789823220962,28.323729614441422,1,61191.0,15.0,53982.0,Temperate Broadleaf & Mixed Forests,Eastern Himalayan broadleaf forests
2008,93.14977694873765,28.054279267342523,1,61191.0,15.0,53982.0,Temperate Broadleaf & Mixed Forests,Eastern Himalayan broadleaf forests
2008,94.31566505613293,28.850858151546976,1,61191.0,15.0,53982.0,Temperate Broadleaf & Mixed Forests,Eastern Himalayan broadleaf forests
2008,93.29830090297814,27.159104255282053,1,61191.0,15.0,53982.0,Temperate Broadleaf & Mixed Forests,Eastern Himalayan broadleaf forests
2008,94.95842702054588,28.321832449130813,1,61191.0,15.0,53982.0,Temperate Broadleaf & Mixed Forests,Eastern Himalayan broadleaf forests
2008,93.95472617487562,27.702797563657523,1,61191.0,15.0,53982.0,Temperate Broadleaf & Mixed Forests,Eastern Himalayan broadleaf forests
2008,94.87261499774061,29.061847124372463,1,61191.0,15.0,53982.0,Temperate Broadleaf & Mixed Forests,Eastern Himalayan broadleaf forests
2008,95.03843690676024,27.90054932615381,1,61191.0,15.0,53982.0,Temperate Broadleaf & Mixed Forests,Eastern Himalayan broadleaf forests
2008,96.17052535556141,28.331195396445978,1,61191.0,15.0,53982.0,Temperate Broadleaf & Mixed Forests,Eastern Himalayan broadleaf forests
2008,94.187111932993,28.863057589669957,1,61191.0,15.0,53982.0,Temperate Broadleaf & Mixed Forests,Eastern Himalayan broadleaf forests
2008,93.62681976244032,27.686601031527196,1,61191.0,15.0,53982.0,Temperate Broadleaf & Mixed Forests,Eastern Himalayan broadleaf forests
2008,94.56853796209604,28.967204610019873,1,61191.0,15.0,53982.0,Temperate Broadleaf & Mixed Forests,Eastern Himalayan broadleaf forests
2008,93.93974747115101,27.97537918038277,1,61191.0,15.0,53982.0,Temperate Broadleaf & Mixed Forests,Eastern Himalayan broadleaf forests
2008,92.67126269989238,27.69775758684529,1,61191.0,15.0,53982.0,Temperate Broadleaf & Mixed Forests,Eastern Himalayan broadleaf forests
2008,91.93353708619058,27.5637355941695,1,61191.0,15.0,53982.0,Temperate Broadleaf & Mixed Forests,Eastern Himalayan broadleaf forests
2008,92.13170832848263,27.154134466625376,1,61191.0,15.0,53982.0,Temperate Broadleaf & Mixed Forests,Eastern Himalayan broadleaf forests
2008,91.76087060630293,27.70648037748927,1,61191.0,15.0,53982.0,Temperate Broadleaf & Mixed Forests,Eastern Himalayan broadleaf forests
2008,94.66830319809758,28.8249803050924,1,61191.0,15.0,53982.0,Temperate Broadleaf & Mixed Forests,Eastern Himalayan broadleaf forests
2008,92.56801420892607,25.895806761758987,1,19346.0,449.0,12945.0,Tropical & Subtropical Moist Broadleaf Forests,Meghalaya subtropical forests
2008,95.68475600484966,27.41955757888906,1,19346.0,449.0,12945.0,Tropical & Subtropical Moist Broadleaf Forests,Meghalaya subtropical forests
2008,93.34990100464236,25.76502918134073,1,19346.0,449.0,12945.0,Tropical & Subtropical Moist Broadleaf Forests,Meghalaya subtropical forests
2008,95.73235395671772,27.48469485774508,1,19346.0,449.0,12945.0,Tropical & Subtropical Moist Broadleaf Forests,Meghalaya subtropical forests
2008,92.04593623395706,26.085713990798403,1,19346.0,449.0,12945.0,Tropical & Subtropical Moist Broadleaf Forests,Meghalaya subtropical forests
2008,93.34223380292333,25.876842754850383,1,19346.0,449.0,12945.0,Tropical & Subtropical Moist Broadleaf Forests,Meghalaya subtropical forests
2008,92.80271634291549,25.3390401482395,1,19346.0,449.0,12945.0,Tropical & Subtropical Moist Broadleaf Forests,Meghalaya subtropical forests
2008,92.84459941302691,26.998241635766142,1,19346.0,449.0,12945.0,Tropical & Subtropical Moist Broadleaf Forests,Meghalaya subtropical forests
2008,95.71088429878083,28.02276701459967,1,13083.0,72.0,10829.0,Temperate Broadleaf & Mixed Forests,Eastern Himalayan broadleaf forests
2008,95.52326610661515,26.827998358980707,1,13083.0,72.0,10829.0,Temperate Broadleaf & Mixed Forests,Eastern Himalayan broadleaf forests
2008,95.82621160585984,28.128710538878654,1,13083.0,72.0,10829.0,Temperate Broadleaf & Mixed Forests,Eastern Himalayan broadleaf forests
2008,95.69804540028214,26.905760617117963,1,13083.0,72.0,10829.0,Temperate Broadleaf & Mixed Forests,Eastern Himalayan broadleaf forests
2008,96.83735142113551,27.81601718176934,1,13083.0,72.0,10829.0,Temperate Broadleaf & Mixed Forests,Eastern Himalayan broadleaf forests
2008,94.50711508586163,25.70631091730452,1,15598.0,0.0,11619.0,Tropical & Subtropical Moist Broadleaf Forests,Mizoram-Manipur-Kachin rain forests
2008,94.5540372662193,25.68606904636029,1,15598.0,0.0,11619.0,Tropical & Subtropical Moist Broadleaf Forests,Mizoram-Manipur-Kachin rain forests
2008,94.98347142720696,26.583454661203042,1,15598.0,0.0,11619.0,Tropical & Subtropical Moist Broadleaf Forests,Mizoram-Manipur-Kachin rain forests
2008,94.79419829199676,25.778482869816813,1,15598.0,0.0,11619.0,Tropical & Subtropical Moist Broadleaf Forests,Mizoram-Manipur-Kachin rain forests
2008,94.93036621061975,26.29941732429799,1,15598.0,0.0,11619.0,Tropical & Subtropical Moist Broadleaf Forests,Mizoram-Manipur-Kachin rain forests
2008,94.06827136175224,26.069352538124786,1,15598.0,0.0,11619.0,Tropical & Subtropical Moist Broadleaf Forests,Mizoram-Manipur-Kachin rain forests
2008,93.31600863049445,25.076567092521614,1,44.0,0.0,36.0,Tropical & Subtropical Moist Broadleaf Forests,Mizoram-Manipur-Kachin rain forests
2008,92.7033180150443,25.378904448817284,1,171.0,0.0,146.0,Tropical & Subtropical Moist Broadleaf Forests,Meghalaya subtropical forests
2008,74.14577703390665,15.18147591121054,1,1546.0,0.0,1127.0,Tropical & Subtropical Moist Broadleaf Forests,North Western Ghats moist deciduous forests
2008,77.54617031106486,12.274417164739953,1,6983.0,0.0,4661.0,Tropical & Subtropical Dry Broadleaf Forests,South Deccan Plateau dry deciduous forests
2008,77.87464489766649,12.045503294127233,1,6983.0,0.0,4661.0,Tropical & Subtropical Dry Broadleaf Forests,South Deccan Plateau dry deciduous forests
2008,76.76793844485795,11.597185509266861,1,6983.0,0.0,4661.0,Tropical & Subtropical Dry Broadleaf Forests,South Deccan Plateau dry deciduous forests
2008,74.04263448974437,15.837192464275457,1,2905.0,0.0,1457.0,Tropical & Subtropical Moist Broadleaf Forests,North Western Ghats montane rain forests
2008,75.91792698664618,11.934879011279264,1,4214.0,0.0,2918.0,Tropical & Subtropical Moist Broadleaf Forests,South Western Ghats montane rain forests
2008,76.11722456739747,11.381612773121395,1,4214.0,0.0,2918.0,Tropical & Subtropical Moist Broadleaf Forests,South Western Ghats montane rain forests
2008,74.66359599982066,14.492252298152973,1,30170.0,0.0,21275.0,Tropical & Subtropical Moist Broadleaf Forests,North Western Ghats montane rain forests
2008,77.56187671319664,12.387549197554264,1,30170.0,0.0,21275.0,Tropical & Subtropical Moist Broadleaf Forests,North Western Ghats montane rain forests
2008,75.39332148058674,13.920766281996416,1,30170.0,0.0,21275.0,Tropical & Subtropical Moist Broadleaf Forests,North Western Ghats montane rain forests
2008,74.86536926606655,14.373024515024758,1,30170.0,0.0,21275.0,Tropical & Subtropical Moist Broadleaf Forests,North Western Ghats montane rain forests
2008,77.27178902006989,11.977635700341295,1,30170.0,0.0,21275.0,Tropical & Subtropical Moist Broadleaf Forests,North Western Ghats montane rain forests
2008,75.35919872805172,12.489817365360214,1,30170.0,0.0,21275.0,Tropical & Subtropical Moist Broadleaf Forests,North Western Ghats montane rain forests
2008,75.85468092107158,12.250340830903944,1,30170.0,0.0,21275.0,Tropical & Subtropical Moist Broadleaf Forests,North Western Ghats montane rain forests
2008,75.71720025250622,12.554052515361734,1,30170.0,0.0,21275.0,Tropical & Subtropical Moist Broadleaf Forests,North Western Ghats montane rain forests
2008,77.62250296302399,12.124407277432246,1,30170.0,0.0,21275.0,Tropical & Subtropical Moist Broadleaf Forests,North Western Ghats montane rain forests
2008,74.43813828865531,14.585394707282134,1,30170.0,0.0,21275.0,Tropical & Subtropical Moist Broadleaf Forests,North Western Ghats montane rain forests
2008,74.35282013290598,15.264361223414143,1,30170.0,0.0,21275.0,Tropical & Subtropical Moist Broadleaf Forests,North Western Ghats montane rain forests
2008,75.70822347631812,22.33583595629757,1,785.0,0.0,420.0,Tropical & Subtropical Dry Broadleaf Forests,Narmada Valley dry deciduous forests
2008,77.21585341779529,22.97005206870926,1,5150.0,0.0,2450.0,Tropical & Subtropical Dry Broadleaf Forests,Narmada Valley dry deciduous forests
2008,75.97697104419579,22.497076318345155,1,5150.0,0.0,2450.0,Tropical & Subtropical Dry Broadleaf Forests,Narmada Valley dry deciduous forests
2008,76.09054033949457,27.064145143246645,1,2400.0,0.0,1343.0,Tropical & Subtropical Dry Broadleaf Forests,Khathiar-Gir dry deciduous forests
2008,76.63526230573997,26.074535878557263,1,493.0,0.0,264.0,Tropical & Subtropical Dry Broadleaf Forests,Khathiar-Gir dry deciduous forests
2008,77.02839229633028,10.30280604265127,1,6185.0,0.0,3773.0,Tropical & Subtropical Moist Broadleaf Forests,South Western Ghats moist deciduous forests
2008,77.35265941632699,8.377505772463557,1,6185.0,0.0,3773.0,Tropical & Subtropical Moist Broadleaf Forests,South Western Ghats moist deciduous forests
2008,77.1467333465461,9.796723871206877,1,8224.0,0.0,5881.0,Tropical & Subtropical Moist Broadleaf Forests,South Western Ghats montane rain forests
2008,76.4313704244569,10.512686243591943,1,8224.0,0.0,5881.0,Tropical & Subtropical Moist Broadleaf Forests,South Western Ghats montane rain forests
2008,76.95831456741328,9.439109929929641,1,8224.0,0.0,5881.0,Tropical & Subtropical Moist Broadleaf Forests,South Western Ghats montane rain forests
2008,76.71947524820608,20.3356405612998,1,566.0,0.0,271.0,Tropical & Subtropical Dry Broadleaf Forests,Central Deccan Plateau dry deciduous forests
2008,78.01760619314295,30.071143075908687,1,766.0,0.0,451.0,Tropical & Subtropical Moist Broadleaf Forests,Upper Gangetic Plains moist deciduous forests
2008,77.26277586029288,25.233976372251128,1,368.0,0.0,151.0,Tropical & Subtropical Dry Broadleaf Forests,Khathiar-Gir dry deciduous forests
2008,77.1416144832545,25.059728413131968,1,8618.0,0.0,4367.0,Tropical & Subtropical Dry Broadleaf Forests,Khathiar-Gir dry deciduous forests
2008,77.75709631406141,25.691744449288695,1,8618.0,0.0,4367.0,Tropical & Subtropical Dry Broadleaf Forests,Khathiar-Gir dry deciduous forests
2008,77.94868199597765,25.32544159015942,1,8618.0,0.0,4367.0,Tropical & Subtropical Dry Broadleaf Forests,Khathiar-Gir dry deciduous forests
2008,78.68048660875516,19.598827384061828,1,6501.0,0.0,3935.0,Tropical & Subtropical Moist Broadleaf Forests,East Deccan moist deciduous forests
2008,78.67564010934345,19.150954442013305,1,6501.0,0.0,3935.0,Tropical & Subtropical Moist Broadleaf Forests,East Deccan moist deciduous forests
2008,79.20674833385905,19.059975347826576,1,6501.0,0.0,3935.0,Tropical & Subtropical Moist Broadleaf Forests,East Deccan moist deciduous forests
2008,84.24959630060476,27.400238248242847,1,931.0,14.0,687.0,Tropical & Subtropical Moist Broadleaf Forests,Himalayan subtropical broadleaf forests
2008,78.01003731846647,30.626891837110016,1,20430.0,0.0,13459.0,Tropical & Subtropical Coniferous Forests,Himalayan subtropical pine forests
2008,79.65253444319323,29.58504544266769,1,20430.0,0.0,13459.0,Tropical & Subtropical Coniferous Forests,Himalayan subtropical pine forests
2008,79.46841723960341,29.871646998288455,1,20430.0,0.0,13459.0,Tropical & Subtropical Coniferous Forests,Himalayan subtropical pine forests
2008,78.81474023916701,29.97148470345143,1,20430.0,0.0,13459.0,Tropical & Subtropical Coniferous Forests,Himalayan subtropical pine forests
2008,79.63281905585697,29.367469065711415,1,20430.0,0.0,13459.0,Tropical & Subtropical Coniferous Forests,Himalayan subtropical pine forests
2008,78.59914688140695,30.576125917412842,1,20430.0,0.0,13459.0,Tropical & Subtropical Coniferous Forests,Himalayan subtropical pine forests
2008,79.80422825461369,29.857638770385318,1,20430.0,0.0,13459.0,Tropical & Subtropical Coniferous Forests,Himalayan subtropical pine forests
2008,78.44390623416228,29.98677824466878,1,20430.0,0.0,13459.0,Tropical & Subtropical Coniferous Forests,Himalayan subtropical pine forests
2008,78.28718942077994,30.54456407254705,1,20430.0,0.0,13459.0,Tropical & Subtropical Coniferous Forests,Himalayan subtropical pine forests
2008,82.08183945072452,27.86038839516113,1,1638.0,0.0,924.0,Tropical & Subtropical Moist Broadleaf Forests,Himalayan subtropical broadleaf forests
2008,78.73615271666561,23.307908517577335,1,801.0,0.0,338.0,Tropical & Subtropical Dry Broadleaf Forests,Narmada Valley dry deciduous forests
2008,78.70494934515054,15.862174194301048,1,7992.0,0.0,5798.0,Tropical & Subtropical Dry Broadleaf Forests,Central Deccan Plateau dry deciduous forests
2008,78.66826214628419,15.669860799576501,1,7992.0,0.0,5798.0,Tropical & Subtropical Dry Broadleaf Forests,Central Deccan Plateau dry deciduous forests
2008,79.1758550380416,16.119967013416105,1,7992.0,0.0,5798.0,Tropical & Subtropical Dry Broadleaf Forests,Central Deccan Plateau dry deciduous forests
2008,78.49839641515845,16.16424923198553,1,1731.0,0.0,1320.0,Tropical & Subtropical Dry Broadleaf Forests,Central Deccan Plateau dry deciduous forests
2008,77.82154848971982,22.565213441654887,1,10482.0,0.0,6309.0,Tropical & Subtropical Moist Broadleaf Forests,East Deccan moist deciduous forests
2008,78.9276901150374,22.704149116808505,1,10482.0,0.0,6309.0,Tropical & Subtropical Moist Broadleaf Forests,East Deccan moist deciduous forests
2008,78.22172217568856,22.417745140846534,1,10482.0,0.0,6309.0,Tropical & Subtropical Moist Broadleaf Forests,East Deccan moist deciduous forests
2008,76.97402310708256,21.79406009380411,1,10482.0,0.0,6309.0,Tropical & Subtropical Moist Broadleaf Forests,East Deccan moist deciduous forests
2008,77.5136871693857,21.373887865918952,1,4013.0,0.0,2662.0,Tropical & Subtropical Dry Broadleaf Forests,Narmada Valley dry deciduous forests
2008,76.9641822731092,21.222917009525066,1,4013.0,0.0,2662.0,Tropical & Subtropical Dry Broadleaf Forests,Narmada Valley dry deciduous forests
2008,79.54217105938456,19.548078870452528,1,0.0,0.0,0.0,Tropical & Subtropical Moist Broadleaf Forests,East Deccan moist deciduous forests
2008,79.38133731868344,19.957301021398283,1,2896.0,0.0,1919.0,Tropical & Subtropical Dry Broadleaf Forests,Central Deccan Plateau dry deciduous forests
2008,79.2465920582233,13.821849684158732,1,8118.0,0.0,5330.0,Deserts & Xeric Shrublands,Deccan thorn scrub forests
2008,79.15027653251356,14.003680763568184,1,8118.0,0.0,5330.0,Deserts & Xeric Shrublands,Deccan thorn scrub forests
2008,78.38319323009661,14.2824025003097,1,8118.0,0.0,5330.0,Deserts & Xeric Shrublands,Deccan thorn scrub forests
2008,79.3720515698714,23.365544929625436,1,1617.0,0.0,683.0,Tropical & Subtropical Dry Broadleaf Forests,Narmada Valley dry deciduous forests
2008,79.56820502166426,20.497646137483564,1,1284.0,0.0,665.0,Tropical & Subtropical Dry Broadleaf Forests,Central Deccan Plateau dry deciduous forests
2008,79.99608985716314,28.729608603167406,1,5.0,0.0,1.0,Tropical & Subtropical Moist Broadleaf Forests,Upper Gangetic Plains moist deciduous forests
2008,80.25376443780094,28.574743387100405,1,961.0,0.0,427.0,Tropical & Subtropical Moist Broadleaf Forests,Upper Gangetic Plains moist deciduous forests
2008,80.39813466537358,23.313011640616015,1,1743.0,0.0,914.0,Tropical & Subtropical Dry Broadleaf Forests,Narmada Valley dry deciduous forests
2008,81.22875298396482,25.162484594177066,1,865.0,0.0,488.0,Tropical & Subtropical Moist Broadleaf Forests,Upper Gangetic Plains moist deciduous forests
2008,80.65217890453225,24.872492732517358,1,7186.0,0.0,3944.0,Tropical & Subtropical Dry Broadleaf Forests,Narmada Valley dry deciduous forests
2008,81.22946858672825,24.924855822001785,1,7186.0,0.0,3944.0,Tropical & Subtropical Dry Broadleaf Forests,Narmada Valley dry deciduous forests
2008,80.50730893824526,24.96690111341647,1,7186.0,0.0,3944.0,Tropical & Subtropical Dry Broadleaf Forests,Narmada Valley dry deciduous forests
2008,82.02958984058591,22.62898224813305,1,45946.0,0.0,31761.0,Tropical & Subtropical Moist Broadleaf Forests,East Deccan moist deciduous forests
2008,82.25477976111692,20.234760072935963,1,45946.0,0.0,31761.0,Tropical & Subtropical Moist Broadleaf Forests,East Deccan moist deciduous forests
2008,81.05708329984711,18.215724756918323,1,45946.0,0.0,31761.0,Tropical & Subtropical Moist Broadleaf Forests,East Deccan moist deciduous forests
2008,81.1992778893713,18.534940187767564,1,45946.0,0.0,31761.0,Tropical & Subtropical Moist Broadleaf Forests,East Deccan moist deciduous forests
2008,82.16301971550486,20.599364724688314,1,45946.0,0.0,31761.0,Tropical & Subtropical Moist Broadleaf Forests,East Deccan moist deciduous forests
2008,81.1303888722129,18.93840835838139,1,45946.0,0.0,31761.0,Tropical & Subtropical Moist Broadleaf Forests,East Deccan moist deciduous forests
2008,80.99485111560786,19.444309771980883,1,45946.0,0.0,31761.0,Tropical & Subtropical Moist Broadleaf Forests,East Deccan moist deciduous forests
2008,80.79998715091112,19.774025967827942,1,45946.0,0.0,31761.0,Tropical & Subtropical Moist Broadleaf Forests,East Deccan moist deciduous forests
2008,81.8959277772751,20.50853385385337,1,45946.0,0.0,31761.0,Tropical & Subtropical Moist Broadleaf Forests,East Deccan moist deciduous forests
2008,80.40302087216476,18.9527455578287,1,45946.0,0.0,31761.0,Tropical & Subtropical Moist Broadleaf Forests,East Deccan moist deciduous forests
2008,81.97570557441037,20.70992187368229,1,45946.0,0.0,31761.0,Tropical & Subtropical Moist Broadleaf Forests,East Deccan moist deciduous forests
2008,81.11776158195339,22.264106363760394,1,45946.0,0.0,31761.0,Tropical & Subtropical Moist Broadleaf Forests,East Deccan moist deciduous forests
2008,82.8413288036114,22.440141673691762,1,45946.0,0.0,31761.0,Tropical & Subtropical Moist Broadleaf Forests,East Deccan moist deciduous forests
2008,80.38149522079104,19.03598444180912,1,45946.0,0.0,31761.0,Tropical & Subtropical Moist Broadleaf Forests,East Deccan moist deciduous forests
2008,83.05338738961872,22.771763749524744,1,45946.0,0.0,31761.0,Tropical & Subtropical Moist Broadleaf Forests,East Deccan moist deciduous forests
2008,81.9285453842362,22.379687058636748,1,45946.0,0.0,31761.0,Tropical & Subtropical Moist Broadleaf Forests,East Deccan moist deciduous forests
2008,80.77062749608922,19.576767086072934,1,45946.0,0.0,31761.0,Tropical & Subtropical Moist Broadleaf Forests,East Deccan moist deciduous forests
2008,82.63784959870716,22.789594067165428,1,45946.0,0.0,31761.0,Tropical & Subtropical Moist Broadleaf Forests,East Deccan moist deciduous forests
2008,79.77975984334704,18.47307176076938,1,11626.0,0.0,7345.0,Tropical & Subtropical Moist Broadleaf Forests,East Deccan moist deciduous forests
2008,80.0628388929908,18.35701156190973,1,11626.0,0.0,7345.0,Tropical & Subtropical Moist Broadleaf Forests,East Deccan moist deciduous forests
2008,80.60205236634083,17.822117669239468,1,11626.0,0.0,7345.0,Tropical & Subtropical Moist Broadleaf Forests,East Deccan moist deciduous forests
2008,80.47009595841044,17.609572496378398,1,11626.0,0.0,7345.0,Tropical & Subtropical Moist Broadleaf Forests,East Deccan moist deciduous forests
2008,83.875254773912,21.849911108286726,1,4014.0,0.0,2350.0,Tropical & Subtropical Dry Broadleaf Forests,North Deccan dry deciduous forests
2008,82.35441328181574,19.80333430359129,1,4014.0,0.0,2350.0,Tropical & Subtropical Dry Broadleaf Forests,North Deccan dry deciduous forests
2008,81.36215411981718,22.636038185545896,1,12539.0,0.0,8219.0,Tropical & Subtropical Moist Broadleaf Forests,East Deccan moist deciduous forests
2008,80.23083644367807,22.369094433681745,1,12539.0,0.0,8219.0,Tropical & Subtropical Moist Broadleaf Forests,East Deccan moist deciduous forests
2008,80.66031221024474,21.461583032895245,1,12539.0,0.0,8219.0,Tropical & Subtropical Moist Broadleaf Forests,East Deccan moist deciduous forests
2008,81.29950948006392,22.76651971845915,1,12539.0,0.0,8219.0,Tropical & Subtropical Moist Broadleaf Forests,East Deccan moist deciduous forests
2008,80.40120799135975,22.07528352000067,1,12539.0,0.0,8219.0,Tropical & Subtropical Moist Broadleaf Forests,East Deccan moist deciduous forests
2008,80.1592358794076,19.114194333305093,1,16363.0,0.0,11814.0,Tropical & Subtropical Dry Broadleaf Forests,Central Deccan Plateau dry deciduous forests
2008,80.63467809085547,19.64126522852161,1,16363.0,0.0,11814.0,Tropical & Subtropical Dry Broadleaf Forests,Central Deccan Plateau dry deciduous forests
2008,80.01625543257062,20.039604555392906,1,16363.0,0.0,11814.0,Tropical & Subtropical Dry Broadleaf Forests,Central Deccan Plateau dry deciduous forests
2008,80.45127016188951,19.831707070558487,1,16363.0,0.0,11814.0,Tropical & Subtropical Dry Broadleaf Forests,Central Deccan Plateau dry deciduous forests
2008,80.5227582107288,20.004661773094284,1,16363.0,0.0,11814.0,Tropical & Subtropical Dry Broadleaf Forests,Central Deccan Plateau dry deciduous forests
2008,80.29010400919162,20.509747859154682,1,16363.0,0.0,11814.0,Tropical & Subtropical Dry Broadleaf Forests,Central Deccan Plateau dry deciduous forests
2008,82.04862461783722,18.929251517889092,1,1284.0,0.0,878.0,Tropical & Subtropical Dry Broadleaf Forests,North Deccan dry deciduous forests
2008,81.76405796372147,17.39810971343152,1,9387.0,0.0,5982.0,Tropical & Subtropical Moist Broadleaf Forests,East Deccan moist deciduous forests
2008,82.08082964457768,17.530075800122322,1,9387.0,0.0,5982.0,Tropical & Subtropical Moist Broadleaf Forests,East Deccan moist deciduous forests
2008,82.30216629126099,17.833338753398895,1,9387.0,0.0,5982.0,Tropical & Subtropical Moist Broadleaf Forests,East Deccan moist deciduous forests
2008,82.08345820538337,17.631977120835106,1,9387.0,0.0,5982.0,Tropical & Subtropical Moist Broadleaf Forests,East Deccan moist deciduous forests
2008,81.07204690695022,17.483927548399713,1,2950.0,0.0,1972.0,Tropical & Subtropical Moist Broadleaf Forests,East Deccan moist deciduous forests
2008,81.91925973637913,18.023989456044816,1,2959.0,0.0,1537.0,Tropical & Subtropical Dry Broadleaf Forests,North Deccan dry deciduous forests
2008,82.29816686199625,21.379685523581674,1,1387.0,0.0,797.0,Tropical & Subtropical Moist Broadleaf Forests,East Deccan moist deciduous forests
2008,84.01103793646523,23.231259993073984,1,14424.0,0.0,9793.0,Tropical & Subtropical Dry Broadleaf Forests,Chhota-Nagpur dry deciduous forests
2008,82.85732691593107,23.532220325298873,1,14424.0,0.0,9793.0,Tropical & Subtropical Dry Broadleaf Forests,Chhota-Nagpur dry deciduous forests
2008,83.04923543222176,23.57073164031241,1,14424.0,0.0,9793.0,Tropical & Subtropical Dry Broadleaf Forests,Chhota-Nagpur dry deciduous forests
2008,82.41940548086119,23.689329144748758,1,14424.0,0.0,9793.0,Tropical & Subtropical Dry Broadleaf Forests,Chhota-Nagpur dry deciduous forests
2008,83.7413476966679,22.981481363886537,1,14424.0,0.0,9793.0,Tropical & Subtropical Dry Broadleaf Forests,Chhota-Nagpur dry deciduous forests
2008,83.28400135699499,23.888560464601497,1,14424.0,0.0,9793.0,Tropical & Subtropical Dry Broadleaf Forests,Chhota-Nagpur dry deciduous forests
2008,83.74241420053181,24.6196437141397,1,1670.0,0.0,715.0,Tropical & Subtropical Moist Broadleaf Forests,Lower Gangetic Plains moist deciduous forests
2008,83.10477882070536,24.014875228804364,1,3640.0,0.0,2015.0,Tropical & Subtropical Dry Broadleaf Forests,Chhota-Nagpur dry deciduous forests
2008,81.20116745790224,23.558722499742906,1,9877.0,0.0,5506.0,Tropical & Subtropical Dry Broadleaf Forests,Narmada Valley dry deciduous forests
2008,80.88881975878134,23.740835459263895,1,9877.0,0.0,5506.0,Tropical & Subtropical Dry Broadleaf Forests,Narmada Valley dry deciduous forests
2008,81.14623920798196,23.116906345315943,1,9877.0,0.0,5506.0,Tropical & Subtropical Dry Broadleaf Forests,Narmada Valley dry deciduous forests
2008,81.31099494270015,23.12838770244546,1,9877.0,0.0,5506.0,Tropical & Subtropical Dry Broadleaf Forests,Narmada Valley dry deciduous forests
2008,85.20413902639581,23.560312917559695,1,16496.0,0.0,9751.0,Tropical & Subtropical Dry Broadleaf Forests,Chhota-Nagpur dry deciduous forests
2008,84.52896886602446,23.424061295563682,1,16496.0,0.0,9751.0,Tropical & Subtropical Dry Broadleaf Forests,Chhota-Nagpur dry deciduous forests
2008,84.30393323996852,23.380487262354855,1,16496.0,0.0,9751.0,Tropical & Subtropical Dry Broadleaf Forests,Chhota-Nagpur dry deciduous forests
2008,84.1101238087196,23.228338523377598,1,16496.0,0.0,9751.0,Tropical & Subtropical Dry Broadleaf Forests,Chhota-Nagpur dry deciduous forests
2008,84.59728758195105,23.881903975203606,1,16496.0,0.0,9751.0,Tropical & Subtropical Dry Broadleaf Forests,Chhota-Nagpur dry deciduous forests
2008,84.13982817579236,23.76569505986169,1,16496.0,0.0,9751.0,Tropical & Subtropical Dry Broadleaf Forests,Chhota-Nagpur dry deciduous forests
2008,85.1456530191471,23.790254909569033,1,16496.0,0.0,9751.0,Tropical & Subtropical Dry Broadleaf Forests,Chhota-Nagpur dry deciduous forests
2008,83.41613650915684,18.88946048865238,1,1922.0,0.0,1097.0,Tropical & Subtropical Moist Broadleaf Forests,East Deccan moist deciduous forests
2008,83.28549632725422,19.60845079501357,1,27898.0,0.0,17788.0,Tropical & Subtropical Moist Broadleaf Forests,East Deccan moist deciduous forests
2008,84.84324095981209,20.489690198721746,1,27898.0,0.0,17788.0,Tropical & Subtropical Moist Broadleaf Forests,East Deccan moist deciduous forests
2008,84.04356220328137,20.0059462331917,1,27898.0,0.0,17788.0,Tropical & Subtropical Moist Broadleaf Forests,East Deccan moist deciduous forests
2008,84.3383142188986,18.926693611207355,1,27898.0,0.0,17788.0,Tropical & Subtropical Moist Broadleaf Forests,East Deccan moist deciduous forests
2008,83.18930605290237,18.87370897960847,1,27898.0,0.0,17788.0,Tropical & Subtropical Moist Broadleaf Forests,East Deccan moist deciduous forests
2008,83.66251746672374,20.281002060295144,1,27898.0,0.0,17788.0,Tropical & Subtropical Moist Broadleaf Forests,East Deccan moist deciduous forests
2008,83.90342341939919,20.2779941135371,1,27898.0,0.0,17788.0,Tropical & Subtropical Moist Broadleaf Forests,East Deccan moist deciduous forests
2008,84.29897212535741,19.331566240750846,1,27898.0,0.0,17788.0,Tropical & Subtropical Moist Broadleaf Forests,East Deccan moist deciduous forests
2008,83.47533451601602,19.173409296303475,1,27898.0,0.0,17788.0,Tropical & Subtropical Moist Broadleaf Forests,East Deccan moist deciduous forests
2008,83.98683138964121,19.503618174075722,1,27898.0,0.0,17788.0,Tropical & Subtropical Moist Broadleaf Forests,East Deccan moist deciduous forests
2008,84.02987557326053,19.601573614355324,1,27898.0,0.0,17788.0,Tropical & Subtropical Moist Broadleaf Forests,East Deccan moist deciduous forests
2008,85.99550821579994,21.246724124359396,1,18836.0,0.0,11444.0,Tropical & Subtropical Moist Broadleaf Forests,East Deccan moist deciduous forests
2008,84.74560928042035,21.608905526897768,1,18836.0,0.0,11444.0,Tropical & Subtropical Moist Broadleaf Forests,East Deccan moist deciduous forests
2008,86.13174003799563,22.073142083117755,1,18836.0,0.0,11444.0,Tropical & Subtropical Moist Broadleaf Forests,East Deccan moist deciduous forests
2008,86.43094934485354,21.844298859258082,1,18836.0,0.0,11444.0,Tropical & Subtropical Moist Broadleaf Forests,East Deccan moist deciduous forests
2008,83.96730010355326,21.21689738278015,1,18836.0,0.0,11444.0,Tropical & Subtropical Moist Broadleaf Forests,East Deccan moist deciduous forests
2008,86.28725645417357,21.846519122235502,1,18836.0,0.0,11444.0,Tropical & Subtropical Moist Broadleaf Forests,East Deccan moist deciduous forests
2008,84.64959759081646,21.609997063961252,1,18836.0,0.0,11444.0,Tropical & Subtropical Moist Broadleaf Forests,East Deccan moist deciduous forests
2008,85.68501696076754,22.54756636627362,1,7921.0,0.0,4957.0,Tropical & Subtropical Moist Broadleaf Forests,East Deccan moist deciduous forests
2008,85.12776769091212,22.567711489776975,1,7921.0,0.0,4957.0,Tropical & Subtropical Moist Broadleaf Forests,East Deccan moist deciduous forests
2008,85.3889354579181,22.727422816952192,1,7921.0,0.0,4957.0,Tropical & Subtropical Moist Broadleaf Forests,East Deccan moist deciduous forests
2008,88.90256960426431,21.848707022931602,1,1451.0,716.0,1334.0,Mangroves,Sundarbans mangroves
2009,92.96508431810271,24.48007592546118,1,791.0,0.0,593.0,Tropical & Subtropical Moist Broadleaf Forests,Mizoram-Manipur-Kachin rain forests
2009,91.79350594486404,23.199299308304298,1,57.0,0.0,16.0,Tropical & Subtropical Moist Broadleaf Forests,Mizoram-Manipur-Kachin rain forests
2009,92.68221554989704,23.36679006412362,1,20332.0,0.0,15645.0,Tropical & Subtropical Moist Broadleaf Forests,Mizoram-Manipur-Kachin rain forests
2009,93.08403020870901,22.834102897917102,1,20332.0,0.0,15645.0,Tropical & Subtropical Moist Broadleaf Forests,Mizoram-Manipur-Kachin rain forests
2009,92.52525789999768,23.427414384355135,1,20332.0,0.0,15645.0,Tropical & Subtropical Moist Broadleaf Forests,Mizoram-Manipur-Kachin rain forests
2009,92.96944233993142,22.716775234164412,1,20332.0,0.0,15645.0,Tropical & Subtropical Moist Broadleaf Forests,Mizoram-Manipur-Kachin rain forests
2009,92.7437386989287,23.1232502834382,1,20332.0,0.0,15645.0,Tropical & Subtropical Moist Broadleaf Forests,Mizoram-Manipur-Kachin rain forests
2009,92.77144813941308,22.14248390640436,1,20332.0,0.0,15645.0,Tropical & Subtropical Moist Broadleaf Forests,Mizoram-Manipur-Kachin rain forests
2009,93.26220116535907,23.053704218917694,1,20332.0,0.0,15645.0,Tropical & Subtropical Moist Broadleaf Forests,Mizoram-Manipur-Kachin rain forests
2009,92.39039228376531,24.13211766742325,1,20332.0,0.0,15645.0,Tropical & Subtropical Moist Broadleaf Forests,Mizoram-Manipur-Kachin rain forests
2009,93.08172215445347,24.60295180846018,1,32.0,0.0,21.0,Tropical & Subtropical Moist Broadleaf Forests,Mizoram-Manipur-Kachin rain forests
2009,95.25779249475393,27.586420607812187,1,311.0,0.0,149.0,Tropical & Subtropical Moist Broadleaf Forests,Brahmaputra Valley semi-evergreen forests
2009,93.88410662020365,28.592944123962447,1,61185.0,15.0,53973.0,Temperate Broadleaf & Mixed Forests,Eastern Himalayan broadleaf forests
2009,93.65975911349938,28.00803106553474,1,61185.0,15.0,53973.0,Temperate Broadleaf & Mixed Forests,Eastern Himalayan broadleaf forests
2009,93.32029833900593,27.31212317778157,1,61185.0,15.0,53973.0,Temperate Broadleaf & Mixed Forests,Eastern Himalayan broadleaf forests
2009,95.18648240252438,27.95674081712557,1,61185.0,15.0,53973.0,Temperate Broadleaf & Mixed Forests,Eastern Himalayan broadleaf forests
2009,94.37965624185077,28.69842034816113,1,61185.0,15.0,53973.0,Temperate Broadleaf & Mixed Forests,Eastern Himalayan broadleaf forests
2009,92.81449584086226,27.84053247369756,1,61185.0,15.0,53973.0,Temperate Broadleaf & Mixed Forests,Eastern Himalayan broadleaf forests
2009,95.78925980839274,28.419901864856048,1,61185.0,15.0,53973.0,Temperate Broadleaf & Mixed Forests,Eastern Himalayan broadleaf forests
2009,92.93594938344914,27.25911552335413,1,61185.0,15.0,53973.0,Temperate Broadleaf & Mixed Forests,Eastern Himalayan broadleaf forests
2009,92.28619466570642,27.68012085674949,1,61185.0,15.0,53973.0,Temperate Broadleaf & Mixed Forests,Eastern Himalayan broadleaf forests
2009,96.19058234990624,28.5821983363304,1,61185.0,15.0,53973.0,Temperate Broadleaf & Mixed Forests,Eastern Himalayan broadleaf forests
2009,94.37206899063507,29.046842173547184,1,61185.0,15.0,53973.0,Temperate Broadleaf & Mixed Forests,Eastern Himalayan broadleaf forests
2009,94.40474237585025,28.002158454861373,1,61185.0,15.0,53973.0,Temperate Broadleaf & Mixed Forests,Eastern Himalayan broadleaf forests
2009,95.44215385204612,28.70615897580156,1,61185.0,15.0,53973.0,Temperate Broadleaf & Mixed Forests,Eastern Himalayan broadleaf forests
2009,94.78113939633745,28.04244772963295,1,61185.0,15.0,53973.0,Temperate Broadleaf & Mixed Forests,Eastern Himalayan broadleaf forests
2009,94.6828880963436,29.168705119477792,1,61185.0,15.0,53973.0,Temperate Broadleaf & Mixed Forests,Eastern Himalayan broadleaf forests
2009,93.47334557217884,28.29862642317041,1,61185.0,15.0,53973.0,Temperate Broadleaf & Mixed Forests,Eastern Himalayan broadleaf forests
2009,97.23251209467706,28.13722148262119,1,61185.0,15.0,53973.0,Temperate Broadleaf & Mixed Forests,Eastern Himalayan broadleaf forests
2009,94.14905744166016,28.149433110016844,1,61185.0,15.0,53973.0,Temperate Broadleaf & Mixed Forests,Eastern Himalayan broadleaf forests
2009,94.46873094802888,28.33191599238927,1,61185.0,15.0,53973.0,Temperate Broadleaf & Mixed Forests,Eastern Himalayan broadleaf forests
2009,96.84034570502511,28.038713250587655,1,61185.0,15.0,53973.0,Temperate Broadleaf & Mixed Forests,Eastern Himalayan broadleaf forests
2009,92.49595478457121,27.427838367700808,1,61185.0,15.0,53973.0,Temperate Broadleaf & Mixed Forests,Eastern Himalayan broadleaf forests
2009,97.09342856462447,28.084094358776582,1,61185.0,15.0,53973.0,Temperate Broadleaf & Mixed Forests,Eastern Himalayan broadleaf forests
2009,92.00103416310891,27.745458531289,1,61185.0,15.0,53973.0,Temperate Broadleaf & Mixed Forests,Eastern Himalayan broadleaf forests
2009,91.78124835760893,27.61548657147563,1,61185.0,15.0,53973.0,Temperate Broadleaf & Mixed Forests,Eastern Himalayan broadleaf forests
2009,93.2814775593367,28.36698249538994,1,61185.0,15.0,53973.0,Temperate Broadleaf & Mixed Forests,Eastern Himalayan broadleaf forests
2009,92.5771003412856,26.06002482048257,1,22363.0,994.0,14922.0,Tropical & Subtropical Moist Broadleaf Forests,Meghalaya subtropical forests
2009,92.28646800170661,25.873690558156586,1,22363.0,994.0,14922.0,Tropical & Subtropical Moist Broadleaf Forests,Meghalaya subtropical forests
2009,92.718753445212,25.708010465677773,1,22363.0,994.0,14922.0,Tropical & Subtropical Moist Broadleaf Forests,Meghalaya subtropical forests
2009,92.05059199689369,26.231456129329192,1,22363.0,994.0,14922.0,Tropical & Subtropical Moist Broadleaf Forests,Meghalaya subtropical forests
2009,95.65680801719783,27.494772153003975,1,22363.0,994.0,14922.0,Tropical & Subtropical Moist Broadleaf Forests,Meghalaya subtropical forests
2009,92.77217299323321,25.03915331913669,1,22363.0,994.0,14922.0,Tropical & Subtropical Moist Broadleaf Forests,Meghalaya subtropical forests
2009,93.26029282234022,26.465887829040476,1,22363.0,994.0,14922.0,Tropical & Subtropical Moist Broadleaf Forests,Meghalaya subtropical forests
2009,92.98599067169154,24.963974508598515,1,22363.0,994.0,14922.0,Tropical & Subtropical Moist Broadleaf Forests,Meghalaya subtropical forests
2009,93.48744523458537,25.771154556193927,1,22363.0,994.0,14922.0,Tropical & Subtropical Moist Broadleaf Forests,Meghalaya subtropical forests
2009,96.24185122862589,27.615817756862732,1,13224.0,72.0,10857.0,Temperate Broadleaf & Mixed Forests,Eastern Himalayan broadleaf forests
2009,97.04155214975074,27.2728732738528,1,13224.0,72.0,10857.0,Temperate Broadleaf & Mixed Forests,Eastern Himalayan broadleaf forests
2009,95.42557955453161,27.929074440384376,1,13224.0,72.0,10857.0,Temperate Broadleaf & Mixed Forests,Eastern Himalayan broadleaf forests
2009,96.39150646566698,27.331278580358557,1,13224.0,72.0,10857.0,Temperate Broadleaf & Mixed Forests,Eastern Himalayan broadleaf forests
2009,95.52140846172013,28.162071743192207,1,13224.0,72.0,10857.0,Temperate Broadleaf & Mixed Forests,Eastern Himalayan broadleaf forests
2009,88.03967553318405,27.151092270057898,1,2497.0,0.0,1547.0,Temperate Broadleaf & Mixed Forests,Eastern Himalayan broadleaf forests
2009,88.75894974117423,27.170280146413784,1,15.0,0.0,14.0,Temperate Conifer Forests,Eastern Himalayan subalpine conifer forests
2009,94.07701899023277,26.241451657651666,1,15694.0,0.0,11672.0,Tropical & Subtropical Moist Broadleaf Forests,Mizoram-Manipur-Kachin rain forests
2009,94.36464973407578,26.422432355114765,1,15694.0,0.0,11672.0,Tropical & Subtropical Moist Broadleaf Forests,Mizoram-Manipur-Kachin rain forests
2009,94.7027932647986,25.85919173667659,1,15694.0,0.0,11672.0,Tropical & Subtropical Moist Broadleaf Forests,Mizoram-Manipur-Kachin rain forests
2009,94.4829598518445,26.228177013655205,1,15694.0,0.0,11672.0,Tropical & Subtropical Moist Broadleaf Forests,Mizoram-Manipur-Kachin rain forests
2009,93.78787715523357,25.73174510429425,1,15694.0,0.0,11672.0,Tropical & Subtropical Moist Broadleaf Forests,Mizoram-Manipur-Kachin rain forests
2009,94.89581952546555,25.72593325909892,1,15694.0,0.0,11672.0,Tropical & Subtropical Moist Broadleaf Forests,Mizoram-Manipur-Kachin rain forests
2009,93.18743790222366,24.803152395622387,1,44.0,0.0,41.0,Tropical & Subtropical Moist Broadleaf Forests,Mizoram-Manipur-Kachin rain forests
2009,92.4931191492222,25.624678929718325,1,171.0,0.0,147.0,Tropical & Subtropical Moist Broadleaf Forests,Meghalaya subtropical forests
2009,74.2981738278276,15.223925250446506,1,1678.0,0.0,1191.0,Tropical & Subtropical Moist Broadleaf Forests,North Western Ghats moist deciduous forests
2009,77.93879863012243,12.278884580220153,1,7253.0,0.0,4885.0,Tropical & Subtropical Dry Broadleaf Forests,South Deccan Plateau dry deciduous forests
2009,76.33216329658941,11.473619864786343,1,7253.0,0.0,4885.0,Tropical & Subtropical Dry Broadleaf Forests,South Deccan Plateau dry deciduous forests
2009,76.85052702867254,11.26372224903813,1,7253.0,0.0,4885.0,Tropical & Subtropical Dry Broadleaf Forests,South Deccan Plateau dry deciduous forests
2009,73.821283941274,16.062885497685947,1,2978.0,0.0,1505.0,Tropical & Subtropical Moist Broadleaf Forests,North Western Ghats montane rain forests
2009,75.5496260508606,12.137080714977131,1,5394.0,0.0,3550.0,Tropical & Subtropical Moist Broadleaf Forests,South Western Ghats montane rain forests
2009,76.40333213972042,11.315426102701068,1,5394.0,0.0,3550.0,Tropical & Subtropical Moist Broadleaf Forests,South Western Ghats montane rain forests
2009,75.01687586683703,14.924454108204346,1,30563.0,0.0,21468.0,Tropical & Subtropical Moist Broadleaf Forests,North Western Ghats montane rain forests
2009,77.5975545311982,12.109797408106076,1,30563.0,0.0,21468.0,Tropical & Subtropical Moist Broadleaf Forests,North Western Ghats montane rain forests
2009,74.85972513298817,14.704154492418231,1,30563.0,0.0,21468.0,Tropical & Subtropical Moist Broadleaf Forests,North Western Ghats montane rain forests
2009,75.6712832449944,13.54629652015414,1,30563.0,0.0,21468.0,Tropical & Subtropical Moist Broadleaf Forests,North Western Ghats montane rain forests
2009,75.32229113567188,13.59041060785151,1,30563.0,0.0,21468.0,Tropical & Subtropical Moist Broadleaf Forests,North Western Ghats montane rain forests
2009,75.73435164507727,12.371730978945969,1,30563.0,0.0,21468.0,Tropical & Subtropical Moist Broadleaf Forests,North Western Ghats montane rain forests
2009,74.85633330028483,14.010719404373951,1,30563.0,0.0,21468.0,Tropical & Subtropical Moist Broadleaf Forests,North Western Ghats montane rain forests
2009,74.6430208142485,14.511241280943928,1,30563.0,0.0,21468.0,Tropical & Subtropical Moist Broadleaf Forests,North Western Ghats montane rain forests
2009,74.33632380449374,15.483066109829096,1,30563.0,0.0,21468.0,Tropical & Subtropical Moist Broadleaf Forests,North Western Ghats montane rain forests
2009,75.41019590810282,13.36791727349095,1,30563.0,0.0,21468.0,Tropical & Subtropical Moist Broadleaf Forests,North Western Ghats montane rain forests
2009,74.5824420499297,14.782498110181116,1,30563.0,0.0,21468.0,Tropical & Subtropical Moist Broadleaf Forests,North Western Ghats montane rain forests
2009,74.55488277111843,21.90355186882254,1,391.0,0.0,166.0,Deserts & Xeric Shrublands,Deccan thorn scrub forests
2009,74.5139691856012,21.857306976413877,1,8.0,0.0,4.0,Deserts & Xeric Shrublands,Deccan thorn scrub forests
2009,75.6181498522995,22.373207259868128,1,766.0,0.0,409.0,Tropical & Subtropical Dry Broadleaf Forests,Narmada Valley dry deciduous forests
2009,76.39933797153881,22.502691960127876,1,5108.0,0.0,2433.0,Tropical & Subtropical Dry Broadleaf Forests,Narmada Valley dry deciduous forests
2009,76.3205761320295,22.626960304112234,1,5108.0,0.0,2433.0,Tropical & Subtropical Dry Broadleaf Forests,Narmada Valley dry deciduous forests
2009,76.52358899676172,27.723918760367667,1,2383.0,0.0,1332.0,Tropical & Subtropical Dry Broadleaf Forests,Khathiar-Gir dry deciduous forests
2009,76.43353307788074,25.918829165863603,1,490.0,0.0,262.0,Tropical & Subtropical Dry Broadleaf Forests,Khathiar-Gir dry deciduous forests
2009,77.31059168736158,8.710989946094571,1,6298.0,0.0,3900.0,Tropical & Subtropical Moist Broadleaf Forests,South Western Ghats moist deciduous forests
2009,77.41163278790597,9.474140106759984,1,6298.0,0.0,3900.0,Tropical & Subtropical Moist Broadleaf Forests,South Western Ghats moist deciduous forests
2009,76.82359629666439,9.781334710841739,1,8717.0,0.0,6310.0,Tropical & Subtropical Moist Broadleaf Forests,South Western Ghats montane rain forests
2009,77.12877268977952,9.850988535596226,1,8717.0,0.0,6310.0,Tropical & Subtropical Moist Broadleaf Forests,South Western Ghats montane rain forests
2009,76.73833561368083,10.193965881149307,1,8717.0,0.0,6310.0,Tropical & Subtropical Moist Broadleaf Forests,South Western Ghats montane rain forests
2009,76.74699427817865,20.288196650699202,1,567.0,0.0,271.0,Tropical & Subtropical Dry Broadleaf Forests,Central Deccan Plateau dry deciduous forests
2009,78.1259533917237,29.974035542044476,1,786.0,0.0,464.0,Tropical & Subtropical Moist Broadleaf Forests,Upper Gangetic Plains moist deciduous forests
2009,77.10463382783696,25.217843894157134,1,369.0,0.0,151.0,Tropical & Subtropical Dry Broadleaf Forests,Khathiar-Gir dry deciduous forests
2009,77.87371706931731,25.689318105280037,1,8616.0,0.0,4372.0,Tropical & Subtropical Dry Broadleaf Forests,Khathiar-Gir dry deciduous forests
2009,77.46099369688653,25.129091140646103,1,8616.0,0.0,4372.0,Tropical & Subtropical Dry Broadleaf Forests,Khathiar-Gir dry deciduous forests
2009,77.49743798745659,25.97076271843091,1,8616.0,0.0,4372.0,Tropical & Subtropical Dry Broadleaf Forests,Khathiar-Gir dry deciduous forests
2009,84.22987355833106,27.39331582080125,1,920.0,14.0,679.0,Tropical & Subtropical Moist Broadleaf Forests,Himalayan subtropical broadleaf forests
2009,79.22769928111599,29.47386424173251,1,20452.0,0.0,13400.0,Tropical & Subtropical Coniferous Forests,Himalayan subtropical pine forests
2009,78.17903241959652,30.2528136819866,1,20452.0,0.0,13400.0,Tropical & Subtropical Coniferous Forests,Himalayan subtropical pine forests
2009,79.91186206583363,29.34300507901761,1,20452.0,0.0,13400.0,Tropical & Subtropical Coniferous Forests,Himalayan subtropical pine forests
2009,79.74050396731961,29.63411757396333,1,20452.0,0.0,13400.0,Tropical & Subtropical Coniferous Forests,Himalayan subtropical pine forests
2009,80.17180810013019,29.291229556510256,1,20452.0,0.0,13400.0,Tropical & Subtropical Coniferous Forests,Himalayan subtropical pine forests
2009,79.33138925305333,29.142981487707647,1,20452.0,0.0,13400.0,Tropical & Subtropical Coniferous Forests,Himalayan subtropical pine forests
2009,78.7724350891094,29.760146393504026,1,20452.0,0.0,13400.0,Tropical & Subtropical Coniferous Forests,Himalayan subtropical pine forests
2009,79.71906095560247,29.203021929545287,1,20452.0,0.0,13400.0,Tropical & Subtropical Coniferous Forests,Himalayan subtropical pine forests
2009,80.77373089979092,28.441869952973327,1,1632.0,0.0,915.0,Tropical & Subtropical Moist Broadleaf Forests,Himalayan subtropical broadleaf forests
2009,78.64812918881557,21.03846462818341,1,506.0,0.0,216.0,Tropical & Subtropical Dry Broadleaf Forests,Central Deccan Plateau dry deciduous forests
2009,78.74401515108815,23.28882011318269,1,729.0,0.0,309.0,Tropical & Subtropical Dry Broadleaf Forests,Narmada Valley dry deciduous forests
2009,78.74188368392184,14.932541537268506,1,8000.0,0.0,5781.0,Tropical & Subtropical Dry Broadleaf Forests,Central Deccan Plateau dry deciduous forests
2009,78.870338778986,15.412684827076545,1,8000.0,0.0,5781.0,Tropical & Subtropical Dry Broadleaf Forests,Central Deccan Plateau dry deciduous forests
2009,78.99782451600576,14.644195111174527,1,8000.0,0.0,5781.0,Tropical & Subtropical Dry Broadleaf Forests,Central Deccan Plateau dry deciduous forests
2009,78.60594525282937,16.161695700407947,1,1731.0,0.0,1323.0,Tropical & Subtropical Dry Broadleaf Forests,Central Deccan Plateau dry deciduous forests
2009,79.09667161246841,20.950666382841106,1,386.0,0.0,154.0,Tropical & Subtropical Dry Broadleaf Forests,Central Deccan Plateau dry deciduous forests
2009,77.56827222179123,21.37483296909617,1,10557.0,0.0,6374.0,Tropical & Subtropical Moist Broadleaf Forests,East Deccan moist deciduous forests
2009,78.52566873052878,22.52007736046237,1,10557.0,0.0,6374.0,Tropical & Subtropical Moist Broadleaf Forests,East Deccan moist deciduous forests
2009,77.89121850007308,22.568288407664564,1,10557.0,0.0,6374.0,Tropical & Subtropical Moist Broadleaf Forests,East Deccan moist deciduous forests
2009,78.2586054883122,22.096946492349584,1,10557.0,0.0,6374.0,Tropical & Subtropical Moist Broadleaf Forests,East Deccan moist deciduous forests
2009,77.05036046318588,21.2993257873236,1,4016.0,0.0,2668.0,Tropical & Subtropical Dry Broadleaf Forests,Narmada Valley dry deciduous forests
2009,77.03384633500085,21.489629894466404,1,4016.0,0.0,2668.0,Tropical & Subtropical Dry Broadleaf Forests,Narmada Valley dry deciduous forests
2009,79.54585025945217,19.53896514911648,1,0.0,0.0,0.0,Tropical & Subtropical Moist Broadleaf Forests,East Deccan moist deciduous forests
2009,79.57110849903606,19.59316207366385,1,2928.0,0.0,1936.0,Tropical & Subtropical Dry Broadleaf Forests,Central Deccan Plateau dry deciduous forests
2009,79.08399687561032,15.100214618633627,1,8097.0,0.0,5310.0,Deserts & Xeric Shrublands,Deccan thorn scrub forests
2009,79.23409606435202,14.386768519456883,1,8097.0,0.0,5310.0,Deserts & Xeric Shrublands,Deccan thorn scrub forests
2009,79.1197101397544,15.101169270874443,1,8097.0,0.0,5310.0,Deserts & Xeric Shrublands,Deccan thorn scrub forests
2009,79.40956536283045,23.732629811013425,1,1628.0,0.0,686.0,Tropical & Subtropical Dry Broadleaf Forests,Narmada Valley dry deciduous forests
2009,79.3574947933319,18.977064981541805,1,6372.0,0.0,3834.0,Tropical & Subtropical Moist Broadleaf Forests,East Deccan moist deciduous forests
2009,79.31859300472166,19.01619784831152,1,6372.0,0.0,3834.0,Tropical & Subtropical Moist Broadleaf Forests,East Deccan moist deciduous forests
2009,79.0442451814614,19.58728312979046,1,992.0,0.0,517.0,Tropical & Subtropical Moist Broadleaf Forests,East Deccan moist deciduous forests
2009,79.79501455334311,20.44464081645802,1,1283.0,0.0,651.0,Tropical & Subtropical Dry Broadleaf Forests,Central Deccan Plateau dry deciduous forests
2009,79.95680099168109,28.72629014372305,1,5.0,0.0,1.0,Tropical & Subtropical Moist Broadleaf Forests,Upper Gangetic Plains moist deciduous forests
2009,80.25064711216862,28.478233668135367,1,961.0,0.0,427.0,Tropical & Subtropical Moist Broadleaf Forests,Upper Gangetic Plains moist deciduous forests
2009,80.41026110059727,23.61420557334757,1,1789.0,0.0,938.0,Tropical & Subtropical Dry Broadleaf Forests,Narmada Valley dry deciduous forests
2009,81.00383098997999,24.994817762423427,1,865.0,0.0,486.0,Tropical & Subtropical Moist Broadleaf Forests,Upper Gangetic Plains moist deciduous forests
2009,79.16473214771646,24.42647146164875,1,7208.0,0.0,3951.0,Tropical & Subtropical Dry Broadleaf Forests,Narmada Valley dry deciduous forests
2009,80.19426014608985,24.80372827563444,1,7208.0,0.0,3951.0,Tropical & Subtropical Dry Broadleaf Forests,Narmada Valley dry deciduous forests
2009,79.19715139319315,24.34815001135256,1,7208.0,0.0,3951.0,Tropical & Subtropical Dry Broadleaf Forests,Narmada Valley dry deciduous forests
2009,80.9314603027585,18.991396085535435,1,46062.0,0.0,31811.0,Tropical & Subtropical Moist Broadleaf Forests,East Deccan moist deciduous forests
2009,82.50801386081078,22.826092189274558,1,46062.0,0.0,31811.0,Tropical & Subtropical Moist Broadleaf Forests,East Deccan moist deciduous forests
2009,80.8440050509424,19.38576408513847,1,46062.0,0.0,31811.0,Tropical & Subtropical Moist Broadleaf Forests,East Deccan moist deciduous forests
2009,81.56963952612251,20.53152406125681,1,46062.0,0.0,31811.0,Tropical & Subtropical Moist Broadleaf Forests,East Deccan moist deciduous forests
2009,80.4930330312654,20.606206140852986,1,46062.0,0.0,31811.0,Tropical & Subtropical Moist Broadleaf Forests,East Deccan moist deciduous forests
2009,81.79421746883422,22.832591333468738,1,46062.0,0.0,31811.0,Tropical & Subtropical Moist Broadleaf Forests,East Deccan moist deciduous forests
2009,81.27705321411908,20.218271909564542,1,46062.0,0.0,31811.0,Tropical & Subtropical Moist Broadleaf Forests,East Deccan moist deciduous forests
2009,82.11999591524592,20.046384368126,1,46062.0,0.0,31811.0,Tropical & Subtropical Moist Broadleaf Forests,East Deccan moist deciduous forests
2009,81.95170258447801,22.62311186189099,1,46062.0,0.0,31811.0,Tropical & Subtropical Moist Broadleaf Forests,East Deccan moist deciduous forests
2009,80.80453679339666,18.507444655643607,1,46062.0,0.0,31811.0,Tropical & Subtropical Moist Broadleaf Forests,East Deccan moist deciduous forests
2009,80.92705261657888,19.40080804431258,1,46062.0,0.0,31811.0,Tropical & Subtropical Moist Broadleaf Forests,East Deccan moist deciduous forests
2009,81.29268216358541,19.37229131567949,1,46062.0,0.0,31811.0,Tropical & Subtropical Moist Broadleaf Forests,East Deccan moist deciduous forests
2009,80.73708861423103,20.102409563646123,1,46062.0,0.0,31811.0,Tropical & Subtropical Moist Broadleaf Forests,East Deccan moist deciduous forests
2009,80.49791167507726,19.184356353203295,1,46062.0,0.0,31811.0,Tropical & Subtropical Moist Broadleaf Forests,East Deccan moist deciduous forests
2009,82.00384828186196,20.551391010245208,1,46062.0,0.0,31811.0,Tropical & Subtropical Moist Broadleaf Forests,East Deccan moist deciduous forests
2009,82.91066563914772,22.263903158204013,1,46062.0,0.0,31811.0,Tropical & Subtropical Moist Broadleaf Forests,East Deccan moist deciduous forests
2009,80.94753021566603,18.38921589933525,1,46062.0,0.0,31811.0,Tropical & Subtropical Moist Broadleaf Forests,East Deccan moist deciduous forests
2009,81.32749932650171,19.763092670725417,1,46062.0,0.0,31811.0,Tropical & Subtropical Moist Broadleaf Forests,East Deccan moist deciduous forests
2009,80.3751839459066,17.780798533138928,1,11970.0,0.0,7542.0,Tropical & Subtropical Moist Broadleaf Forests,East Deccan moist deciduous forests
2009,80.04021426819057,18.035160224684628,1,11970.0,0.0,7542.0,Tropical & Subtropical Moist Broadleaf Forests,East Deccan moist deciduous forests
2009,80.14613720810874,18.307157642636277,1,11970.0,0.0,7542.0,Tropical & Subtropical Moist Broadleaf Forests,East Deccan moist deciduous forests
2009,81.25869917529205,17.78820924141906,1,11970.0,0.0,7542.0,Tropical & Subtropical Moist Broadleaf Forests,East Deccan moist deciduous forests
2009,79.71025996309668,19.321078693459878,1,11970.0,0.0,7542.0,Tropical & Subtropical Moist Broadleaf Forests,East Deccan moist deciduous forests
2009,83.76951640617938,21.80267505692517,1,4015.0,0.0,2353.0,Tropical & Subtropical Dry Broadleaf Forests,North Deccan dry deciduous forests
2009,82.50435935802047,20.673406823700077,1,4015.0,0.0,2353.0,Tropical & Subtropical Dry Broadleaf Forests,North Deccan dry deciduous forests
2009,79.56768318861141,21.818631318655616,1,12581.0,0.0,8253.0,Tropical & Subtropical Moist Broadleaf Forests,East Deccan moist deciduous forests
2009,81.0631770714792,22.547712782143005,1,12581.0,0.0,8253.0,Tropical & Subtropical Moist Broadleaf Forests,East Deccan moist deciduous forests
2009,80.25095339344271,21.956579022104815,1,12581.0,0.0,8253.0,Tropical & Subtropical Moist Broadleaf Forests,East Deccan moist deciduous forests
2009,79.98438605539582,22.07054577591163,1,12581.0,0.0,8253.0,Tropical & Subtropical Moist Broadleaf Forests,East Deccan moist deciduous forests
2009,80.6664180327076,21.609628037048207,1,12581.0,0.0,8253.0,Tropical & Subtropical Moist Broadleaf Forests,East Deccan moist deciduous forests
2009,79.062424376423,21.59521458244754,1,16461.0,0.0,11860.0,Tropical & Subtropical Dry Broadleaf Forests,Central Deccan Plateau dry deciduous forests
2009,79.83422574524562,19.750375170658813,1,16461.0,0.0,11860.0,Tropical & Subtropical Dry Broadleaf Forests,Central Deccan Plateau dry deciduous forests
2009,80.15637776345115,19.946129571251294,1,16461.0,0.0,11860.0,Tropical & Subtropical Dry Broadleaf Forests,Central Deccan Plateau dry deciduous forests
2009,79.20092799518794,21.505908935040758,1,16461.0,0.0,11860.0,Tropical & Subtropical Dry Broadleaf Forests,Central Deccan Plateau dry deciduous forests
2009,80.35716666335794,19.50003117865996,1,16461.0,0.0,11860.0,Tropical & Subtropical Dry Broadleaf Forests,Central Deccan Plateau dry deciduous forests
2009,80.12789468780234,20.04851776198404,1,16461.0,0.0,11860.0,Tropical & Subtropical Dry Broadleaf Forests,Central Deccan Plateau dry deciduous forests
2009,81.80767245314225,18.857018932354627,1,1284.0,0.0,877.0,Tropical & Subtropical Dry Broadleaf Forests,North Deccan dry deciduous forests
2009,81.52915102840396,17.26172974163289,1,9374.0,0.0,5975.0,Tropical & Subtropical Moist Broadleaf Forests,East Deccan moist deciduous forests
2009,81.48395321496858,17.40770850184084,1,9374.0,0.0,5975.0,Tropical & Subtropical Moist Broadleaf Forests,East Deccan moist deciduous forests
2009,81.56205449285362,17.43483447721106,1,9374.0,0.0,5975.0,Tropical & Subtropical Moist Broadleaf Forests,East Deccan moist deciduous forests
2009,81.60508401573591,17.54991799376656,1,9374.0,0.0,5975.0,Tropical & Subtropical Moist Broadleaf Forests,East Deccan moist deciduous forests
2009,80.81828114325306,17.434200612516985,1,2955.0,0.0,1978.0,Tropical & Subtropical Moist Broadleaf Forests,East Deccan moist deciduous forests
2009,81.69076910202632,17.979832059701007,1,2980.0,0.0,1547.0,Tropical & Subtropical Dry Broadleaf Forests,North Deccan dry deciduous forests
2009,82.85091837493984,21.49460463516846,1,1395.0,0.0,797.0,Tropical & Subtropical Moist Broadleaf Forests,East Deccan moist deciduous forests
2009,83.19676805986002,20.384160354839025,1,389.0,0.0,150.0,Tropical & Subtropical Dry Broadleaf Forests,North Deccan dry deciduous forests
2009,82.75299795100831,23.40363671751728,1,14747.0,0.0,9902.0,Tropical & Subtropical Dry Broadleaf Forests,Chhota-Nagpur dry deciduous forests
2009,82.63215997814947,23.348797080391694,1,14747.0,0.0,9902.0,Tropical & Subtropical Dry Broadleaf Forests,Chhota-Nagpur dry deciduous forests
2009,82.83169977911653,23.49548599177596,1,14747.0,0.0,9902.0,Tropical & Subtropical Dry Broadleaf Forests,Chhota-Nagpur dry deciduous forests
2009,82.24154029161083,23.474678099336135,1,14747.0,0.0,9902.0,Tropical & Subtropical Dry Broadleaf Forests,Chhota-Nagpur dry deciduous forests
2009,82.59016964161478,23.62421820131028,1,14747.0,0.0,9902.0,Tropical & Subtropical Dry Broadleaf Forests,Chhota-Nagpur dry deciduous forests
2009,83.85651805259035,24.679394822617596,1,1653.0,0.0,710.0,Tropical & Subtropical Moist Broadleaf Forests,Lower Gangetic Plains moist deciduous forests
2009,83.15493219713836,24.44338176076184,1,3635.0,0.0,2012.0,Tropical & Subtropical Dry Broadleaf Forests,Chhota-Nagpur dry deciduous forests
2009,81.30057071393915,23.65456619380147,1,9932.0,0.0,5574.0,Tropical & Subtropical Dry Broadleaf Forests,Narmada Valley dry deciduous forests
2009,82.11632555214281,23.838317877150974,1,9932.0,0.0,5574.0,Tropical & Subtropical Dry Broadleaf Forests,Narmada Valley dry deciduous forests
2009,81.67837836100581,23.92093568303449,1,9932.0,0.0,5574.0,Tropical & Subtropical Dry Broadleaf Forests,Narmada Valley dry deciduous forests
2009,82.07855627620698,24.004800216847325,1,9932.0,0.0,5574.0,Tropical & Subtropical Dry Broadleaf Forests,Narmada Valley dry deciduous forests
2009,85.0346813298916,24.377373450306603,1,16512.0,0.0,9756.0,Tropical & Subtropical Dry Broadleaf Forests,Chhota-Nagpur dry deciduous forests
2009,83.80957186007255,24.095058517638844,1,16512.0,0.0,9756.0,Tropical & Subtropical Dry Broadleaf Forests,Chhota-Nagpur dry deciduous forests
2009,85.74506454771705,23.76401005902455,1,16512.0,0.0,9756.0,Tropical & Subtropical Dry Broadleaf Forests,Chhota-Nagpur dry deciduous forests
2009,84.35435086119605,23.665061229016253,1,16512.0,0.0,9756.0,Tropical & Subtropical Dry Broadleaf Forests,Chhota-Nagpur dry deciduous forests
2009,84.2189786670837,23.72416342435113,1,16512.0,0.0,9756.0,Tropical & Subtropical Dry Broadleaf Forests,Chhota-Nagpur dry deciduous forests
2009,84.21669840592838,23.46100086267442,1,16512.0,0.0,9756.0,Tropical & Subtropical Dry Broadleaf Forests,Chhota-Nagpur dry deciduous forests
2009,84.22175283937136,22.30219157443527,1,326.0,0.0,136.0,Tropical & Subtropical Dry Broadleaf Forests,Chhota-Nagpur dry deciduous forests
2009,83.41541185183172,18.892679013463564,1,1941.0,0.0,1101.0,Tropical & Subtropical Moist Broadleaf Forests,East Deccan moist deciduous forests
2009,83.8660480782207,19.602606151596007,1,27899.0,0.0,17760.0,Tropical & Subtropical Moist Broadleaf Forests,East Deccan moist deciduous forests
2009,84.6943579716149,20.784133480979698,1,27899.0,0.0,17760.0,Tropical & Subtropical Moist Broadleaf Forests,East Deccan moist deciduous forests
2009,85.27849149937686,20.572453518407354,1,27899.0,0.0,17760.0,Tropical & Subtropical Moist Broadleaf Forests,East Deccan moist deciduous forests
2009,83.9641187791661,19.402131395445437,1,27899.0,0.0,17760.0,Tropical & Subtropical Moist Broadleaf Forests,East Deccan moist deciduous forests
2009,84.59608185246802,20.838888837478176,1,27899.0,0.0,17760.0,Tropical & Subtropical Moist Broadleaf Forests,East Deccan moist deciduous forests
2009,83.96225651822695,19.65048654168785,1,27899.0,0.0,17760.0,Tropical & Subtropical Moist Broadleaf Forests,East Deccan moist deciduous forests
2009,83.08806831789282,18.886889521582674,1,27899.0,0.0,17760.0,Tropical & Subtropical Moist Broadleaf Forests,East Deccan moist deciduous forests
2009,84.466700432805,19.865400765681077,1,27899.0,0.0,17760.0,Tropical & Subtropical Moist Broadleaf Forests,East Deccan moist deciduous forests
2009,84.78216259953636,20.480144260438703,1,27899.0,0.0,17760.0,Tropical & Subtropical Moist Broadleaf Forests,East Deccan moist deciduous forests
2009,83.41465339944837,19.40136750587449,1,27899.0,0.0,17760.0,Tropical & Subtropical Moist Broadleaf Forests,East Deccan moist deciduous forests
2009,83.82691716123537,20.441559155067786,1,27899.0,0.0,17760.0,Tropical & Subtropical Moist Broadleaf Forests,East Deccan moist deciduous forests
2009,84.15096995910233,21.09531970090765,1,18815.0,0.0,11436.0,Tropical & Subtropical Moist Broadleaf Forests,East Deccan moist deciduous forests
2009,86.55024212255549,21.43291613095041,1,18815.0,0.0,11436.0,Tropical & Subtropical Moist Broadleaf Forests,East Deccan moist deciduous forests
2009,84.74257394109544,20.968232926402226,1,18815.0,0.0,11436.0,Tropical & Subtropical Moist Broadleaf Forests,East Deccan moist deciduous forests
2009,84.25285703384718,21.52016176497024,1,18815.0,0.0,11436.0,Tropical & Subtropical Moist Broadleaf Forests,East Deccan moist deciduous forests
2009,84.84030553040351,21.6478469444063,1,18815.0,0.0,11436.0,Tropical & Subtropical Moist Broadleaf Forests,East Deccan moist deciduous forests
2009,85.25532123894419,21.38839410131725,1,18815.0,0.0,11436.0,Tropical & Subtropical Moist Broadleaf Forests,East Deccan moist deciduous forests
2009,85.15344871849113,22.021281877108915,1,18815.0,0.0,11436.0,Tropical & Subtropical Moist Broadleaf Forests,East Deccan moist deciduous forests
2009,85.35337487815998,22.255475638460673,1,7917.0,0.0,4960.0,Tropical & Subtropical Moist Broadleaf Forests,East Deccan moist deciduous forests
2009,85.56845789889941,22.92423745768617,1,7917.0,0.0,4960.0,Tropical & Subtropical Moist Broadleaf Forests,East Deccan moist deciduous forests
2009,85.54759958144005,22.324168845945618,1,7917.0,0.0,4960.0,Tropical & Subtropical Moist Broadleaf Forests,East Deccan moist deciduous forests
2009,88.76213775047795,21.640552416822086,1,1451.0,716.0,1334.0,Mangroves,Sundarbans mangroves
2010,77.02816114984789,22.87713313918572,1,5133.0,0.0,2455.0,Tropical & Subtropical Dry Broadleaf Forests,Narmada Valley dry deciduous forests
2010,76.98598381411898,22.734191999290466,1,5133.0,0.0,2455.0,Tropical & Subtropical Dry Broadleaf Forests,Narmada Valley dry deciduous forests
2010,79.15535192793816,20.783187275985565,1,401.0,0.0,158.0,Tropical & Subtropical Dry Broadleaf Forests,Central Deccan Plateau dry deciduous forests
2010,95.28781931409677,27.60277350603819,1,258.0,0.0,125.0,Tropical & Subtropical Moist Broadleaf Forests,Brahmaputra Valley semi-evergreen forests
2010,77.84958692560741,30.322371085187836,1,740.0,0.0,439.0,Tropical & Subtropical Moist Broadleaf Forests,Upper Gangetic Plains moist deciduous forests
2010,79.97935052916073,28.721361554514022,1,5.0,0.0,1.0,Tropical & Subtropical Moist Broadleaf Forests,Upper Gangetic Plains moist deciduous forests
2010,80.50741959923964,28.250178388224334,1,961.0,0.0,427.0,Tropical & Subtropical Moist Broadleaf Forests,Upper Gangetic Plains moist deciduous forests
2010,78.59307626477847,20.96038499381921,1,679.0,0.0,276.0,Tropical & Subtropical Dry Broadleaf Forests,Central Deccan Plateau dry deciduous forests
2010,78.83807505551627,23.411109301857465,1,808.0,0.0,342.0,Tropical & Subtropical Dry Broadleaf Forests,Narmada Valley dry deciduous forests
2010,79.54239002582656,19.547948368054332,1,0.0,0.0,0.0,Tropical & Subtropical Moist Broadleaf Forests,East Deccan moist deciduous forests
2010,79.49944058576251,20.29798836344477,1,4171.0,0.0,2571.0,Tropical & Subtropical Dry Broadleaf Forests,Central Deccan Plateau dry deciduous forests
2010,79.49409470993287,19.788354679118456,1,4171.0,0.0,2571.0,Tropical & Subtropical Dry Broadleaf Forests,Central Deccan Plateau dry deciduous forests
2010,76.94072900802271,9.838751435107286,1,810.0,0.0,386.0,Tropical & Subtropical Moist Broadleaf Forests,South Western Ghats montane rain forests
2010,78.68039071411548,14.310008992458302,1,8026.0,0.0,5267.0,Deserts & Xeric Shrublands,Deccan thorn scrub forests
2010,79.29035177984782,15.25346179328989,1,8026.0,0.0,5267.0,Deserts & Xeric Shrublands,Deccan thorn scrub forests
2010,79.16767817178837,13.795497648156143,1,8026.0,0.0,5267.0,Deserts & Xeric Shrublands,Deccan thorn scrub forests
2010,77.16730594431517,22.117567477823403,1,10464.0,0.0,6334.0,Tropical & Subtropical Moist Broadleaf Forests,East Deccan moist deciduous forests
2010,77.02300199317797,21.74746068895937,1,10464.0,0.0,6334.0,Tropical & Subtropical Moist Broadleaf Forests,East Deccan moist deciduous forests
2010,78.56984050715394,22.477938827123502,1,10464.0,0.0,6334.0,Tropical & Subtropical Moist Broadleaf Forests,East Deccan moist deciduous forests
2010,76.90089591717614,21.697650861922206,1,10464.0,0.0,6334.0,Tropical & Subtropical Moist Broadleaf Forests,East Deccan moist deciduous forests
2010,77.01142338486308,21.19959099835381,1,4096.0,0.0,2710.0,Tropical & Subtropical Dry Broadleaf Forests,Narmada Valley dry deciduous forests
2010,77.09485248950524,21.54711731008804,1,4096.0,0.0,2710.0,Tropical & Subtropical Dry Broadleaf Forests,Narmada Valley dry deciduous forests
2010,77.57176348413431,10.36838512115851,1,3014.0,0.0,1806.0,Tropical & Subtropical Moist Broadleaf Forests,South Western Ghats moist deciduous forests
2010,77.15392073092193,10.016795220281328,1,3767.0,0.0,2638.0,Tropical & Subtropical Moist Broadleaf Forests,South Western Ghats montane rain forests
2010,76.43655395993167,26.014537033645244,1,488.0,0.0,261.0,Tropical & Subtropical Dry Broadleaf Forests,Khathiar-Gir dry deciduous forests
2010,77.90976952089468,23.087447697679078,1,504.0,0.0,221.0,Tropical & Subtropical Dry Broadleaf Forests,Narmada Valley dry deciduous forests
2010,81.19494456853118,25.096642110976603,1,859.0,0.0,484.0,Tropical & Subtropical Moist Broadleaf Forests,Upper Gangetic Plains moist deciduous forests
2010,79.55328418118641,24.267503966647844,1,7204.0,0.0,3949.0,Tropical & Subtropical Dry Broadleaf Forests,Narmada Valley dry deciduous forests
2010,80.01236464154738,24.550584906380998,1,7204.0,0.0,3949.0,Tropical & Subtropical Dry Broadleaf Forests,Narmada Valley dry deciduous forests
2010,79.78354887578921,24.56283599614065,1,7204.0,0.0,3949.0,Tropical & Subtropical Dry Broadleaf Forests,Narmada Valley dry deciduous forests
2010,79.31579885908258,23.673852629612032,1,1633.0,0.0,692.0,Tropical & Subtropical Dry Broadleaf Forests,Narmada Valley dry deciduous forests
2010,84.24598257377428,22.309073406737355,1,329.0,0.0,140.0,Tropical & Subtropical Dry Broadleaf Forests,Chhota-Nagpur dry deciduous forests
2010,76.74699427817865,20.288196650699202,1,563.0,0.0,270.0,Tropical & Subtropical Dry Broadleaf Forests,Central Deccan Plateau dry deciduous forests
2010,76.31277988132472,27.335054243309017,1,2130.0,0.0,1212.0,Tropical & Subtropical Dry Broadleaf Forests,Khathiar-Gir dry deciduous forests
2010,74.56265156670364,21.79700850628904,1,387.0,0.0,164.0,Deserts & Xeric Shrublands,Deccan thorn scrub forests
2010,74.5188071109947,21.875956488306468,1,8.0,0.0,4.0,Deserts & Xeric Shrublands,Deccan thorn scrub forests
2010,82.3437933400151,21.366739914688857,1,1391.0,0.0,797.0,Tropical & Subtropical Moist Broadleaf Forests,East Deccan moist deciduous forests
2010,92.95266054054933,24.52561183871181,1,788.0,0.0,589.0,Tropical & Subtropical Moist Broadleaf Forests,Mizoram-Manipur-Kachin rain forests
2010,92.2638296445558,23.72001772423661,1,57.0,0.0,16.0,Tropical & Subtropical Moist Broadleaf Forests,Mizoram-Manipur-Kachin rain forests
2010,92.90646175076573,22.829003912452183,1,20308.0,0.0,15677.0,Tropical & Subtropical Moist Broadleaf Forests,Mizoram-Manipur-Kachin rain forests
2010,93.36281253923437,23.636937055436533,1,20308.0,0.0,15677.0,Tropical & Subtropical Moist Broadleaf Forests,Mizoram-Manipur-Kachin rain forests
2010,92.46632650386249,23.33089581803033,1,20308.0,0.0,15677.0,Tropical & Subtropical Moist Broadleaf Forests,Mizoram-Manipur-Kachin rain forests
2010,92.82566658116068,23.165419695850005,1,20308.0,0.0,15677.0,Tropical & Subtropical Moist Broadleaf Forests,Mizoram-Manipur-Kachin rain forests
2010,92.33976026916294,23.7915100024408,1,20308.0,0.0,15677.0,Tropical & Subtropical Moist Broadleaf Forests,Mizoram-Manipur-Kachin rain forests
2010,92.80133066602659,23.871007221408156,1,20308.0,0.0,15677.0,Tropical & Subtropical Moist Broadleaf Forests,Mizoram-Manipur-Kachin rain forests
2010,93.17838757554108,23.27724176455696,1,20308.0,0.0,15677.0,Tropical & Subtropical Moist Broadleaf Forests,Mizoram-Manipur-Kachin rain forests
2010,92.70058269142072,24.123406849495492,1,20308.0,0.0,15677.0,Tropical & Subtropical Moist Broadleaf Forests,Mizoram-Manipur-Kachin rain forests
2010,93.08008670118426,24.702628294909278,1,32.0,0.0,21.0,Tropical & Subtropical Moist Broadleaf Forests,Mizoram-Manipur-Kachin rain forests
2010,89.03391116828304,22.129210239231192,1,1451.0,716.0,1334.0,Mangroves,Sundarbans mangroves
2010,83.09704118450004,20.55459258446486,1,383.0,0.0,146.0,Tropical & Subtropical Dry Broadleaf Forests,North Deccan dry deciduous forests
2010,79.40381653276903,16.309284075544912,1,7970.0,0.0,5741.0,Tropical & Subtropical Dry Broadleaf Forests,Central Deccan Plateau dry deciduous forests
2010,78.98156811384636,15.169648926309076,1,7970.0,0.0,5741.0,Tropical & Subtropical Dry Broadleaf Forests,Central Deccan Plateau dry deciduous forests
2010,78.66384908392068,15.169019002943331,1,7970.0,0.0,5741.0,Tropical & Subtropical Dry Broadleaf Forests,Central Deccan Plateau dry deciduous forests
2010,78.59377623743714,16.141107223017503,1,1730.0,0.0,1319.0,Tropical & Subtropical Dry Broadleaf Forests,Central Deccan Plateau dry deciduous forests
2010,77.43209257176332,9.73223022975187,1,2870.0,0.0,1798.0,Tropical & Subtropical Moist Broadleaf Forests,South Western Ghats moist deciduous forests
2010,76.85684777071165,9.490871527078525,1,3517.0,0.0,2729.0,Tropical & Subtropical Moist Broadleaf Forests,South Western Ghats montane rain forests
2010,75.68006910058705,22.351965804704232,1,735.0,0.0,383.0,Tropical & Subtropical Dry Broadleaf Forests,Narmada Valley dry deciduous forests
2010,79.3979683242673,19.16306197638889,1,6427.0,0.0,3783.0,Tropical & Subtropical Moist Broadleaf Forests,East Deccan moist deciduous forests
2010,79.20231695199783,19.007295915089422,1,6427.0,0.0,3783.0,Tropical & Subtropical Moist Broadleaf Forests,East Deccan moist deciduous forests
2010,79.16961032534522,19.51747770499932,1,992.0,0.0,512.0,Tropical & Subtropical Moist Broadleaf Forests,East Deccan moist deciduous forests
2010,80.87468989887975,23.423464399904688,1,1791.0,0.0,938.0,Tropical & Subtropical Dry Broadleaf Forests,Narmada Valley dry deciduous forests
2010,83.72539324026728,23.512285388666857,1,14773.0,0.0,9898.0,Tropical & Subtropical Dry Broadleaf Forests,Chhota-Nagpur dry deciduous forests
2010,83.50584827782819,23.913557867778934,1,14773.0,0.0,9898.0,Tropical & Subtropical Dry Broadleaf Forests,Chhota-Nagpur dry deciduous forests
2010,81.99627066903487,23.83850323068323,1,14773.0,0.0,9898.0,Tropical & Subtropical Dry Broadleaf Forests,Chhota-Nagpur dry deciduous forests
2010,83.74825243361978,23.229495726189707,1,14773.0,0.0,9898.0,Tropical & Subtropical Dry Broadleaf Forests,Chhota-Nagpur dry deciduous forests
2010,82.86745801516801,23.824817712877035,1,14773.0,0.0,9898.0,Tropical & Subtropical Dry Broadleaf Forests,Chhota-Nagpur dry deciduous forests
2010,83.49161492417298,23.705032720996446,1,14773.0,0.0,9898.0,Tropical & Subtropical Dry Broadleaf Forests,Chhota-Nagpur dry deciduous forests
2010,83.74701582469653,24.55166134105609,1,1654.0,0.0,709.0,Tropical & Subtropical Moist Broadleaf Forests,Lower Gangetic Plains moist deciduous forests
2010,83.22536248070264,24.22707462338597,1,3668.0,0.0,2044.0,Tropical & Subtropical Dry Broadleaf Forests,Chhota-Nagpur dry deciduous forests
2010,81.92839987369624,24.26830629512985,1,9926.0,0.0,5562.0,Tropical & Subtropical Dry Broadleaf Forests,Narmada Valley dry deciduous forests
2010,82.60073770724956,23.93093072648916,1,9926.0,0.0,5562.0,Tropical & Subtropical Dry Broadleaf Forests,Narmada Valley dry deciduous forests
2010,81.10438710126039,23.530067566970192,1,9926.0,0.0,5562.0,Tropical & Subtropical Dry Broadleaf Forests,Narmada Valley dry deciduous forests
2010,81.65923200173901,24.066586576181386,1,9926.0,0.0,5562.0,Tropical & Subtropical Dry Broadleaf Forests,Narmada Valley dry deciduous forests
2010,84.38834187244345,24.003837569181112,1,16555.0,0.0,9777.0,Tropical & Subtropical Dry Broadleaf Forests,Chhota-Nagpur dry deciduous forests
2010,85.32243498371233,23.571721124204423,1,16555.0,0.0,9777.0,Tropical & Subtropical Dry Broadleaf Forests,Chhota-Nagpur dry deciduous forests
2010,84.43324749653966,23.749168194308602,1,16555.0,0.0,9777.0,Tropical & Subtropical Dry Broadleaf Forests,Chhota-Nagpur dry deciduous forests
2010,83.54395818256874,24.018907701556934,1,16555.0,0.0,9777.0,Tropical & Subtropical Dry Broadleaf Forests,Chhota-Nagpur dry deciduous forests
2010,83.60610492719849,23.923629157086534,1,16555.0,0.0,9777.0,Tropical & Subtropical Dry Broadleaf Forests,Chhota-Nagpur dry deciduous forests
2010,85.13202450472883,23.960628873421562,1,16555.0,0.0,9777.0,Tropical & Subtropical Dry Broadleaf Forests,Chhota-Nagpur dry deciduous forests
2010,81.53569804605819,18.622162486600928,1,45929.0,0.0,31696.0,Tropical & Subtropical Moist Broadleaf Forests,East Deccan moist deciduous forests
2010,81.7809805361409,20.538261374622188,1,45929.0,0.0,31696.0,Tropical & Subtropical Moist Broadleaf Forests,East Deccan moist deciduous forests
2010,81.50487700876248,20.191015548321808,1,45929.0,0.0,31696.0,Tropical & Subtropical Moist Broadleaf Forests,East Deccan moist deciduous forests
2010,81.5357422275507,19.14273306774437,1,45929.0,0.0,31696.0,Tropical & Subtropical Moist Broadleaf Forests,East Deccan moist deciduous forests
2010,80.98110095478225,18.189208369604838,1,45929.0,0.0,31696.0,Tropical & Subtropical Moist Broadleaf Forests,East Deccan moist deciduous forests
2010,81.00272579538351,18.832689443354035,1,45929.0,0.0,31696.0,Tropical & Subtropical Moist Broadleaf Forests,East Deccan moist deciduous forests
2010,81.19545247363496,19.228046473239843,1,45929.0,0.0,31696.0,Tropical & Subtropical Moist Broadleaf Forests,East Deccan moist deciduous forests
2010,81.23049960638171,18.7351390276577,1,45929.0,0.0,31696.0,Tropical & Subtropical Moist Broadleaf Forests,East Deccan moist deciduous forests
2010,82.36594626439857,22.81097078728549,1,45929.0,0.0,31696.0,Tropical & Subtropical Moist Broadleaf Forests,East Deccan moist deciduous forests
2010,80.92464995349674,19.579935672503026,1,45929.0,0.0,31696.0,Tropical & Subtropical Moist Broadleaf Forests,East Deccan moist deciduous forests
2010,81.14245588211135,17.918390885724264,1,45929.0,0.0,31696.0,Tropical & Subtropical Moist Broadleaf Forests,East Deccan moist deciduous forests
2010,82.00321801428426,20.638903174262133,1,45929.0,0.0,31696.0,Tropical & Subtropical Moist Broadleaf Forests,East Deccan moist deciduous forests
2010,80.98727434378203,19.81128496235117,1,45929.0,0.0,31696.0,Tropical & Subtropical Moist Broadleaf Forests,East Deccan moist deciduous forests
2010,81.23972848735347,19.23070506914955,1,45929.0,0.0,31696.0,Tropical & Subtropical Moist Broadleaf Forests,East Deccan moist deciduous forests
2010,80.53544111046195,21.171662615927218,1,45929.0,0.0,31696.0,Tropical & Subtropical Moist Broadleaf Forests,East Deccan moist deciduous forests
2010,81.32530491352244,18.25665473494377,1,45929.0,0.0,31696.0,Tropical & Subtropical Moist Broadleaf Forests,East Deccan moist deciduous forests
2010,83.23756861439777,22.53946029307275,1,45929.0,0.0,31696.0,Tropical & Subtropical Moist Broadleaf Forests,East Deccan moist deciduous forests
2010,80.82262353164573,21.554297049041384,1,45929.0,0.0,31696.0,Tropical & Subtropical Moist Broadleaf Forests,East Deccan moist deciduous forests
2010,79.99134604960317,17.796404247342785,1,11868.0,0.0,7439.0,Tropical & Subtropical Moist Broadleaf Forests,East Deccan moist deciduous forests
2010,80.93758007043508,18.137297003064706,1,11868.0,0.0,7439.0,Tropical & Subtropical Moist Broadleaf Forests,East Deccan moist deciduous forests
2010,80.30662766065107,18.31758821398493,1,11868.0,0.0,7439.0,Tropical & Subtropical Moist Broadleaf Forests,East Deccan moist deciduous forests
2010,79.84719771087059,18.745720302227912,1,11868.0,0.0,7439.0,Tropical & Subtropical Moist Broadleaf Forests,East Deccan moist deciduous forests
2010,80.17455915324507,18.032805655776038,1,11868.0,0.0,7439.0,Tropical & Subtropical Moist Broadleaf Forests,East Deccan moist deciduous forests
2010,83.89658431964422,22.153013508441294,1,4015.0,0.0,2358.0,Tropical & Subtropical Dry Broadleaf Forests,North Deccan dry deciduous forests
2010,83.97623733532954,22.188783021290895,1,4015.0,0.0,2358.0,Tropical & Subtropical Dry Broadleaf Forests,North Deccan dry deciduous forests
2010,79.9612621197596,21.94615182215247,1,12516.0,0.0,8230.0,Tropical & Subtropical Moist Broadleaf Forests,East Deccan moist deciduous forests
2010,79.86497477898362,22.2376292962285,1,12516.0,0.0,8230.0,Tropical & Subtropical Moist Broadleaf Forests,East Deccan moist deciduous forests
2010,80.4685763784397,21.72521635199976,1,12516.0,0.0,8230.0,Tropical & Subtropical Moist Broadleaf Forests,East Deccan moist deciduous forests
2010,81.266864476596,22.692723780532788,1,12516.0,0.0,8230.0,Tropical & Subtropical Moist Broadleaf Forests,East Deccan moist deciduous forests
2010,80.50623663430889,22.22675509647857,1,12516.0,0.0,8230.0,Tropical & Subtropical Moist Broadleaf Forests,East Deccan moist deciduous forests
2010,80.08112310806965,20.86843796766005,1,16474.0,0.0,11846.0,Tropical & Subtropical Dry Broadleaf Forests,Central Deccan Plateau dry deciduous forests
2010,80.11633905042807,21.370923369825466,1,16474.0,0.0,11846.0,Tropical & Subtropical Dry Broadleaf Forests,Central Deccan Plateau dry deciduous forests
2010,80.43050427484108,20.275565705317483,1,16474.0,0.0,11846.0,Tropical & Subtropical Dry Broadleaf Forests,Central Deccan Plateau dry deciduous forests
2010,80.26547396135926,21.202868597619364,1,16474.0,0.0,11846.0,Tropical & Subtropical Dry Broadleaf Forests,Central Deccan Plateau dry deciduous forests
2010,80.12855769854328,19.423146268620137,1,16474.0,0.0,11846.0,Tropical & Subtropical Dry Broadleaf Forests,Central Deccan Plateau dry deciduous forests
2010,79.6202854658682,21.51716661729401,1,16474.0,0.0,11846.0,Tropical & Subtropical Dry Broadleaf Forests,Central Deccan Plateau dry deciduous forests
2010,82.1608914195796,19.052842164819495,1,1282.0,0.0,879.0,Tropical & Subtropical Dry Broadleaf Forests,North Deccan dry deciduous forests
2010,81.59555396893312,17.307579428289625,1,8881.0,0.0,5475.0,Tropical & Subtropical Moist Broadleaf Forests,East Deccan moist deciduous forests
2010,82.33555577180415,17.632188335427248,1,8881.0,0.0,5475.0,Tropical & Subtropical Moist Broadleaf Forests,East Deccan moist deciduous forests
2010,82.15344078605844,17.99425192961301,1,8881.0,0.0,5475.0,Tropical & Subtropical Moist Broadleaf Forests,East Deccan moist deciduous forests
2010,81.64514297625878,17.813072957561037,1,2939.0,0.0,1961.0,Tropical & Subtropical Moist Broadleaf Forests,East Deccan moist deciduous forests
2010,82.1481409805259,18.320809510516767,1,2967.0,0.0,1529.0,Tropical & Subtropical Dry Broadleaf Forests,North Deccan dry deciduous forests
2010,77.15147474505342,25.284614061812146,1,350.0,0.0,143.0,Tropical & Subtropical Dry Broadleaf Forests,Khathiar-Gir dry deciduous forests
2010,77.63239937144634,25.991366260332285,1,8617.0,0.0,4375.0,Tropical & Subtropical Dry Broadleaf Forests,Khathiar-Gir dry deciduous forests
2010,77.02313324628658,24.7762601748844,1,8617.0,0.0,4375.0,Tropical & Subtropical Dry Broadleaf Forests,Khathiar-Gir dry deciduous forests
2010,77.01608238111935,24.94970435884747,1,8617.0,0.0,4375.0,Tropical & Subtropical Dry Broadleaf Forests,Khathiar-Gir dry deciduous forests
2010,85.86926985060008,23.40945210356882,1,0.0,0.0,0.0,Tropical & Subtropical Dry Broadleaf Forests,Chhota-Nagpur dry deciduous forests
2010,86.22389388565993,21.619908905331314,1,18509.0,0.0,11249.0,Tropical & Subtropical Moist Broadleaf Forests,East Deccan moist deciduous forests
2010,84.44612574963074,22.095486455147213,1,18509.0,0.0,11249.0,Tropical & Subtropical Moist Broadleaf Forests,East Deccan moist deciduous forests
2010,85.23839669920179,21.758459644876474,1,18509.0,0.0,11249.0,Tropical & Subtropical Moist Broadleaf Forests,East Deccan moist deciduous forests
2010,84.19918406537337,21.658314782309503,1,18509.0,0.0,11249.0,Tropical & Subtropical Moist Broadleaf Forests,East Deccan moist deciduous forests
2010,86.29697778090838,21.57165748329693,1,18509.0,0.0,11249.0,Tropical & Subtropical Moist Broadleaf Forests,East Deccan moist deciduous forests
2010,84.18528181583079,21.097080129233348,1,18509.0,0.0,11249.0,Tropical & Subtropical Moist Broadleaf Forests,East Deccan moist deciduous forests
2010,84.77000792474495,22.177973942173395,1,18509.0,0.0,11249.0,Tropical & Subtropical Moist Broadleaf Forests,East Deccan moist deciduous forests
2010,85.32696228239165,22.336319198895374,1,7912.0,0.0,4945.0,Tropical & Subtropical Dry Broadleaf Forests,Chhota-Nagpur dry deciduous forests
2010,85.95155226793423,22.12747846526464,1,7912.0,0.0,4945.0,Tropical & Subtropical Dry Broadleaf Forests,Chhota-Nagpur dry deciduous forests
2010,85.4822958746022,23.298320189389543,1,7912.0,0.0,4945.0,Tropical & Subtropical Dry Broadleaf Forests,Chhota-Nagpur dry deciduous forests
2010,74.21940113913116,15.622940664834653,1,1430.0,0.0,1056.0,Tropical & Subtropical Moist Broadleaf Forests,North Western Ghats montane rain forests
2010,77.9309197941357,12.403502775421389,1,6737.0,0.0,4566.0,Tropical & Subtropical Dry Broadleaf Forests,South Deccan Plateau dry deciduous forests
2010,76.41318157165091,11.482258689573502,1,6737.0,0.0,4566.0,Tropical & Subtropical Dry Broadleaf Forests,South Deccan Plateau dry deciduous forests
2010,73.96520649596926,16.64802666232588,1,2976.0,0.0,1496.0,Tropical & Subtropical Moist Broadleaf Forests,North Western Ghats montane rain forests
2010,75.95052899221878,11.483730047030141,1,5363.0,0.0,3515.0,Tropical & Subtropical Moist Broadleaf Forests,South Western Ghats montane rain forests
2010,76.0753089122444,11.336243872346445,1,5363.0,0.0,3515.0,Tropical & Subtropical Moist Broadleaf Forests,South Western Ghats montane rain forests
2010,75.58479166905866,13.14464092924092,1,30281.0,0.0,21352.0,Tropical & Subtropical Moist Broadleaf Forests,North Western Ghats montane rain forests
2010,75.18694604315093,13.666087625910867,1,30281.0,0.0,21352.0,Tropical & Subtropical Moist Broadleaf Forests,North Western Ghats montane rain forests
2010,74.66872437240563,14.012473156714293,1,30281.0,0.0,21352.0,Tropical & Subtropical Moist Broadleaf Forests,North Western Ghats montane rain forests
2010,75.04365944346318,13.609188289864088,1,30281.0,0.0,21352.0,Tropical & Subtropical Moist Broadleaf Forests,North Western Ghats montane rain forests
2010,77.33612479180707,11.7836209834424,1,30281.0,0.0,21352.0,Tropical & Subtropical Moist Broadleaf Forests,North Western Ghats montane rain forests
2010,75.61662405154223,13.00279510097744,1,30281.0,0.0,21352.0,Tropical & Subtropical Moist Broadleaf Forests,North Western Ghats montane rain forests
2010,75.0157630995792,14.900852867350256,1,30281.0,0.0,21352.0,Tropical & Subtropical Moist Broadleaf Forests,North Western Ghats montane rain forests
2010,77.55636057464376,11.95783603358925,1,30281.0,0.0,21352.0,Tropical & Subtropical Moist Broadleaf Forests,North Western Ghats montane rain forests
2010,74.79653560183613,14.76698850951513,1,30281.0,0.0,21352.0,Tropical & Subtropical Moist Broadleaf Forests,North Western Ghats montane rain forests
2010,75.79904847106353,13.397880516111474,1,30281.0,0.0,21352.0,Tropical & Subtropical Moist Broadleaf Forests,North Western Ghats montane rain forests
2010,75.16445816387646,13.062421110752863,1,30281.0,0.0,21352.0,Tropical & Subtropical Moist Broadleaf Forests,North Western Ghats montane rain forests
2010,84.17187661051408,27.33300745074859,1,927.0,14.0,680.0,Tropical & Subtropical Moist Broadleaf Forests,Himalayan subtropical broadleaf forests
2010,79.71605407286269,29.820868717598053,1,20335.0,0.0,13328.0,Tropical & Subtropical Coniferous Forests,Himalayan subtropical pine forests
2010,78.72080264441233,29.666273985687624,1,20335.0,0.0,13328.0,Tropical & Subtropical Coniferous Forests,Himalayan subtropical pine forests
2010,80.25608844705552,29.326391667974328,1,20335.0,0.0,13328.0,Tropical & Subtropical Coniferous Forests,Himalayan subtropical pine forests
2010,78.83922411430802,29.761203141684817,1,20335.0,0.0,13328.0,Tropical & Subtropical Coniferous Forests,Himalayan subtropical pine forests
2010,79.92115068887492,29.533960108903752,1,20335.0,0.0,13328.0,Tropical & Subtropical Coniferous Forests,Himalayan subtropical pine forests
2010,79.44189319803436,29.737321176754552,1,20335.0,0.0,13328.0,Tropical & Subtropical Coniferous Forests,Himalayan subtropical pine forests
2010,79.08475109216073,29.402281333548213,1,20335.0,0.0,13328.0,Tropical & Subtropical Coniferous Forests,Himalayan subtropical pine forests
2010,82.7000383097643,27.698802008959497,1,1625.0,0.0,910.0,Tropical & Subtropical Moist Broadleaf Forests,Himalayan subtropical broadleaf forests
2010,94.76337982747962,28.372405647273595,1,61175.0,15.0,53948.0,Temperate Broadleaf & Mixed Forests,Eastern Himalayan broadleaf forests
2010,94.70340908211868,27.78127659572248,1,61175.0,15.0,53948.0,Temperate Broadleaf & Mixed Forests,Eastern Himalayan broadleaf forests
2010,95.1082137626731,28.912547597157115,1,61175.0,15.0,53948.0,Temperate Broadleaf & Mixed Forests,Eastern Himalayan broadleaf forests
2010,95.81976074536195,29.185665371177944,1,61175.0,15.0,53948.0,Temperate Broadleaf & Mixed Forests,Eastern Himalayan broadleaf forests
2010,95.09978221783614,28.078714663577095,1,61175.0,15.0,53948.0,Temperate Broadleaf & Mixed Forests,Eastern Himalayan broadleaf forests
2010,94.43158875439596,28.174447540527993,1,61175.0,15.0,53948.0,Temperate Broadleaf & Mixed Forests,Eastern Himalayan broadleaf forests
2010,94.74505761474646,27.860885836722428,1,61175.0,15.0,53948.0,Temperate Broadleaf & Mixed Forests,Eastern Himalayan broadleaf forests
2010,96.78182573088858,28.217019987629218,1,61175.0,15.0,53948.0,Temperate Broadleaf & Mixed Forests,Eastern Himalayan broadleaf forests
2010,92.16882812272048,27.127426518073992,1,61175.0,15.0,53948.0,Temperate Broadleaf & Mixed Forests,Eastern Himalayan broadleaf forests
2010,94.19484270525791,28.11413160497452,1,61175.0,15.0,53948.0,Temperate Broadleaf & Mixed Forests,Eastern Himalayan broadleaf forests
2010,93.82931495832568,27.723274168226432,1,61175.0,15.0,53948.0,Temperate Broadleaf & Mixed Forests,Eastern Himalayan broadleaf forests
2010,94.89803384265977,28.94732984059126,1,61175.0,15.0,53948.0,Temperate Broadleaf & Mixed Forests,Eastern Himalayan broadleaf forests
2010,95.6713179193403,28.441182269074098,1,61175.0,15.0,53948.0,Temperate Broadleaf & Mixed Forests,Eastern Himalayan broadleaf forests
2010,94.30692045851472,28.197865268848417,1,61175.0,15.0,53948.0,Temperate Broadleaf & Mixed Forests,Eastern Himalayan broadleaf forests
2010,96.47608804543401,28.36602738822547,1,61175.0,15.0,53948.0,Temperate Broadleaf & Mixed Forests,Eastern Himalayan broadleaf forests
2010,94.23818353528897,27.978921106901183,1,61175.0,15.0,53948.0,Temperate Broadleaf & Mixed Forests,Eastern Himalayan broadleaf forests
2010,95.0870421568895,28.458636408847223,1,61175.0,15.0,53948.0,Temperate Broadleaf & Mixed Forests,Eastern Himalayan broadleaf forests
2010,94.54641439416591,28.812570212390764,1,61175.0,15.0,53948.0,Temperate Broadleaf & Mixed Forests,Eastern Himalayan broadleaf forests
2010,94.93854609287872,27.897212331965928,1,61175.0,15.0,53948.0,Temperate Broadleaf & Mixed Forests,Eastern Himalayan broadleaf forests
2010,93.63702189638941,27.961406652728545,1,61175.0,15.0,53948.0,Temperate Broadleaf & Mixed Forests,Eastern Himalayan broadleaf forests
2010,93.05638481870517,27.334599501303206,1,61175.0,15.0,53948.0,Temperate Broadleaf & Mixed Forests,Eastern Himalayan broadleaf forests
2010,93.52563946449287,27.472677750354382,1,61175.0,15.0,53948.0,Temperate Broadleaf & Mixed Forests,Eastern Himalayan broadleaf forests
2010,93.45622770932292,26.987949220371327,1,61175.0,15.0,53948.0,Temperate Broadleaf & Mixed Forests,Eastern Himalayan broadleaf forests
2010,93.56535353879445,27.88364486226169,1,61175.0,15.0,53948.0,Temperate Broadleaf & Mixed Forests,Eastern Himalayan broadleaf forests
2010,92.58156201130957,27.00938621383267,1,61175.0,15.0,53948.0,Temperate Broadleaf & Mixed Forests,Eastern Himalayan broadleaf forests
2010,90.83092092091114,26.72661304209866,1,21917.0,991.0,14685.0,Tropical & Subtropical Moist Broadleaf Forests,Meghalaya subtropical forests
2010,92.55205091292811,25.048310385291007,1,21917.0,991.0,14685.0,Tropical & Subtropical Moist Broadleaf Forests,Meghalaya subtropical forests
2010,91.37323426766247,26.794977190765913,1,21917.0,991.0,14685.0,Tropical & Subtropical Moist Broadleaf Forests,Meghalaya subtropical forests
2010,93.49360323847247,26.663287505695504,1,21917.0,991.0,14685.0,Tropical & Subtropical Moist Broadleaf Forests,Meghalaya subtropical forests
2010,90.59970042982016,26.710658910080255,1,21917.0,991.0,14685.0,Tropical & Subtropical Moist Broadleaf Forests,Meghalaya subtropical forests
2010,93.19275670067016,25.606513386721968,1,21917.0,991.0,14685.0,Tropical & Subtropical Moist Broadleaf Forests,Meghalaya subtropical forests
2010,90.31371995282454,26.811118444284986,1,21917.0,991.0,14685.0,Tropical & Subtropical Moist Broadleaf Forests,Meghalaya subtropical forests
2010,92.16705438152806,25.74291618393275,1,21917.0,991.0,14685.0,Tropical & Subtropical Moist Broadleaf Forests,Meghalaya subtropical forests
2010,93.09851638870626,25.69474580681879,1,21917.0,991.0,14685.0,Tropical & Subtropical Moist Broadleaf Forests,Meghalaya subtropical forests
2010,96.21102218544381,27.974389794464507,1,13187.0,77.0,10826.0,Temperate Broadleaf & Mixed Forests,Eastern Himalayan broadleaf forests
2010,96.81526156992581,27.771722986100443,1,13187.0,77.0,10826.0,Temperate Broadleaf & Mixed Forests,Eastern Himalayan broadleaf forests
2010,95.41119329500037,27.001068616674118,1,13187.0,77.0,10826.0,Temperate Broadleaf & Mixed Forests,Eastern Himalayan broadleaf forests
2010,95.52490317370818,26.92251100600338,1,13187.0,77.0,10826.0,Temperate Broadleaf & Mixed Forests,Eastern Himalayan broadleaf forests
2010,95.29224480506298,26.981889922786074,1,13187.0,77.0,10826.0,Temperate Broadleaf & Mixed Forests,Eastern Himalayan broadleaf forests
2010,89.57775289578547,26.64503949112432,1,3475.0,0.0,2092.0,Temperate Broadleaf & Mixed Forests,Eastern Himalayan broadleaf forests
2010,88.83151690471294,27.257335456798458,1,15.0,0.0,14.0,Temperate Conifer Forests,Eastern Himalayan subalpine conifer forests
2010,95.18019222204717,26.698807826368466,1,15644.0,0.0,11629.0,Tropical & Subtropical Moist Broadleaf Forests,Mizoram-Manipur-Kachin rain forests
2010,94.735264232423,26.169067817015023,1,15644.0,0.0,11629.0,Tropical & Subtropical Moist Broadleaf Forests,Mizoram-Manipur-Kachin rain forests
2010,94.81010447414394,26.562899437095954,1,15644.0,0.0,11629.0,Tropical & Subtropical Moist Broadleaf Forests,Mizoram-Manipur-Kachin rain forests
2010,93.59985758759632,25.279919452846205,1,15644.0,0.0,11629.0,Tropical & Subtropical Moist Broadleaf Forests,Mizoram-Manipur-Kachin rain forests
2010,94.80918412901335,25.77653631806539,1,15644.0,0.0,11629.0,Tropical & Subtropical Moist Broadleaf Forests,Mizoram-Manipur-Kachin rain forests
2010,94.50169160379421,26.02622350660321,1,15644.0,0.0,11629.0,Tropical & Subtropical Moist Broadleaf Forests,Mizoram-Manipur-Kachin rain forests
2010,93.23421602562723,24.876241015955156,1,44.0,0.0,41.0,Tropical & Subtropical Moist Broadleaf Forests,Mizoram-Manipur-Kachin rain forests
2010,92.58093795702413,25.46913415133047,1,170.0,0.0,146.0,Tropical & Subtropical Moist Broadleaf Forests,Meghalaya subtropical forests
2010,83.67690613511245,18.74251666049012,1,1926.0,0.0,1079.0,Tropical & Subtropical Moist Broadleaf Forests,East Deccan moist deciduous forests
2010,83.9705821911209,19.474591725853436,1,27848.0,0.0,17670.0,Tropical & Subtropical Moist Broadleaf Forests,East Deccan moist deciduous forests
2010,83.9474356015563,19.98912367980932,1,27848.0,0.0,17670.0,Tropical & Subtropical Moist Broadleaf Forests,East Deccan moist deciduous forests
2010,84.02608066728376,20.74787287536461,1,27848.0,0.0,17670.0,Tropical & Subtropical Moist Broadleaf Forests,East Deccan moist deciduous forests
2010,83.78007087464029,20.534914365395554,1,27848.0,0.0,17670.0,Tropical & Subtropical Moist Broadleaf Forests,East Deccan moist deciduous forests
2010,84.82292866286589,20.434112927876463,1,27848.0,0.0,17670.0,Tropical & Subtropical Moist Broadleaf Forests,East Deccan moist deciduous forests
2010,83.1836263705057,19.038865008723864,1,27848.0,0.0,17670.0,Tropical & Subtropical Moist Broadleaf Forests,East Deccan moist deciduous forests
2010,84.44022238543361,19.487515429558922,1,27848.0,0.0,17670.0,Tropical & Subtropical Moist Broadleaf Forests,East Deccan moist deciduous forests
2010,84.02764361527181,20.60916398895451,1,27848.0,0.0,17670.0,Tropical & Subtropical Moist Broadleaf Forests,East Deccan moist deciduous forests
2010,85.19495206611292,20.496129084039566,1,27848.0,0.0,17670.0,Tropical & Subtropical Moist Broadleaf Forests,East Deccan moist deciduous forests
2010,84.2094416590741,19.7071020584921,1,27848.0,0.0,17670.0,Tropical & Subtropical Moist Broadleaf Forests,East Deccan moist deciduous forests
2010,83.31874352533924,19.191981748491326,1,27848.0,0.0,17670.0,Tropical & Subtropical Moist Broadleaf Forests,East Deccan moist deciduous forests
2011,76.8454694000359,20.288232593428546,1,567.0,0.0,272.0,Tropical & Subtropical Dry Broadleaf Forests,Central Deccan Plateau dry deciduous forests
2011,80.66713312635251,23.501714070985727,1,1760.0,0.0,928.0,Tropical & Subtropical Dry Broadleaf Forests,Narmada Valley dry deciduous forests
2011,78.49807983442986,19.314249319581418,1,6967.0,0.0,4114.0,Tropical & Subtropical Moist Broadleaf Forests,East Deccan moist deciduous forests
2011,78.85382209899649,19.36553105568388,1,6967.0,0.0,4114.0,Tropical & Subtropical Moist Broadleaf Forests,East Deccan moist deciduous forests
2011,79.04017580107568,19.530044708231525,1,6967.0,0.0,4114.0,Tropical & Subtropical Moist Broadleaf Forests,East Deccan moist deciduous forests
2011,79.3900197085187,19.660128965893612,1,992.0,0.0,521.0,Tropical & Subtropical Moist Broadleaf Forests,East Deccan moist deciduous forests
2011,77.23286461360483,22.83919984733719,1,5141.0,0.0,2451.0,Tropical & Subtropical Dry Broadleaf Forests,Narmada Valley dry deciduous forests
2011,76.18140264521722,22.81791626991699,1,5141.0,0.0,2451.0,Tropical & Subtropical Dry Broadleaf Forests,Narmada Valley dry deciduous forests
2011,88.86833440469101,21.8285079776874,1,1451.0,716.0,1335.0,Mangroves,Sundarbans mangroves
2011,75.68669156888687,22.423892570771244,1,780.0,0.0,419.0,Tropical & Subtropical Dry Broadleaf Forests,Narmada Valley dry deciduous forests
2011,79.54239325917699,19.547339312665237,1,0.0,0.0,0.0,Tropical & Subtropical Moist Broadleaf Forests,East Deccan moist deciduous forests
2011,79.60783734375823,19.611809968523094,1,4217.0,0.0,2586.0,Tropical & Subtropical Dry Broadleaf Forests,Central Deccan Plateau dry deciduous forests
2011,79.62244119693048,20.076203613341423,1,4217.0,0.0,2586.0,Tropical & Subtropical Dry Broadleaf Forests,Central Deccan Plateau dry deciduous forests
2011,80.98062801238373,25.21254055302972,1,860.0,0.0,485.0,Tropical & Subtropical Moist Broadleaf Forests,Upper Gangetic Plains moist deciduous forests
2011,79.16053844008547,24.14696451014904,1,7188.0,0.0,3940.0,Tropical & Subtropical Dry Broadleaf Forests,Narmada Valley dry deciduous forests
2011,79.77512433494454,24.417945738176915,1,7188.0,0.0,3940.0,Tropical & Subtropical Dry Broadleaf Forests,Narmada Valley dry deciduous forests
2011,80.42371480036795,24.770563106855207,1,7188.0,0.0,3940.0,Tropical & Subtropical Dry Broadleaf Forests,Narmada Valley dry deciduous forests
2011,76.03575964732538,26.978672185927604,1,2380.0,0.0,1299.0,Tropical & Subtropical Dry Broadleaf Forests,Khathiar-Gir dry deciduous forests
2011,76.3978664918811,25.930754203127908,1,490.0,0.0,263.0,Tropical & Subtropical Dry Broadleaf Forests,Khathiar-Gir dry deciduous forests
2011,78.90752165423022,23.398107982831,1,789.0,0.0,327.0,Tropical & Subtropical Dry Broadleaf Forests,Narmada Valley dry deciduous forests
2011,83.215781860993,20.554002329644725,1,389.0,0.0,148.0,Tropical & Subtropical Dry Broadleaf Forests,North Deccan dry deciduous forests
2011,82.36095463628052,21.310782226801354,1,1383.0,0.0,786.0,Tropical & Subtropical Moist Broadleaf Forests,East Deccan moist deciduous forests
2011,77.32269058443676,9.165079630743733,1,2644.0,0.0,1683.0,Tropical & Subtropical Moist Broadleaf Forests,South Western Ghats moist deciduous forests
2011,77.0583500698396,9.09535110659507,1,4539.0,0.0,3324.0,Tropical & Subtropical Moist Broadleaf Forests,South Western Ghats montane rain forests
2011,77.17257670311922,9.203931881411068,1,4539.0,0.0,3324.0,Tropical & Subtropical Moist Broadleaf Forests,South Western Ghats montane rain forests
2011,84.37252890689022,22.33223827148177,1,332.0,0.0,149.0,Tropical & Subtropical Dry Broadleaf Forests,Chhota-Nagpur dry deciduous forests
2011,74.65307250301467,21.759659846407533,1,364.0,0.0,155.0,Deserts & Xeric Shrublands,Deccan thorn scrub forests
2011,74.506589291058,21.839893269223335,1,4.0,0.0,3.0,Deserts & Xeric Shrublands,Deccan thorn scrub forests
2011,79.08170549506558,20.786787961754715,1,398.0,0.0,157.0,Tropical & Subtropical Dry Broadleaf Forests,Central Deccan Plateau dry deciduous forests
2011,78.60386479057681,20.943633500985623,1,647.0,0.0,266.0,Tropical & Subtropical Dry Broadleaf Forests,Central Deccan Plateau dry deciduous forests
2011,77.4700014841189,10.330097168135993,1,3158.0,0.0,1935.0,Tropical & Subtropical Moist Broadleaf Forests,South Western Ghats moist deciduous forests
2011,77.20621357801498,10.021456004268208,1,4022.0,0.0,2833.0,Tropical & Subtropical Moist Broadleaf Forests,South Western Ghats montane rain forests
2011,77.12505443933674,25.284720290494747,1,349.0,0.0,142.0,Tropical & Subtropical Dry Broadleaf Forests,Khathiar-Gir dry deciduous forests
2011,77.18979532666417,25.555101645733966,1,8624.0,0.0,4378.0,Tropical & Subtropical Dry Broadleaf Forests,Khathiar-Gir dry deciduous forests
2011,77.17145913483346,25.825521218572568,1,8624.0,0.0,4378.0,Tropical & Subtropical Dry Broadleaf Forests,Khathiar-Gir dry deciduous forests
2011,76.91019375761215,25.01756256000914,1,8624.0,0.0,4378.0,Tropical & Subtropical Dry Broadleaf Forests,Khathiar-Gir dry deciduous forests
2011,79.43347853325683,13.491554531833083,1,8082.0,0.0,5293.0,Deserts & Xeric Shrublands,Deccan thorn scrub forests
2011,78.78050243722151,14.365507130889704,1,8082.0,0.0,5293.0,Deserts & Xeric Shrublands,Deccan thorn scrub forests
2011,78.95325414602063,14.299003902896633,1,8082.0,0.0,5293.0,Deserts & Xeric Shrublands,Deccan thorn scrub forests
2011,95.41912326785123,27.70797067546529,1,248.0,0.0,111.0,Tropical & Subtropical Moist Broadleaf Forests,Brahmaputra Valley semi-evergreen forests
2011,79.3536074433207,16.22454654520859,1,7991.0,0.0,5786.0,Tropical & Subtropical Dry Broadleaf Forests,Central Deccan Plateau dry deciduous forests
2011,78.67476727644525,15.268041204515148,1,7991.0,0.0,5786.0,Tropical & Subtropical Dry Broadleaf Forests,Central Deccan Plateau dry deciduous forests
2011,79.08999502566101,16.089546458058912,1,7991.0,0.0,5786.0,Tropical & Subtropical Dry Broadleaf Forests,Central Deccan Plateau dry deciduous forests
2011,78.63673464314515,16.129793384966735,1,1732.0,0.0,1325.0,Tropical & Subtropical Dry Broadleaf Forests,Central Deccan Plateau dry deciduous forests
2011,79.36426194845941,23.404086742683184,1,1635.0,0.0,697.0,Tropical & Subtropical Dry Broadleaf Forests,Narmada Valley dry deciduous forests
2011,77.35722653772608,22.082112207146004,1,10569.0,0.0,6397.0,Tropical & Subtropical Moist Broadleaf Forests,East Deccan moist deciduous forests
2011,77.58690643006474,22.448331669487764,1,10569.0,0.0,6397.0,Tropical & Subtropical Moist Broadleaf Forests,East Deccan moist deciduous forests
2011,78.41231614436096,22.52892190435511,1,10569.0,0.0,6397.0,Tropical & Subtropical Moist Broadleaf Forests,East Deccan moist deciduous forests
2011,77.68733420142517,22.379477768207735,1,10569.0,0.0,6397.0,Tropical & Subtropical Moist Broadleaf Forests,East Deccan moist deciduous forests
2011,76.66595950033269,21.33352907964405,1,4092.0,0.0,2711.0,Tropical & Subtropical Dry Broadleaf Forests,Narmada Valley dry deciduous forests
2011,77.29024534631034,21.48969465006668,1,4092.0,0.0,2711.0,Tropical & Subtropical Dry Broadleaf Forests,Narmada Valley dry deciduous forests
2011,79.95703733963452,28.726211412033916,1,5.0,0.0,1.0,Tropical & Subtropical Moist Broadleaf Forests,Upper Gangetic Plains moist deciduous forests
2011,80.18636021306537,28.62284676034706,1,961.0,0.0,428.0,Tropical & Subtropical Moist Broadleaf Forests,Upper Gangetic Plains moist deciduous forests
2011,78.0266346821587,30.21310057766836,1,738.0,0.0,430.0,Tropical & Subtropical Moist Broadleaf Forests,Upper Gangetic Plains moist deciduous forests
2011,90.36533995435666,26.757922578785458,1,2425.0,540.0,1705.0,Tropical & Subtropical Moist Broadleaf Forests,Brahmaputra Valley semi-evergreen forests
2011,88.17383296359775,26.997688088808925,1,2458.0,0.0,1530.0,Temperate Broadleaf & Mixed Forests,Eastern Himalayan broadleaf forests
2011,88.82742914164118,27.263842484591287,1,15.0,0.0,14.0,Temperate Conifer Forests,Eastern Himalayan subalpine conifer forests
2011,81.98781828950248,23.76465109270678,1,14853.0,0.0,9948.0,Tropical & Subtropical Dry Broadleaf Forests,Chhota-Nagpur dry deciduous forests
2011,82.36121344932337,23.409703169707218,1,14853.0,0.0,9948.0,Tropical & Subtropical Dry Broadleaf Forests,Chhota-Nagpur dry deciduous forests
2011,83.92136518038748,23.21062761723522,1,14853.0,0.0,9948.0,Tropical & Subtropical Dry Broadleaf Forests,Chhota-Nagpur dry deciduous forests
2011,82.23247037174326,23.490592358636732,1,14853.0,0.0,9948.0,Tropical & Subtropical Dry Broadleaf Forests,Chhota-Nagpur dry deciduous forests
2011,83.57165381826154,22.948886676034316,1,14853.0,0.0,9948.0,Tropical & Subtropical Dry Broadleaf Forests,Chhota-Nagpur dry deciduous forests
2011,82.00563377754017,23.61588851242394,1,14853.0,0.0,9948.0,Tropical & Subtropical Dry Broadleaf Forests,Chhota-Nagpur dry deciduous forests
2011,83.78108345512042,24.683153269777595,1,1654.0,0.0,709.0,Tropical & Subtropical Moist Broadleaf Forests,Lower Gangetic Plains moist deciduous forests
2011,83.15126498446922,24.62649275893926,1,3596.0,0.0,2007.0,Tropical & Subtropical Dry Broadleaf Forests,Chhota-Nagpur dry deciduous forests
2011,85.29669153541222,21.855698782105673,1,18682.0,0.0,11364.0,Tropical & Subtropical Moist Broadleaf Forests,East Deccan moist deciduous forests
2011,84.62159398913475,21.830644649035445,1,18682.0,0.0,11364.0,Tropical & Subtropical Moist Broadleaf Forests,East Deccan moist deciduous forests
2011,84.57749359578904,21.619557955391585,1,18682.0,0.0,11364.0,Tropical & Subtropical Moist Broadleaf Forests,East Deccan moist deciduous forests
2011,85.71712953131865,21.079265043064243,1,18682.0,0.0,11364.0,Tropical & Subtropical Moist Broadleaf Forests,East Deccan moist deciduous forests
2011,84.48927454263907,21.26350855644435,1,18682.0,0.0,11364.0,Tropical & Subtropical Moist Broadleaf Forests,East Deccan moist deciduous forests
2011,84.68478048729682,21.207053663023157,1,18682.0,0.0,11364.0,Tropical & Subtropical Moist Broadleaf Forests,East Deccan moist deciduous forests
2011,85.65502591787106,21.26355392394449,1,18682.0,0.0,11364.0,Tropical & Subtropical Moist Broadleaf Forests,East Deccan moist deciduous forests
2011,82.44707477856147,24.570276372262757,1,9733.0,0.0,5471.0,Tropical & Subtropical Dry Broadleaf Forests,Narmada Valley dry deciduous forests
2011,82.30986188946815,23.840674174357783,1,9733.0,0.0,5471.0,Tropical & Subtropical Dry Broadleaf Forests,Narmada Valley dry deciduous forests
2011,81.09822986902041,23.14815243041512,1,9733.0,0.0,5471.0,Tropical & Subtropical Dry Broadleaf Forests,Narmada Valley dry deciduous forests
2011,81.08367872758453,23.035021135685234,1,9733.0,0.0,5471.0,Tropical & Subtropical Dry Broadleaf Forests,Narmada Valley dry deciduous forests
2011,85.50164874706728,22.360566048392812,1,24592.0,0.0,14766.0,Tropical & Subtropical Dry Broadleaf Forests,Chhota-Nagpur dry deciduous forests
2011,85.38273902497559,23.01050903867802,1,24592.0,0.0,14766.0,Tropical & Subtropical Dry Broadleaf Forests,Chhota-Nagpur dry deciduous forests
2011,85.49026657610506,22.949811981394628,1,24592.0,0.0,14766.0,Tropical & Subtropical Dry Broadleaf Forests,Chhota-Nagpur dry deciduous forests
2011,84.81015589487383,22.582063510107268,1,24592.0,0.0,14766.0,Tropical & Subtropical Dry Broadleaf Forests,Chhota-Nagpur dry deciduous forests
2011,85.63619195527544,22.92150472542867,1,24592.0,0.0,14766.0,Tropical & Subtropical Dry Broadleaf Forests,Chhota-Nagpur dry deciduous forests
2011,84.04769624253626,23.773132499203786,1,24592.0,0.0,14766.0,Tropical & Subtropical Dry Broadleaf Forests,Chhota-Nagpur dry deciduous forests
2011,84.9542068151564,24.273337453987537,1,24592.0,0.0,14766.0,Tropical & Subtropical Dry Broadleaf Forests,Chhota-Nagpur dry deciduous forests
2011,84.67084648532486,22.582618555370264,1,24592.0,0.0,14766.0,Tropical & Subtropical Dry Broadleaf Forests,Chhota-Nagpur dry deciduous forests
2011,84.67363537632613,24.004281506556808,1,24592.0,0.0,14766.0,Tropical & Subtropical Dry Broadleaf Forests,Chhota-Nagpur dry deciduous forests
2011,82.054740510914,22.89378493627175,1,45934.0,0.0,31703.0,Tropical & Subtropical Moist Broadleaf Forests,East Deccan moist deciduous forests
2011,83.15963057803509,22.06291115321586,1,45934.0,0.0,31703.0,Tropical & Subtropical Moist Broadleaf Forests,East Deccan moist deciduous forests
2011,80.91526099964815,21.99345913120919,1,45934.0,0.0,31703.0,Tropical & Subtropical Moist Broadleaf Forests,East Deccan moist deciduous forests
2011,81.9683289070226,22.609905220443956,1,45934.0,0.0,31703.0,Tropical & Subtropical Moist Broadleaf Forests,East Deccan moist deciduous forests
2011,81.02115443146063,20.503752743267693,1,45934.0,0.0,31703.0,Tropical & Subtropical Moist Broadleaf Forests,East Deccan moist deciduous forests
2011,83.00852265998559,22.51139763994113,1,45934.0,0.0,31703.0,Tropical & Subtropical Moist Broadleaf Forests,East Deccan moist deciduous forests
2011,81.606788414437,20.17505899436447,1,45934.0,0.0,31703.0,Tropical & Subtropical Moist Broadleaf Forests,East Deccan moist deciduous forests
2011,81.40734220525866,20.274153996966007,1,45934.0,0.0,31703.0,Tropical & Subtropical Moist Broadleaf Forests,East Deccan moist deciduous forests
2011,81.0036812193208,21.801802673824678,1,45934.0,0.0,31703.0,Tropical & Subtropical Moist Broadleaf Forests,East Deccan moist deciduous forests
2011,80.94888792302363,19.847556342983165,1,45934.0,0.0,31703.0,Tropical & Subtropical Moist Broadleaf Forests,East Deccan moist deciduous forests
2011,80.57441879602379,19.342223260297253,1,45934.0,0.0,31703.0,Tropical & Subtropical Moist Broadleaf Forests,East Deccan moist deciduous forests
2011,81.0028469556765,20.603887448276396,1,45934.0,0.0,31703.0,Tropical & Subtropical Moist Broadleaf Forests,East Deccan moist deciduous forests
2011,82.15369940852635,20.032277695169903,1,45934.0,0.0,31703.0,Tropical & Subtropical Moist Broadleaf Forests,East Deccan moist deciduous forests
2011,83.35164431699518,22.435982295415553,1,45934.0,0.0,31703.0,Tropical & Subtropical Moist Broadleaf Forests,East Deccan moist deciduous forests
2011,81.1641189228793,20.383848896762995,1,45934.0,0.0,31703.0,Tropical & Subtropical Moist Broadleaf Forests,East Deccan moist deciduous forests
2011,81.78899070320749,20.58420549867025,1,45934.0,0.0,31703.0,Tropical & Subtropical Moist Broadleaf Forests,East Deccan moist deciduous forests
2011,80.54701954865551,19.02939911176194,1,45934.0,0.0,31703.0,Tropical & Subtropical Moist Broadleaf Forests,East Deccan moist deciduous forests
2011,81.32149102776125,18.57471173549514,1,45934.0,0.0,31703.0,Tropical & Subtropical Moist Broadleaf Forests,East Deccan moist deciduous forests
2011,80.43180496551187,17.54710850386582,1,11894.0,0.0,7466.0,Tropical & Subtropical Moist Broadleaf Forests,East Deccan moist deciduous forests
2011,80.12079935785825,18.009945018141785,1,11894.0,0.0,7466.0,Tropical & Subtropical Moist Broadleaf Forests,East Deccan moist deciduous forests
2011,80.55958368077893,17.758096397167577,1,11894.0,0.0,7466.0,Tropical & Subtropical Moist Broadleaf Forests,East Deccan moist deciduous forests
2011,79.72498193014356,18.967659659048465,1,11894.0,0.0,7466.0,Tropical & Subtropical Moist Broadleaf Forests,East Deccan moist deciduous forests
2011,80.58647463918462,18.11731728464996,1,11894.0,0.0,7466.0,Tropical & Subtropical Moist Broadleaf Forests,East Deccan moist deciduous forests
2011,82.42617431846948,20.096523798743714,1,3992.0,0.0,2334.0,Tropical & Subtropical Dry Broadleaf Forests,North Deccan dry deciduous forests
2011,82.42624121600984,20.181231651979733,1,3992.0,0.0,2334.0,Tropical & Subtropical Dry Broadleaf Forests,North Deccan dry deciduous forests
2011,80.6786395097045,21.55232697772456,1,12558.0,0.0,8245.0,Tropical & Subtropical Moist Broadleaf Forests,East Deccan moist deciduous forests
2011,80.68458123279152,21.647747686854167,1,12558.0,0.0,8245.0,Tropical & Subtropical Moist Broadleaf Forests,East Deccan moist deciduous forests
2011,81.5569357983333,22.71113996121687,1,12558.0,0.0,8245.0,Tropical & Subtropical Moist Broadleaf Forests,East Deccan moist deciduous forests
2011,80.55795203679406,22.53619230724255,1,12558.0,0.0,8245.0,Tropical & Subtropical Moist Broadleaf Forests,East Deccan moist deciduous forests
2011,79.85965452106927,22.169365165568472,1,12558.0,0.0,8245.0,Tropical & Subtropical Moist Broadleaf Forests,East Deccan moist deciduous forests
2011,80.13967307759305,20.52528221988857,1,16491.0,0.0,11853.0,Tropical & Subtropical Dry Broadleaf Forests,Central Deccan Plateau dry deciduous forests
2011,80.04655944758349,20.45781460301795,1,16491.0,0.0,11853.0,Tropical & Subtropical Dry Broadleaf Forests,Central Deccan Plateau dry deciduous forests
2011,80.4461787789831,20.730873101963596,1,16491.0,0.0,11853.0,Tropical & Subtropical Dry Broadleaf Forests,Central Deccan Plateau dry deciduous forests
2011,80.1914782049945,21.079994764191163,1,16491.0,0.0,11853.0,Tropical & Subtropical Dry Broadleaf Forests,Central Deccan Plateau dry deciduous forests
2011,80.30845227105283,18.847903419572205,1,16491.0,0.0,11853.0,Tropical & Subtropical Dry Broadleaf Forests,Central Deccan Plateau dry deciduous forests
2011,80.63370956035105,19.643212809880286,1,16491.0,0.0,11853.0,Tropical & Subtropical Dry Broadleaf Forests,Central Deccan Plateau dry deciduous forests
2011,81.78620629447595,18.821509715454862,1,1286.0,0.0,880.0,Tropical & Subtropical Dry Broadleaf Forests,North Deccan dry deciduous forests
2011,81.87457788298096,17.839382719000923,1,9324.0,0.0,5941.0,Tropical & Subtropical Moist Broadleaf Forests,East Deccan moist deciduous forests
2011,81.69577605565941,17.592257420616935,1,9324.0,0.0,5941.0,Tropical & Subtropical Moist Broadleaf Forests,East Deccan moist deciduous forests
2011,82.7059048995687,18.006683658731884,1,9324.0,0.0,5941.0,Tropical & Subtropical Moist Broadleaf Forests,East Deccan moist deciduous forests
2011,82.36251122882616,17.571261384435477,1,9324.0,0.0,5941.0,Tropical & Subtropical Moist Broadleaf Forests,East Deccan moist deciduous forests
2011,81.44624280670148,17.555608035199437,1,2951.0,0.0,1953.0,Tropical & Subtropical Moist Broadleaf Forests,East Deccan moist deciduous forests
2011,81.8436480230564,18.012004986092986,1,2962.0,0.0,1523.0,Tropical & Subtropical Dry Broadleaf Forests,North Deccan dry deciduous forests
2011,83.1860186947704,18.694928279492416,1,1942.0,0.0,1101.0,Tropical & Subtropical Moist Broadleaf Forests,East Deccan moist deciduous forests
2011,83.74948808555233,20.357900455425238,1,28063.0,0.0,17781.0,Tropical & Subtropical Moist Broadleaf Forests,East Deccan moist deciduous forests
2011,85.0144183524304,20.258289928756565,1,28063.0,0.0,17781.0,Tropical & Subtropical Moist Broadleaf Forests,East Deccan moist deciduous forests
2011,83.75433336681175,19.038418759699443,1,28063.0,0.0,17781.0,Tropical & Subtropical Moist Broadleaf Forests,East Deccan moist deciduous forests
2011,84.28413507014751,19.28915070527465,1,28063.0,0.0,17781.0,Tropical & Subtropical Moist Broadleaf Forests,East Deccan moist deciduous forests
2011,84.44353672612999,20.853774938505016,1,28063.0,0.0,17781.0,Tropical & Subtropical Moist Broadleaf Forests,East Deccan moist deciduous forests
2011,84.73568770609714,20.417219641914045,1,28063.0,0.0,17781.0,Tropical & Subtropical Moist Broadleaf Forests,East Deccan moist deciduous forests
2011,84.96997632568178,20.524981279164095,1,28063.0,0.0,17781.0,Tropical & Subtropical Moist Broadleaf Forests,East Deccan moist deciduous forests
2011,84.1108588079601,19.37821294787416,1,28063.0,0.0,17781.0,Tropical & Subtropical Moist Broadleaf Forests,East Deccan moist deciduous forests
2011,84.15468324606402,20.525515647851755,1,28063.0,0.0,17781.0,Tropical & Subtropical Moist Broadleaf Forests,East Deccan moist deciduous forests
2011,83.85029410034208,20.2401536671936,1,28063.0,0.0,17781.0,Tropical & Subtropical Moist Broadleaf Forests,East Deccan moist deciduous forests
2011,84.68534100233967,20.173501062002906,1,28063.0,0.0,17781.0,Tropical & Subtropical Moist Broadleaf Forests,East Deccan moist deciduous forests
2011,84.40794211340659,27.370765367054787,1,923.0,14.0,680.0,Tropical & Subtropical Moist Broadleaf Forests,Himalayan subtropical broadleaf forests
2011,78.24631606328352,29.83272562090325,1,20643.0,0.0,13555.0,Tropical & Subtropical Coniferous Forests,Himalayan subtropical pine forests
2011,79.54312186116024,29.871272602869873,1,20643.0,0.0,13555.0,Tropical & Subtropical Coniferous Forests,Himalayan subtropical pine forests
2011,78.83177168386854,30.420725909467542,1,20643.0,0.0,13555.0,Tropical & Subtropical Coniferous Forests,Himalayan subtropical pine forests
2011,78.89325689958312,30.29627435667017,1,20643.0,0.0,13555.0,Tropical & Subtropical Coniferous Forests,Himalayan subtropical pine forests
2011,78.18249288111434,30.40528432395165,1,20643.0,0.0,13555.0,Tropical & Subtropical Coniferous Forests,Himalayan subtropical pine forests
2011,78.73690791905813,30.080793828447362,1,20643.0,0.0,13555.0,Tropical & Subtropical Coniferous Forests,Himalayan subtropical pine forests
2011,78.60062163169343,30.097471304500893,1,20643.0,0.0,13555.0,Tropical & Subtropical Coniferous Forests,Himalayan subtropical pine forests
2011,79.15477162151515,29.90096897878018,1,20643.0,0.0,13555.0,Tropical & Subtropical Coniferous Forests,Himalayan subtropical pine forests
2011,79.28748778306414,29.201087498015408,1,20643.0,0.0,13555.0,Tropical & Subtropical Coniferous Forests,Himalayan subtropical pine forests
2011,81.22799240060752,28.2650836919315,1,1618.0,0.0,902.0,Tropical & Subtropical Moist Broadleaf Forests,Himalayan subtropical broadleaf forests
2011,74.19925293809462,14.964770655055785,1,1547.0,0.0,1146.0,Tropical & Subtropical Moist Broadleaf Forests,North Western Ghats montane rain forests
2011,78.01282259960917,12.258342467378531,1,7207.0,0.0,4791.0,Tropical & Subtropical Dry Broadleaf Forests,South Deccan Plateau dry deciduous forests
2011,77.67174290423827,11.829437761532988,1,7207.0,0.0,4791.0,Tropical & Subtropical Dry Broadleaf Forests,South Deccan Plateau dry deciduous forests
2011,74.10235473724359,16.15729434184838,1,3009.0,0.0,1520.0,Tropical & Subtropical Moist Broadleaf Forests,North Western Ghats montane rain forests
2011,75.63438455860894,12.136531719993572,1,5481.0,0.0,3580.0,Tropical & Subtropical Moist Broadleaf Forests,South Western Ghats montane rain forests
2011,75.25206593748788,12.299615510267254,1,5481.0,0.0,3580.0,Tropical & Subtropical Moist Broadleaf Forests,South Western Ghats montane rain forests
2011,76.13441060470427,12.064546285097707,1,30875.0,0.0,21482.0,Tropical & Subtropical Moist Broadleaf Forests,North Western Ghats montane rain forests
2011,74.5761855679416,15.352534869839124,1,30875.0,0.0,21482.0,Tropical & Subtropical Moist Broadleaf Forests,North Western Ghats montane rain forests
2011,74.51725928695986,15.126761650680017,1,30875.0,0.0,21482.0,Tropical & Subtropical Moist Broadleaf Forests,North Western Ghats montane rain forests
2011,74.53865332980462,14.502784447142956,1,30875.0,0.0,21482.0,Tropical & Subtropical Moist Broadleaf Forests,North Western Ghats montane rain forests
2011,75.62094701588107,13.016539581882759,1,30875.0,0.0,21482.0,Tropical & Subtropical Moist Broadleaf Forests,North Western Ghats montane rain forests
2011,75.38442195034332,13.20138353791993,1,30875.0,0.0,21482.0,Tropical & Subtropical Moist Broadleaf Forests,North Western Ghats montane rain forests
2011,75.52737234783224,12.438459869674325,1,30875.0,0.0,21482.0,Tropical & Subtropical Moist Broadleaf Forests,North Western Ghats montane rain forests
2011,74.58169807023631,14.576516588972144,1,30875.0,0.0,21482.0,Tropical & Subtropical Moist Broadleaf Forests,North Western Ghats montane rain forests
2011,75.74915510471514,13.618889357338297,1,30875.0,0.0,21482.0,Tropical & Subtropical Moist Broadleaf Forests,North Western Ghats montane rain forests
2011,75.29245600006101,13.754485119894124,1,30875.0,0.0,21482.0,Tropical & Subtropical Moist Broadleaf Forests,North Western Ghats montane rain forests
2011,74.60432535599165,14.182849012182755,1,30875.0,0.0,21482.0,Tropical & Subtropical Moist Broadleaf Forests,North Western Ghats montane rain forests
2011,93.3974689832242,27.100793544236062,1,61187.0,15.0,53956.0,Temperate Broadleaf & Mixed Forests,Eastern Himalayan broadleaf forests
2011,94.85221607637358,29.132995984202235,1,61187.0,15.0,53956.0,Temperate Broadleaf & Mixed Forests,Eastern Himalayan broadleaf forests
2011,95.71879222133532,28.94329629805915,1,61187.0,15.0,53956.0,Temperate Broadleaf & Mixed Forests,Eastern Himalayan broadleaf forests
2011,95.21289769964788,28.159727021999025,1,61187.0,15.0,53956.0,Temperate Broadleaf & Mixed Forests,Eastern Himalayan broadleaf forests
2011,95.00523296002315,29.103236506290344,1,61187.0,15.0,53956.0,Temperate Broadleaf & Mixed Forests,Eastern Himalayan broadleaf forests
2011,94.78477782633281,28.471891289546626,1,61187.0,15.0,53956.0,Temperate Broadleaf & Mixed Forests,Eastern Himalayan broadleaf forests
2011,94.91876890762555,29.148763318587722,1,61187.0,15.0,53956.0,Temperate Broadleaf & Mixed Forests,Eastern Himalayan broadleaf forests
2011,93.21812222855192,27.558562136444383,1,61187.0,15.0,53956.0,Temperate Broadleaf & Mixed Forests,Eastern Himalayan broadleaf forests
2011,91.69452228932556,27.541915417443832,1,61187.0,15.0,53956.0,Temperate Broadleaf & Mixed Forests,Eastern Himalayan broadleaf forests
2011,92.16462880060944,27.18864341631289,1,61187.0,15.0,53956.0,Temperate Broadleaf & Mixed Forests,Eastern Himalayan broadleaf forests
2011,93.14324019137503,27.55218340196883,1,61187.0,15.0,53956.0,Temperate Broadleaf & Mixed Forests,Eastern Himalayan broadleaf forests
2011,95.22649195585969,28.03935531889044,1,61187.0,15.0,53956.0,Temperate Broadleaf & Mixed Forests,Eastern Himalayan broadleaf forests
2011,92.7627875222663,27.552224723216362,1,61187.0,15.0,53956.0,Temperate Broadleaf & Mixed Forests,Eastern Himalayan broadleaf forests
2011,94.08076229209124,28.467102989580354,1,61187.0,15.0,53956.0,Temperate Broadleaf & Mixed Forests,Eastern Himalayan broadleaf forests
2011,93.68981941622312,28.298914159092615,1,61187.0,15.0,53956.0,Temperate Broadleaf & Mixed Forests,Eastern Himalayan broadleaf forests
2011,96.47385511018042,28.759888299090775,1,61187.0,15.0,53956.0,Temperate Broadleaf & Mixed Forests,Eastern Himalayan broadleaf forests
2011,94.78854861623864,28.25697881807403,1,61187.0,15.0,53956.0,Temperate Broadleaf & Mixed Forests,Eastern Himalayan broadleaf forests
2011,94.36730956936654,28.811376444964985,1,61187.0,15.0,53956.0,Temperate Broadleaf & Mixed Forests,Eastern Himalayan broadleaf forests
2011,92.87619190511438,27.57070037950884,1,61187.0,15.0,53956.0,Temperate Broadleaf & Mixed Forests,Eastern Himalayan broadleaf forests
2011,93.31486205306999,27.568909728707315,1,61187.0,15.0,53956.0,Temperate Broadleaf & Mixed Forests,Eastern Himalayan broadleaf forests
2011,93.08935257043083,27.347941639638815,1,61187.0,15.0,53956.0,Temperate Broadleaf & Mixed Forests,Eastern Himalayan broadleaf forests
2011,96.85752593899169,28.355860453063276,1,61187.0,15.0,53956.0,Temperate Broadleaf & Mixed Forests,Eastern Himalayan broadleaf forests
2011,94.17951024201678,27.95092370005854,1,61187.0,15.0,53956.0,Temperate Broadleaf & Mixed Forests,Eastern Himalayan broadleaf forests
2011,93.04595996162836,27.85292191071202,1,61187.0,15.0,53956.0,Temperate Broadleaf & Mixed Forests,Eastern Himalayan broadleaf forests
2011,94.5798144424631,28.809801581555842,1,61187.0,15.0,53956.0,Temperate Broadleaf & Mixed Forests,Eastern Himalayan broadleaf forests
2011,92.56317149992316,25.83064395372438,1,20346.0,456.0,13607.0,Tropical & Subtropical Moist Broadleaf Forests,Meghalaya subtropical forests
2011,92.90697002469656,25.201074624592053,1,20346.0,456.0,13607.0,Tropical & Subtropical Moist Broadleaf Forests,Meghalaya subtropical forests
2011,93.33404015768642,25.41401057947503,1,20346.0,456.0,13607.0,Tropical & Subtropical Moist Broadleaf Forests,Meghalaya subtropical forests
2011,92.97992123497434,24.444382962286287,1,20346.0,456.0,13607.0,Tropical & Subtropical Moist Broadleaf Forests,Meghalaya subtropical forests
2011,93.82184121781691,27.13951289715882,1,20346.0,456.0,13607.0,Tropical & Subtropical Moist Broadleaf Forests,Meghalaya subtropical forests
2011,95.47088347979891,27.320005308895162,1,20346.0,456.0,13607.0,Tropical & Subtropical Moist Broadleaf Forests,Meghalaya subtropical forests
2011,93.41329666010519,26.677825118439962,1,20346.0,456.0,13607.0,Tropical & Subtropical Moist Broadleaf Forests,Meghalaya subtropical forests
2011,92.68053469213967,25.605420880949225,1,20346.0,456.0,13607.0,Tropical & Subtropical Moist Broadleaf Forests,Meghalaya subtropical forests
2011,96.79357910478562,27.442647738251242,1,13185.0,77.0,10834.0,Temperate Broadleaf & Mixed Forests,Eastern Himalayan broadleaf forests
2011,96.16668493884654,27.34667797573865,1,13185.0,77.0,10834.0,Temperate Broadleaf & Mixed Forests,Eastern Himalayan broadleaf forests
2011,96.18939187311999,27.647446084294927,1,13185.0,77.0,10834.0,Temperate Broadleaf & Mixed Forests,Eastern Himalayan broadleaf forests
2011,96.98494214403297,27.177219430475528,1,13185.0,77.0,10834.0,Temperate Broadleaf & Mixed Forests,Eastern Himalayan broadleaf forests
2011,96.26350730789976,27.688462533059113,1,13185.0,77.0,10834.0,Temperate Broadleaf & Mixed Forests,Eastern Himalayan broadleaf forests
2011,92.31280358911427,23.940304382147666,1,54.0,0.0,14.0,Tropical & Subtropical Moist Broadleaf Forests,Mizoram-Manipur-Kachin rain forests
2011,92.2889374688302,23.67179356865213,1,20315.0,0.0,15692.0,Tropical & Subtropical Moist Broadleaf Forests,Mizoram-Manipur-Kachin rain forests
2011,93.27211448141213,23.224250498402455,1,20315.0,0.0,15692.0,Tropical & Subtropical Moist Broadleaf Forests,Mizoram-Manipur-Kachin rain forests
2011,93.04857434437679,23.896346821298497,1,20315.0,0.0,15692.0,Tropical & Subtropical Moist Broadleaf Forests,Mizoram-Manipur-Kachin rain forests
2011,92.63916340619816,22.886162087770504,1,20315.0,0.0,15692.0,Tropical & Subtropical Moist Broadleaf Forests,Mizoram-Manipur-Kachin rain forests
2011,92.5680416841523,24.110848532160357,1,20315.0,0.0,15692.0,Tropical & Subtropical Moist Broadleaf Forests,Mizoram-Manipur-Kachin rain forests
2011,92.37564688077737,23.52461435582885,1,20315.0,0.0,15692.0,Tropical & Subtropical Moist Broadleaf Forests,Mizoram-Manipur-Kachin rain forests
2011,92.42095422522922,24.03048244744825,1,20315.0,0.0,15692.0,Tropical & Subtropical Moist Broadleaf Forests,Mizoram-Manipur-Kachin rain forests
2011,92.92907000355558,22.776202866868005,1,20315.0,0.0,15692.0,Tropical & Subtropical Moist Broadleaf Forests,Mizoram-Manipur-Kachin rain forests
2011,94.17159872217017,25.949060145660326,1,15449.0,0.0,11580.0,Tropical & Subtropical Moist Broadleaf Forests,Mizoram-Manipur-Kachin rain forests
2011,94.99691034524969,25.74254069360432,1,15449.0,0.0,11580.0,Tropical & Subtropical Moist Broadleaf Forests,Mizoram-Manipur-Kachin rain forests
2011,94.2639578991478,25.60148415815811,1,15449.0,0.0,11580.0,Tropical & Subtropical Moist Broadleaf Forests,Mizoram-Manipur-Kachin rain forests
2011,94.28415367314855,26.55110100283259,1,15449.0,0.0,11580.0,Tropical & Subtropical Moist Broadleaf Forests,Mizoram-Manipur-Kachin rain forests
2011,93.4823486170459,25.637453643592888,1,15449.0,0.0,11580.0,Tropical & Subtropical Moist Broadleaf Forests,Mizoram-Manipur-Kachin rain forests
2011,94.00039025399883,25.682448421457842,1,15449.0,0.0,11580.0,Tropical & Subtropical Moist Broadleaf Forests,Mizoram-Manipur-Kachin rain forests
2011,93.37715140614637,25.214908613679654,1,76.0,0.0,62.0,Tropical & Subtropical Moist Broadleaf Forests,Mizoram-Manipur-Kachin rain forests
2011,92.49854734751008,25.623960867884936,1,170.0,0.0,147.0,Tropical & Subtropical Moist Broadleaf Forests,Meghalaya subtropical forests
2012,95.27779428561539,27.62643656840983,1,261.0,0.0,128.0,Tropical & Subtropical Moist Broadleaf Forests,Brahmaputra Valley semi-evergreen forests
2012,95.54542631641495,29.182563516592932,1,61183.0,15.0,53935.0,Temperate Broadleaf & Mixed Forests,Eastern Himalayan broadleaf forests
2012,92.4231337161106,27.57743110402207,1,61183.0,15.0,53935.0,Temperate Broadleaf & Mixed Forests,Eastern Himalayan broadleaf forests
2012,93.43950383589517,27.415659701899003,1,61183.0,15.0,53935.0,Temperate Broadleaf & Mixed Forests,Eastern Himalayan broadleaf forests
2012,94.49090432301755,28.130263891619407,1,61183.0,15.0,53935.0,Temperate Broadleaf & Mixed Forests,Eastern Himalayan broadleaf forests
2012,91.67339010204428,27.789381523179284,1,61183.0,15.0,53935.0,Temperate Broadleaf & Mixed Forests,Eastern Himalayan broadleaf forests
2012,93.2557191801913,26.97259720617789,1,61183.0,15.0,53935.0,Temperate Broadleaf & Mixed Forests,Eastern Himalayan broadleaf forests
2012,96.58547326946817,28.2943844210776,1,61183.0,15.0,53935.0,Temperate Broadleaf & Mixed Forests,Eastern Himalayan broadleaf forests
2012,93.96865366069768,28.45592634871442,1,61183.0,15.0,53935.0,Temperate Broadleaf & Mixed Forests,Eastern Himalayan broadleaf forests
2012,92.6325217612225,27.149624198420398,1,61183.0,15.0,53935.0,Temperate Broadleaf & Mixed Forests,Eastern Himalayan broadleaf forests
2012,92.58628669425663,27.12204154722078,1,61183.0,15.0,53935.0,Temperate Broadleaf & Mixed Forests,Eastern Himalayan broadleaf forests
2012,94.01111269942105,28.337931932055128,1,61183.0,15.0,53935.0,Temperate Broadleaf & Mixed Forests,Eastern Himalayan broadleaf forests
2012,93.23863652032846,27.844593791465496,1,61183.0,15.0,53935.0,Temperate Broadleaf & Mixed Forests,Eastern Himalayan broadleaf forests
2012,96.66995260398151,28.089998662324888,1,61183.0,15.0,53935.0,Temperate Broadleaf & Mixed Forests,Eastern Himalayan broadleaf forests
2012,94.4649891414264,28.762672824665586,1,61183.0,15.0,53935.0,Temperate Broadleaf & Mixed Forests,Eastern Himalayan broadleaf forests
2012,93.66948436311213,27.794211502579348,1,61183.0,15.0,53935.0,Temperate Broadleaf & Mixed Forests,Eastern Himalayan broadleaf forests
2012,93.1183593655082,27.003793484170316,1,61183.0,15.0,53935.0,Temperate Broadleaf & Mixed Forests,Eastern Himalayan broadleaf forests
2012,94.18244795029027,28.942542766015602,1,61183.0,15.0,53935.0,Temperate Broadleaf & Mixed Forests,Eastern Himalayan broadleaf forests
2012,92.37848672129778,27.585180762743526,1,61183.0,15.0,53935.0,Temperate Broadleaf & Mixed Forests,Eastern Himalayan broadleaf forests
2012,95.11627113273799,28.457025537574538,1,61183.0,15.0,53935.0,Temperate Broadleaf & Mixed Forests,Eastern Himalayan broadleaf forests
2012,95.06298115988837,28.834376349295272,1,61183.0,15.0,53935.0,Temperate Broadleaf & Mixed Forests,Eastern Himalayan broadleaf forests
2012,94.7084225534803,28.54807251464912,1,61183.0,15.0,53935.0,Temperate Broadleaf & Mixed Forests,Eastern Himalayan broadleaf forests
2012,95.31991341601054,28.451599458532353,1,61183.0,15.0,53935.0,Temperate Broadleaf & Mixed Forests,Eastern Himalayan broadleaf forests
2012,95.33255718854885,28.699601964279005,1,61183.0,15.0,53935.0,Temperate Broadleaf & Mixed Forests,Eastern Himalayan broadleaf forests
2012,95.82434056976432,28.980829292868552,1,61183.0,15.0,53935.0,Temperate Broadleaf & Mixed Forests,Eastern Himalayan broadleaf forests
2012,92.87673615276483,27.244698941350578,1,61183.0,15.0,53935.0,Temperate Broadleaf & Mixed Forests,Eastern Himalayan broadleaf forests
2012,94.9840840187162,28.66546914436342,1,61183.0,15.0,53935.0,Temperate Broadleaf & Mixed Forests,Eastern Himalayan broadleaf forests
2012,92.70732823676167,25.5417043535879,1,18623.0,329.0,12749.0,Tropical & Subtropical Moist Broadleaf Forests,Meghalaya subtropical forests
2012,93.63749193002255,25.827233926504757,1,18623.0,329.0,12749.0,Tropical & Subtropical Moist Broadleaf Forests,Meghalaya subtropical forests
2012,92.46776698668808,26.896887873887145,1,18623.0,329.0,12749.0,Tropical & Subtropical Moist Broadleaf Forests,Meghalaya subtropical forests
2012,93.64318465582286,26.10232563342578,1,18623.0,329.0,12749.0,Tropical & Subtropical Moist Broadleaf Forests,Meghalaya subtropical forests
2012,93.0187318032084,25.53593645977504,1,18623.0,329.0,12749.0,Tropical & Subtropical Moist Broadleaf Forests,Meghalaya subtropical forests
2012,93.23668476287877,25.05869204155578,1,18623.0,329.0,12749.0,Tropical & Subtropical Moist Broadleaf Forests,Meghalaya subtropical forests
2012,93.73961710682244,26.385342175719366,1,18623.0,329.0,12749.0,Tropical & Subtropical Moist Broadleaf Forests,Meghalaya subtropical forests
2012,93.5847392158652,26.013640788968452,1,18623.0,329.0,12749.0,Tropical & Subtropical Moist Broadleaf Forests,Meghalaya subtropical forests
2012,95.49164934391813,27.973825196357563,1,13181.0,77.0,10800.0,Temperate Broadleaf & Mixed Forests,Eastern Himalayan broadleaf forests
2012,96.97197461921283,27.830869965414358,1,13181.0,77.0,10800.0,Temperate Broadleaf & Mixed Forests,Eastern Himalayan broadleaf forests
2012,96.30140057282034,27.975012684320856,1,13181.0,77.0,10800.0,Temperate Broadleaf & Mixed Forests,Eastern Himalayan broadleaf forests
2012,96.96622029693042,27.789279000020112,1,13181.0,77.0,10800.0,Temperate Broadleaf & Mixed Forests,Eastern Himalayan broadleaf forests
2012,95.3740751230921,26.919129723443824,1,13181.0,77.0,10800.0,Temperate Broadleaf & Mixed Forests,Eastern Himalayan broadleaf forests
2012,95.30041997865823,26.745560060314162,1,13181.0,77.0,10800.0,Temperate Broadleaf & Mixed Forests,Eastern Himalayan broadleaf forests
2012,92.20794693707185,23.702044407431796,1,51.0,0.0,13.0,Tropical & Subtropical Moist Broadleaf Forests,Mizoram-Manipur-Kachin rain forests
2012,92.55806012731234,23.84755121290574,1,20329.0,0.0,15697.0,Tropical & Subtropical Moist Broadleaf Forests,Mizoram-Manipur-Kachin rain forests
2012,92.46404949486235,23.359603915361063,1,20329.0,0.0,15697.0,Tropical & Subtropical Moist Broadleaf Forests,Mizoram-Manipur-Kachin rain forests
2012,92.6917035729044,24.115435495873825,1,20329.0,0.0,15697.0,Tropical & Subtropical Moist Broadleaf Forests,Mizoram-Manipur-Kachin rain forests
2012,93.2189803647099,23.386177768651716,1,20329.0,0.0,15697.0,Tropical & Subtropical Moist Broadleaf Forests,Mizoram-Manipur-Kachin rain forests
2012,92.39560182868861,24.098060552149533,1,20329.0,0.0,15697.0,Tropical & Subtropical Moist Broadleaf Forests,Mizoram-Manipur-Kachin rain forests
2012,92.77902781250438,22.890408841393914,1,20329.0,0.0,15697.0,Tropical & Subtropical Moist Broadleaf Forests,Mizoram-Manipur-Kachin rain forests
2012,92.87692439169602,23.151826344510955,1,20329.0,0.0,15697.0,Tropical & Subtropical Moist Broadleaf Forests,Mizoram-Manipur-Kachin rain forests
2012,92.50672124596717,22.964256428792485,1,20329.0,0.0,15697.0,Tropical & Subtropical Moist Broadleaf Forests,Mizoram-Manipur-Kachin rain forests
2012,94.52872112705201,26.63842556390428,1,15622.0,0.0,11666.0,Tropical & Subtropical Moist Broadleaf Forests,Mizoram-Manipur-Kachin rain forests
2012,94.48441347045258,26.355647717746823,1,15622.0,0.0,11666.0,Tropical & Subtropical Moist Broadleaf Forests,Mizoram-Manipur-Kachin rain forests
2012,94.48238945625933,25.891449291745534,1,15622.0,0.0,11666.0,Tropical & Subtropical Moist Broadleaf Forests,Mizoram-Manipur-Kachin rain forests
2012,94.1951047603446,26.103051015793653,1,15622.0,0.0,11666.0,Tropical & Subtropical Moist Broadleaf Forests,Mizoram-Manipur-Kachin rain forests
2012,93.59198046302834,25.35785694265615,1,15622.0,0.0,11666.0,Tropical & Subtropical Moist Broadleaf Forests,Mizoram-Manipur-Kachin rain forests
2012,94.89738349227257,26.804144528037757,1,15622.0,0.0,11666.0,Tropical & Subtropical Moist Broadleaf Forests,Mizoram-Manipur-Kachin rain forests
2012,93.56129269971555,25.469140658227204,1,15622.0,0.0,11666.0,Tropical & Subtropical Moist Broadleaf Forests,Mizoram-Manipur-Kachin rain forests
2012,93.19811023932652,24.84599215031543,1,77.0,0.0,64.0,Tropical & Subtropical Moist Broadleaf Forests,Mizoram-Manipur-Kachin rain forests
2012,92.05362863029693,26.025997598190994,1,170.0,0.0,148.0,Tropical & Subtropical Moist Broadleaf Forests,Meghalaya subtropical forests
2012,74.22256923229502,15.15387145077403,1,1558.0,0.0,1108.0,Tropical & Subtropical Moist Broadleaf Forests,North Western Ghats montane rain forests
2012,77.64556199932152,11.735769275060077,1,7034.0,103.0,4701.0,Tropical & Subtropical Dry Broadleaf Forests,South Deccan Plateau dry deciduous forests
2012,77.99901042263764,11.95823062722691,1,7034.0,103.0,4701.0,Tropical & Subtropical Dry Broadleaf Forests,South Deccan Plateau dry deciduous forests
2012,78.03110903479069,12.242919342436632,1,7034.0,103.0,4701.0,Tropical & Subtropical Dry Broadleaf Forests,South Deccan Plateau dry deciduous forests
2012,74.10238457178035,15.759540416753387,1,2939.0,326.0,1463.0,Tropical & Subtropical Moist Broadleaf Forests,North Western Ghats montane rain forests
2012,76.41038986844372,11.313488728856857,1,5258.0,550.0,3425.0,Tropical & Subtropical Moist Broadleaf Forests,South Western Ghats montane rain forests
2012,76.17724846302906,11.305880462853189,1,5258.0,550.0,3425.0,Tropical & Subtropical Moist Broadleaf Forests,South Western Ghats montane rain forests
2012,75.08723353861448,13.124440150102128,1,29828.0,1657.0,20860.0,Tropical & Subtropical Moist Broadleaf Forests,North Western Ghats montane rain forests
2012,74.71131582517808,14.187756674085875,1,29828.0,1657.0,20860.0,Tropical & Subtropical Moist Broadleaf Forests,North Western Ghats montane rain forests
2012,77.15147670927082,11.851051827884254,1,29828.0,1657.0,20860.0,Tropical & Subtropical Moist Broadleaf Forests,North Western Ghats montane rain forests
2012,75.6370938194411,13.421155189042784,1,29828.0,1657.0,20860.0,Tropical & Subtropical Moist Broadleaf Forests,North Western Ghats montane rain forests
2012,74.87150112855362,14.936540454665746,1,29828.0,1657.0,20860.0,Tropical & Subtropical Moist Broadleaf Forests,North Western Ghats montane rain forests
2012,74.92814683275449,14.834695675395563,1,29828.0,1657.0,20860.0,Tropical & Subtropical Moist Broadleaf Forests,North Western Ghats montane rain forests
2012,74.53106969845894,15.328245725475838,1,29828.0,1657.0,20860.0,Tropical & Subtropical Moist Broadleaf Forests,North Western Ghats montane rain forests
2012,75.63676416594521,13.599741655036722,1,29828.0,1657.0,20860.0,Tropical & Subtropical Moist Broadleaf Forests,North Western Ghats montane rain forests
2012,74.81780611785605,14.371305855436626,1,29828.0,1657.0,20860.0,Tropical & Subtropical Moist Broadleaf Forests,North Western Ghats montane rain forests
2012,74.75534066949582,13.724583476396571,1,29828.0,1657.0,20860.0,Tropical & Subtropical Moist Broadleaf Forests,North Western Ghats montane rain forests
2012,75.00591187453404,13.250955697473017,1,29828.0,1657.0,20860.0,Tropical & Subtropical Moist Broadleaf Forests,North Western Ghats montane rain forests
2012,75.5261497278602,13.303341549121889,1,29828.0,1657.0,20860.0,Tropical & Subtropical Moist Broadleaf Forests,North Western Ghats montane rain forests
2012,74.72941213467175,21.735769886159485,1,380.0,0.0,161.0,Deserts & Xeric Shrublands,Deccan thorn scrub forests
2012,74.49793938036558,21.802978421684458,1,8.0,0.0,4.0,Deserts & Xeric Shrublands,Deccan thorn scrub forests
2012,75.56968955082634,22.310574780290636,1,730.0,0.0,391.0,Tropical & Subtropical Dry Broadleaf Forests,Narmada Valley dry deciduous forests
2012,76.0355770668,22.51518035469,1,5040.0,0.0,2406.0,Tropical & Subtropical Dry Broadleaf Forests,Narmada Valley dry deciduous forests
2012,76.06391793242746,22.37559939324765,1,5040.0,0.0,2406.0,Tropical & Subtropical Dry Broadleaf Forests,Narmada Valley dry deciduous forests
2012,76.54671127877633,27.346226526047655,1,2375.0,0.0,1306.0,Tropical & Subtropical Dry Broadleaf Forests,Khathiar-Gir dry deciduous forests
2012,76.5498731527144,26.001501312316012,1,481.0,0.0,255.0,Tropical & Subtropical Dry Broadleaf Forests,Khathiar-Gir dry deciduous forests
2012,77.3941316311548,8.566043589949487,1,6192.0,1730.0,3798.0,Tropical & Subtropical Moist Broadleaf Forests,South Western Ghats moist deciduous forests
2012,76.89066450207794,10.41356648866522,1,6192.0,1730.0,3798.0,Tropical & Subtropical Moist Broadleaf Forests,South Western Ghats moist deciduous forests
2012,76.96809209752666,10.033161347097268,1,8427.0,2709.0,6052.0,Tropical & Subtropical Moist Broadleaf Forests,South Western Ghats montane rain forests
2012,77.31171822900086,9.331354714328077,1,8427.0,2709.0,6052.0,Tropical & Subtropical Moist Broadleaf Forests,South Western Ghats montane rain forests
2012,77.0075640941837,9.00164097180504,1,8427.0,2709.0,6052.0,Tropical & Subtropical Moist Broadleaf Forests,South Western Ghats montane rain forests
2012,77.74437623584237,30.401161716050396,1,769.0,0.0,456.0,Tropical & Subtropical Moist Broadleaf Forests,Upper Gangetic Plains moist deciduous forests
2012,76.86097618247565,24.99597340880174,1,53.0,0.0,30.0,Tropical & Subtropical Dry Broadleaf Forests,Khathiar-Gir dry deciduous forests
2012,77.2078892555201,25.71212464630934,1,8658.0,0.0,4379.0,Tropical & Subtropical Dry Broadleaf Forests,Khathiar-Gir dry deciduous forests
2012,77.01699714517991,25.95573472629448,1,8658.0,0.0,4379.0,Tropical & Subtropical Dry Broadleaf Forests,Khathiar-Gir dry deciduous forests
2012,77.95120231329557,25.93692554161853,1,8658.0,0.0,4379.0,Tropical & Subtropical Dry Broadleaf Forests,Khathiar-Gir dry deciduous forests
2012,76.98729695643117,25.69844583753771,1,8658.0,0.0,4379.0,Tropical & Subtropical Dry Broadleaf Forests,Khathiar-Gir dry deciduous forests
2012,84.24086782078699,27.430120299618565,1,913.0,14.0,672.0,Tropical & Subtropical Moist Broadleaf Forests,Himalayan subtropical broadleaf forests
2012,79.3486366880927,29.464755003225516,1,20497.0,0.0,13385.0,Tropical & Subtropical Coniferous Forests,Himalayan subtropical pine forests
2012,79.59814120110511,29.13443955232181,1,20497.0,0.0,13385.0,Tropical & Subtropical Coniferous Forests,Himalayan subtropical pine forests
2012,78.14658032900651,30.755534910656348,1,20497.0,0.0,13385.0,Tropical & Subtropical Coniferous Forests,Himalayan subtropical pine forests
2012,79.80549020512075,29.48564059768839,1,20497.0,0.0,13385.0,Tropical & Subtropical Coniferous Forests,Himalayan subtropical pine forests
2012,78.56871092271356,29.920825804056825,1,20497.0,0.0,13385.0,Tropical & Subtropical Coniferous Forests,Himalayan subtropical pine forests
2012,78.66833533020338,29.930329050174574,1,20497.0,0.0,13385.0,Tropical & Subtropical Coniferous Forests,Himalayan subtropical pine forests
2012,77.76565714340401,30.589278506689766,1,20497.0,0.0,13385.0,Tropical & Subtropical Coniferous Forests,Himalayan subtropical pine forests
2012,78.42718035151937,30.30540424123479,1,20497.0,0.0,13385.0,Tropical & Subtropical Coniferous Forests,Himalayan subtropical pine forests
2012,78.2164177311301,30.31378319241797,1,20497.0,0.0,13385.0,Tropical & Subtropical Coniferous Forests,Himalayan subtropical pine forests
2012,80.8505029602492,28.380048224746773,1,1622.0,0.0,915.0,Tropical & Subtropical Moist Broadleaf Forests,Himalayan subtropical broadleaf forests
2012,78.61693497469268,21.0431163575993,1,639.0,0.0,263.0,Tropical & Subtropical Dry Broadleaf Forests,Central Deccan Plateau dry deciduous forests
2012,79.09193779321012,16.166897017737618,1,7992.0,0.0,5784.0,Tropical & Subtropical Dry Broadleaf Forests,Central Deccan Plateau dry deciduous forests
2012,78.93606905867054,16.18466250025208,1,7992.0,0.0,5784.0,Tropical & Subtropical Dry Broadleaf Forests,Central Deccan Plateau dry deciduous forests
2012,78.78993255363302,15.755211944460445,1,7992.0,0.0,5784.0,Tropical & Subtropical Dry Broadleaf Forests,Central Deccan Plateau dry deciduous forests
2012,78.72708554153374,16.23399195202286,1,1731.0,0.0,1326.0,Tropical & Subtropical Dry Broadleaf Forests,Central Deccan Plateau dry deciduous forests
2012,79.11146768904999,20.85521622638375,1,396.0,0.0,155.0,Tropical & Subtropical Dry Broadleaf Forests,Central Deccan Plateau dry deciduous forests
2012,77.45836276736544,22.226370040598525,1,10560.0,0.0,6370.0,Tropical & Subtropical Moist Broadleaf Forests,East Deccan moist deciduous forests
2012,77.96665925301741,22.026735263448636,1,10560.0,0.0,6370.0,Tropical & Subtropical Moist Broadleaf Forests,East Deccan moist deciduous forests
2012,78.70839223908231,22.71975985077693,1,10560.0,0.0,6370.0,Tropical & Subtropical Moist Broadleaf Forests,East Deccan moist deciduous forests
2012,77.05989548339734,21.931262403086755,1,10560.0,0.0,6370.0,Tropical & Subtropical Moist Broadleaf Forests,East Deccan moist deciduous forests
2012,77.01734532031935,21.31711825119482,1,4030.0,0.0,2678.0,Tropical & Subtropical Dry Broadleaf Forests,Narmada Valley dry deciduous forests
2012,77.39454595667837,21.579723782907486,1,4030.0,0.0,2678.0,Tropical & Subtropical Dry Broadleaf Forests,Narmada Valley dry deciduous forests
2012,79.5429244451884,19.547594091115897,1,0.0,0.0,0.0,Tropical & Subtropical Moist Broadleaf Forests,East Deccan moist deciduous forests
2012,79.59735466107867,20.041639048369944,1,4202.0,0.0,2573.0,Tropical & Subtropical Dry Broadleaf Forests,Central Deccan Plateau dry deciduous forests
2012,79.85129264920795,20.393678945014965,1,4202.0,0.0,2573.0,Tropical & Subtropical Dry Broadleaf Forests,Central Deccan Plateau dry deciduous forests
2012,79.11591673495083,14.821020288212164,1,8129.0,0.0,5322.0,Deserts & Xeric Shrublands,Deccan thorn scrub forests
2012,78.87346677249963,14.190667116798327,1,8129.0,0.0,5322.0,Deserts & Xeric Shrublands,Deccan thorn scrub forests
2012,79.43969804646208,14.168480291658922,1,8129.0,0.0,5322.0,Deserts & Xeric Shrublands,Deccan thorn scrub forests
2012,79.06440816340545,19.175957256066333,1,6574.0,0.0,3957.0,Tropical & Subtropical Moist Broadleaf Forests,East Deccan moist deciduous forests
2012,79.18029516330769,19.10910822511265,1,6574.0,0.0,3957.0,Tropical & Subtropical Moist Broadleaf Forests,East Deccan moist deciduous forests
2012,78.31454478056068,19.33779170757149,1,6574.0,0.0,3957.0,Tropical & Subtropical Moist Broadleaf Forests,East Deccan moist deciduous forests
2012,79.1211418265986,19.602039876221557,1,994.0,0.0,515.0,Tropical & Subtropical Moist Broadleaf Forests,East Deccan moist deciduous forests
2012,79.9961197252862,28.731796973093022,1,5.0,0.0,1.0,Tropical & Subtropical Moist Broadleaf Forests,Upper Gangetic Plains moist deciduous forests
2012,80.40491351395286,28.197678190212347,1,961.0,0.0,434.0,Tropical & Subtropical Moist Broadleaf Forests,Upper Gangetic Plains moist deciduous forests
2012,80.37557416673332,23.548756964956247,1,1753.0,0.0,923.0,Tropical & Subtropical Dry Broadleaf Forests,Narmada Valley dry deciduous forests
2012,81.12985811715144,25.021241855340797,1,860.0,0.0,485.0,Tropical & Subtropical Moist Broadleaf Forests,Upper Gangetic Plains moist deciduous forests
2012,80.70027392524545,24.793821156784997,1,7217.0,0.0,3954.0,Tropical & Subtropical Dry Broadleaf Forests,Narmada Valley dry deciduous forests
2012,80.73894773749537,25.12653033600259,1,7217.0,0.0,3954.0,Tropical & Subtropical Dry Broadleaf Forests,Narmada Valley dry deciduous forests
2012,79.89034944520328,24.642221990108812,1,7217.0,0.0,3954.0,Tropical & Subtropical Dry Broadleaf Forests,Narmada Valley dry deciduous forests
2012,81.19015901871532,18.556971130640996,1,45879.0,0.0,31647.0,Tropical & Subtropical Moist Broadleaf Forests,East Deccan moist deciduous forests
2012,81.3390509053203,20.603259389761057,1,45879.0,0.0,31647.0,Tropical & Subtropical Moist Broadleaf Forests,East Deccan moist deciduous forests
2012,82.02676918748334,20.40239871114519,1,45879.0,0.0,31647.0,Tropical & Subtropical Moist Broadleaf Forests,East Deccan moist deciduous forests
2012,81.08740514319472,17.995923118300773,1,45879.0,0.0,31647.0,Tropical & Subtropical Moist Broadleaf Forests,East Deccan moist deciduous forests
2012,81.14185096566946,18.03928600333789,1,45879.0,0.0,31647.0,Tropical & Subtropical Moist Broadleaf Forests,East Deccan moist deciduous forests
2012,82.35478772856266,20.272061417554344,1,45879.0,0.0,31647.0,Tropical & Subtropical Moist Broadleaf Forests,East Deccan moist deciduous forests
2012,81.0064991287227,22.023005612073042,1,45879.0,0.0,31647.0,Tropical & Subtropical Moist Broadleaf Forests,East Deccan moist deciduous forests
2012,80.69979233554076,21.292349298338923,1,45879.0,0.0,31647.0,Tropical & Subtropical Moist Broadleaf Forests,East Deccan moist deciduous forests
2012,80.40976437355359,18.94076805550485,1,45879.0,0.0,31647.0,Tropical & Subtropical Moist Broadleaf Forests,East Deccan moist deciduous forests
2012,82.33388642500411,20.131450402154854,1,45879.0,0.0,31647.0,Tropical & Subtropical Moist Broadleaf Forests,East Deccan moist deciduous forests
2012,82.04256637068035,20.366570178379778,1,45879.0,0.0,31647.0,Tropical & Subtropical Moist Broadleaf Forests,East Deccan moist deciduous forests
2012,80.66769928934367,18.95134812407408,1,45879.0,0.0,31647.0,Tropical & Subtropical Moist Broadleaf Forests,East Deccan moist deciduous forests
2012,80.6119566820064,19.87438040208538,1,45879.0,0.0,31647.0,Tropical & Subtropical Moist Broadleaf Forests,East Deccan moist deciduous forests
2012,82.27336913247088,20.545549195843147,1,45879.0,0.0,31647.0,Tropical & Subtropical Moist Broadleaf Forests,East Deccan moist deciduous forests
2012,81.13636602173023,20.28128237941971,1,45879.0,0.0,31647.0,Tropical & Subtropical Moist Broadleaf Forests,East Deccan moist deciduous forests
2012,80.70303678427086,18.819463329072097,1,45879.0,0.0,31647.0,Tropical & Subtropical Moist Broadleaf Forests,East Deccan moist deciduous forests
2012,81.94453768038092,20.41657728653797,1,45879.0,0.0,31647.0,Tropical & Subtropical Moist Broadleaf Forests,East Deccan moist deciduous forests
2012,83.05519853897526,22.43912283343645,1,45879.0,0.0,31647.0,Tropical & Subtropical Moist Broadleaf Forests,East Deccan moist deciduous forests
2012,81.15907164264962,17.84554824060038,1,12031.0,0.0,7511.0,Tropical & Subtropical Moist Broadleaf Forests,East Deccan moist deciduous forests
2012,80.56218428081618,17.71104329235262,1,12031.0,0.0,7511.0,Tropical & Subtropical Moist Broadleaf Forests,East Deccan moist deciduous forests
2012,80.42273998059693,18.167240423145838,1,12031.0,0.0,7511.0,Tropical & Subtropical Moist Broadleaf Forests,East Deccan moist deciduous forests
2012,80.2289491984893,18.415182442771048,1,12031.0,0.0,7511.0,Tropical & Subtropical Moist Broadleaf Forests,East Deccan moist deciduous forests
2012,80.70447376114403,18.239719766009888,1,12031.0,0.0,7511.0,Tropical & Subtropical Moist Broadleaf Forests,East Deccan moist deciduous forests
2012,82.40641860090486,20.329519130562012,1,125.0,0.0,99.0,Tropical & Subtropical Dry Broadleaf Forests,North Deccan dry deciduous forests
2012,80.29088469981824,21.937070895365757,1,12551.0,0.0,8247.0,Tropical & Subtropical Moist Broadleaf Forests,East Deccan moist deciduous forests
2012,80.38769288291266,22.365258058161036,1,12551.0,0.0,8247.0,Tropical & Subtropical Moist Broadleaf Forests,East Deccan moist deciduous forests
2012,81.08650254773706,22.409819153868167,1,12551.0,0.0,8247.0,Tropical & Subtropical Moist Broadleaf Forests,East Deccan moist deciduous forests
2012,79.2706986691762,21.775310164158252,1,12551.0,0.0,8247.0,Tropical & Subtropical Moist Broadleaf Forests,East Deccan moist deciduous forests
2012,79.99666561466748,22.302426836998784,1,12551.0,0.0,8247.0,Tropical & Subtropical Moist Broadleaf Forests,East Deccan moist deciduous forests
2012,80.68301740460389,19.33733165790257,1,16457.0,0.0,11803.0,Tropical & Subtropical Dry Broadleaf Forests,Central Deccan Plateau dry deciduous forests
2012,79.75590777449706,21.168934316831464,1,16457.0,0.0,11803.0,Tropical & Subtropical Dry Broadleaf Forests,Central Deccan Plateau dry deciduous forests
2012,80.00816375099637,19.190851064119062,1,16457.0,0.0,11803.0,Tropical & Subtropical Dry Broadleaf Forests,Central Deccan Plateau dry deciduous forests
2012,80.28338814812992,19.729580121779517,1,16457.0,0.0,11803.0,Tropical & Subtropical Dry Broadleaf Forests,Central Deccan Plateau dry deciduous forests
2012,80.24746993299634,18.825639826638923,1,16457.0,0.0,11803.0,Tropical & Subtropical Dry Broadleaf Forests,Central Deccan Plateau dry deciduous forests
2012,80.18902483550623,19.318071752458884,1,16457.0,0.0,11803.0,Tropical & Subtropical Dry Broadleaf Forests,Central Deccan Plateau dry deciduous forests
2012,80.27136046448261,20.798799269893404,1,16457.0,0.0,11803.0,Tropical & Subtropical Dry Broadleaf Forests,Central Deccan Plateau dry deciduous forests
2012,82.72957424844535,24.511762515710934,1,16.0,0.0,6.0,Tropical & Subtropical Dry Broadleaf Forests,Narmada Valley dry deciduous forests
2012,82.51724410072039,24.41128190956953,1,2760.0,0.0,1417.0,Tropical & Subtropical Dry Broadleaf Forests,Narmada Valley dry deciduous forests
2012,82.456626158667,21.337403685887573,1,1379.0,0.0,775.0,Tropical & Subtropical Moist Broadleaf Forests,East Deccan moist deciduous forests
2012,81.54501072793504,17.473916037590524,1,9367.0,0.0,5965.0,Tropical & Subtropical Moist Broadleaf Forests,East Deccan moist deciduous forests
2012,82.54868907039369,17.80861149217624,1,9367.0,0.0,5965.0,Tropical & Subtropical Moist Broadleaf Forests,East Deccan moist deciduous forests
2012,82.27546525420624,17.600561077073497,1,9367.0,0.0,5965.0,Tropical & Subtropical Moist Broadleaf Forests,East Deccan moist deciduous forests
2012,81.8213533629836,17.74852258771949,1,9367.0,0.0,5965.0,Tropical & Subtropical Moist Broadleaf Forests,East Deccan moist deciduous forests
2012,81.36639919483191,17.55698543933501,1,2936.0,0.0,1944.0,Tropical & Subtropical Moist Broadleaf Forests,East Deccan moist deciduous forests
2012,81.79929015526032,17.93692474063851,1,86.0,0.0,45.0,Tropical & Subtropical Moist Broadleaf Forests,East Deccan moist deciduous forests
2012,83.19033044396343,20.365201547175335,1,382.0,0.0,146.0,Tropical & Subtropical Dry Broadleaf Forests,North Deccan dry deciduous forests
2012,84.35825220070271,19.3415302500288,1,27921.0,0.0,17695.0,Tropical & Subtropical Moist Broadleaf Forests,East Deccan moist deciduous forests
2012,83.0850204368355,19.677002571123985,1,27921.0,0.0,17695.0,Tropical & Subtropical Moist Broadleaf Forests,East Deccan moist deciduous forests
2012,83.69112846363949,19.990701582279527,1,27921.0,0.0,17695.0,Tropical & Subtropical Moist Broadleaf Forests,East Deccan moist deciduous forests
2012,84.71125489220755,20.840324931202893,1,27921.0,0.0,17695.0,Tropical & Subtropical Moist Broadleaf Forests,East Deccan moist deciduous forests
2012,83.69615143278726,19.918687991788982,1,27921.0,0.0,17695.0,Tropical & Subtropical Moist Broadleaf Forests,East Deccan moist deciduous forests
2012,83.17095463793437,19.42158235133723,1,27921.0,0.0,17695.0,Tropical & Subtropical Moist Broadleaf Forests,East Deccan moist deciduous forests
2012,84.2350473033648,19.188569241535173,1,27921.0,0.0,17695.0,Tropical & Subtropical Moist Broadleaf Forests,East Deccan moist deciduous forests
2012,83.51310801596743,20.180740515657927,1,27921.0,0.0,17695.0,Tropical & Subtropical Moist Broadleaf Forests,East Deccan moist deciduous forests
2012,84.38718576399893,19.55846725422631,1,27921.0,0.0,17695.0,Tropical & Subtropical Moist Broadleaf Forests,East Deccan moist deciduous forests
2012,83.28007540732608,19.188698036458558,1,27921.0,0.0,17695.0,Tropical & Subtropical Moist Broadleaf Forests,East Deccan moist deciduous forests
2012,84.30820728903387,20.53297205597578,1,27921.0,0.0,17695.0,Tropical & Subtropical Moist Broadleaf Forests,East Deccan moist deciduous forests
2012,83.35365693578349,23.99980697525237,1,14799.0,0.0,9935.0,Tropical & Subtropical Dry Broadleaf Forests,Chhota-Nagpur dry deciduous forests
2012,82.31654652540229,23.497780008553004,1,14799.0,0.0,9935.0,Tropical & Subtropical Dry Broadleaf Forests,Chhota-Nagpur dry deciduous forests
2012,82.24064173894902,23.584437144338047,1,14799.0,0.0,9935.0,Tropical & Subtropical Dry Broadleaf Forests,Chhota-Nagpur dry deciduous forests
2012,82.54758096211832,23.437089757849566,1,14799.0,0.0,9935.0,Tropical & Subtropical Dry Broadleaf Forests,Chhota-Nagpur dry deciduous forests
2012,81.84144323655738,23.6563160798607,1,14799.0,0.0,9935.0,Tropical & Subtropical Dry Broadleaf Forests,Chhota-Nagpur dry deciduous forests
2012,82.3628977327339,23.484477262075654,1,14799.0,0.0,9935.0,Tropical & Subtropical Dry Broadleaf Forests,Chhota-Nagpur dry deciduous forests
2012,85.86881668316963,23.409617039528495,1,0.0,0.0,0.0,Tropical & Subtropical Dry Broadleaf Forests,Chhota-Nagpur dry deciduous forests
2012,82.85917029458741,23.93765503584244,1,54.0,0.0,34.0,Tropical & Subtropical Dry Broadleaf Forests,Chhota-Nagpur dry deciduous forests
2012,84.63908884832948,21.496252420901556,1,13372.0,0.0,7912.0,Tropical & Subtropical Moist Broadleaf Forests,East Deccan moist deciduous forests
2012,84.00540427015225,21.092569429813665,1,13372.0,0.0,7912.0,Tropical & Subtropical Moist Broadleaf Forests,East Deccan moist deciduous forests
2012,84.31479671190759,21.277027764536854,1,13372.0,0.0,7912.0,Tropical & Subtropical Moist Broadleaf Forests,East Deccan moist deciduous forests
2012,84.32158812834615,21.412982057280576,1,13372.0,0.0,7912.0,Tropical & Subtropical Moist Broadleaf Forests,East Deccan moist deciduous forests
2012,85.72313501095806,21.2615065668206,1,13372.0,0.0,7912.0,Tropical & Subtropical Moist Broadleaf Forests,East Deccan moist deciduous forests
2012,81.4916556896046,23.597529044523768,1,6951.0,0.0,4038.0,Tropical & Subtropical Dry Broadleaf Forests,Narmada Valley dry deciduous forests
2012,81.01734802938125,23.20363753887181,1,6951.0,0.0,4038.0,Tropical & Subtropical Dry Broadleaf Forests,Narmada Valley dry deciduous forests
2012,80.88608020531814,23.648586728423826,1,6951.0,0.0,4038.0,Tropical & Subtropical Dry Broadleaf Forests,Narmada Valley dry deciduous forests
2012,85.72585375854185,23.7758154844206,1,24682.0,0.0,14827.0,Tropical & Subtropical Dry Broadleaf Forests,Chhota-Nagpur dry deciduous forests
2012,85.1715092706132,24.452693516947683,1,24682.0,0.0,14827.0,Tropical & Subtropical Dry Broadleaf Forests,Chhota-Nagpur dry deciduous forests
2012,84.60740501566069,24.017253325146413,1,24682.0,0.0,14827.0,Tropical & Subtropical Dry Broadleaf Forests,Chhota-Nagpur dry deciduous forests
2012,84.39750768144363,24.3281370483766,1,24682.0,0.0,14827.0,Tropical & Subtropical Dry Broadleaf Forests,Chhota-Nagpur dry deciduous forests
2012,83.51643896545568,23.987939830944804,1,24682.0,0.0,14827.0,Tropical & Subtropical Dry Broadleaf Forests,Chhota-Nagpur dry deciduous forests
2012,85.41501247730598,24.49084517238666,1,24682.0,0.0,14827.0,Tropical & Subtropical Dry Broadleaf Forests,Chhota-Nagpur dry deciduous forests
2012,85.81497342413226,24.601060230300345,1,24682.0,0.0,14827.0,Tropical & Subtropical Dry Broadleaf Forests,Chhota-Nagpur dry deciduous forests
2012,84.73992502591587,23.830900858845496,1,24682.0,0.0,14827.0,Tropical & Subtropical Dry Broadleaf Forests,Chhota-Nagpur dry deciduous forests
2012,84.15468830066997,23.655299004569272,1,24682.0,0.0,14827.0,Tropical & Subtropical Dry Broadleaf Forests,Chhota-Nagpur dry deciduous forests
2012,85.7367508986673,24.721867297407165,1,24682.0,0.0,14827.0,Tropical & Subtropical Dry Broadleaf Forests,Chhota-Nagpur dry deciduous forests
2012,86.19038831636249,21.339389360936387,1,5242.0,0.0,3435.0,Tropical & Subtropical Moist Broadleaf Forests,East Deccan moist deciduous forests
2012,86.26365689585036,22.26785495314276,1,5242.0,0.0,3435.0,Tropical & Subtropical Moist Broadleaf Forests,East Deccan moist deciduous forests
2012,88.39947371735789,26.86503829143505,1,2326.0,0.0,1443.0,Temperate Broadleaf & Mixed Forests,Eastern Himalayan broadleaf forests
2012,88.79726951171907,21.716171981508484,1,1451.0,716.0,1335.0,Mangroves,Sundarbans mangroves
2012,91.40191896622594,26.838105001769964,1,2426.0,540.0,1707.0,Tropical & Subtropical Moist Broadleaf Forests,Brahmaputra Valley semi-evergreen forests
2012,89.58333814511566,26.65030069662309,1,1152.0,0.0,673.0,Tropical & Subtropical Moist Broadleaf Forests,Lower Gangetic Plains moist deciduous forests
2013,79.11872642127642,20.842496884676617,1,385.0,0.0,151.0,Tropical & Subtropical Dry Broadleaf Forests,Central Deccan Plateau dry deciduous forests
2013,76.4850451959809,27.575941889052178,1,1989.0,0.0,1130.0,Tropical & Subtropical Dry Broadleaf Forests,Khathiar-Gir dry deciduous forests
2013,95.42831301967978,27.735115479780863,1,129.0,0.0,56.0,Tropical & Subtropical Moist Broadleaf Forests,Brahmaputra Valley semi-evergreen forests
2013,83.21360074347491,20.41209684944733,1,386.0,0.0,149.0,Tropical & Subtropical Dry Broadleaf Forests,North Deccan dry deciduous forests
2013,76.58688717637415,26.009728648255198,1,482.0,0.0,259.0,Tropical & Subtropical Dry Broadleaf Forests,Khathiar-Gir dry deciduous forests
2013,84.36304963077349,19.873303714211307,1,27828.0,0.0,17588.0,Tropical & Subtropical Moist Broadleaf Forests,East Deccan moist deciduous forests
2013,84.39549547681784,18.980078098701114,1,27828.0,0.0,17588.0,Tropical & Subtropical Moist Broadleaf Forests,East Deccan moist deciduous forests
2013,83.89027573853447,19.568159354365964,1,27828.0,0.0,17588.0,Tropical & Subtropical Moist Broadleaf Forests,East Deccan moist deciduous forests
2013,83.71058156163491,19.35961195745435,1,27828.0,0.0,17588.0,Tropical & Subtropical Moist Broadleaf Forests,East Deccan moist deciduous forests
2013,84.79009806020774,20.62860825776156,1,27828.0,0.0,17588.0,Tropical & Subtropical Moist Broadleaf Forests,East Deccan moist deciduous forests
2013,84.44832288480535,20.340006709330765,1,27828.0,0.0,17588.0,Tropical & Subtropical Moist Broadleaf Forests,East Deccan moist deciduous forests
2013,85.06030962264795,20.606392110623272,1,27828.0,0.0,17588.0,Tropical & Subtropical Moist Broadleaf Forests,East Deccan moist deciduous forests
2013,83.51431000425228,19.371649257891846,1,27828.0,0.0,17588.0,Tropical & Subtropical Moist Broadleaf Forests,East Deccan moist deciduous forests
2013,84.89346902009748,20.663832387152482,1,27828.0,0.0,17588.0,Tropical & Subtropical Moist Broadleaf Forests,East Deccan moist deciduous forests
2013,84.60874940625006,20.70475384182833,1,27828.0,0.0,17588.0,Tropical & Subtropical Moist Broadleaf Forests,East Deccan moist deciduous forests
2013,84.65252065436039,20.755213867772405,1,27828.0,0.0,17588.0,Tropical & Subtropical Moist Broadleaf Forests,East Deccan moist deciduous forests
2013,79.98050161836578,28.72288626606068,1,5.0,0.0,1.0,Tropical & Subtropical Moist Broadleaf Forests,Upper Gangetic Plains moist deciduous forests
2013,80.3286979802158,28.45816181856226,1,961.0,0.0,434.0,Tropical & Subtropical Moist Broadleaf Forests,Upper Gangetic Plains moist deciduous forests
2013,78.13856088936387,30.018880570905296,1,743.0,0.0,433.0,Tropical & Subtropical Moist Broadleaf Forests,Upper Gangetic Plains moist deciduous forests
2013,82.80005398764483,24.567495218329697,1,16.0,0.0,6.0,Tropical & Subtropical Dry Broadleaf Forests,Narmada Valley dry deciduous forests
2013,81.64213600706628,24.198282379141183,1,2707.0,0.0,1393.0,Tropical & Subtropical Dry Broadleaf Forests,Narmada Valley dry deciduous forests
2013,77.46042160897636,9.66938940435291,1,3100.0,1658.0,1935.0,Tropical & Subtropical Moist Broadleaf Forests,South Western Ghats moist deciduous forests
2013,77.04522274791135,9.451050108492998,1,4399.0,2486.0,3180.0,Tropical & Subtropical Moist Broadleaf Forests,South Western Ghats montane rain forests
2013,77.06517869852667,9.384626894902702,1,4399.0,2486.0,3180.0,Tropical & Subtropical Moist Broadleaf Forests,South Western Ghats montane rain forests
2013,79.54118424175583,19.547470234577368,1,0.0,0.0,0.0,Tropical & Subtropical Moist Broadleaf Forests,East Deccan moist deciduous forests
2013,79.37220845326725,20.18867647139535,1,4188.0,0.0,2573.0,Tropical & Subtropical Dry Broadleaf Forests,Central Deccan Plateau dry deciduous forests
2013,79.61052260842503,20.59196529448347,1,4188.0,0.0,2573.0,Tropical & Subtropical Dry Broadleaf Forests,Central Deccan Plateau dry deciduous forests
2013,80.95467717540859,24.9488826758957,1,865.0,0.0,486.0,Tropical & Subtropical Moist Broadleaf Forests,Upper Gangetic Plains moist deciduous forests
2013,79.63680968471942,24.637034118443758,1,7170.0,0.0,3925.0,Tropical & Subtropical Dry Broadleaf Forests,Narmada Valley dry deciduous forests
2013,80.39042620174577,24.76169973476452,1,7170.0,0.0,3925.0,Tropical & Subtropical Dry Broadleaf Forests,Narmada Valley dry deciduous forests
2013,80.39295932184525,24.733751854489856,1,7170.0,0.0,3925.0,Tropical & Subtropical Dry Broadleaf Forests,Narmada Valley dry deciduous forests
2013,78.55833088595772,21.036009428356966,1,591.0,0.0,241.0,Tropical & Subtropical Dry Broadleaf Forests,Central Deccan Plateau dry deciduous forests
2013,74.64422600472074,21.782672247384333,1,400.0,0.0,170.0,Deserts & Xeric Shrublands,Deccan thorn scrub forests
2013,74.50839196822865,21.840196447101487,1,8.0,0.0,4.0,Deserts & Xeric Shrublands,Deccan thorn scrub forests
2013,78.62541033400073,19.239373114398425,1,6304.0,0.0,3784.0,Tropical & Subtropical Moist Broadleaf Forests,East Deccan moist deciduous forests
2013,78.54712332425485,19.32732499826733,1,6304.0,0.0,3784.0,Tropical & Subtropical Moist Broadleaf Forests,East Deccan moist deciduous forests
2013,78.56903438871821,19.570665085653282,1,6304.0,0.0,3784.0,Tropical & Subtropical Moist Broadleaf Forests,East Deccan moist deciduous forests
2013,79.21609213218093,19.668513318256856,1,994.0,0.0,518.0,Tropical & Subtropical Moist Broadleaf Forests,East Deccan moist deciduous forests
2013,79.50012153884664,13.519420112700374,1,8070.0,0.0,5289.0,Deserts & Xeric Shrublands,Deccan thorn scrub forests
2013,78.38932668453437,14.268892376768639,1,8070.0,0.0,5289.0,Deserts & Xeric Shrublands,Deccan thorn scrub forests
2013,79.07729364695967,15.366455382131342,1,8070.0,0.0,5289.0,Deserts & Xeric Shrublands,Deccan thorn scrub forests
2013,92.96637409545616,24.50689574078719,1,790.0,0.0,592.0,Tropical & Subtropical Moist Broadleaf Forests,Mizoram-Manipur-Kachin rain forests
2013,92.22372060619954,23.661564239062887,1,38.0,0.0,9.0,Tropical & Subtropical Moist Broadleaf Forests,Mizoram-Manipur-Kachin rain forests
2013,93.2558761536712,23.276283195524496,1,20316.0,0.0,15662.0,Tropical & Subtropical Moist Broadleaf Forests,Mizoram-Manipur-Kachin rain forests
2013,92.47082004409819,22.8544767395852,1,20316.0,0.0,15662.0,Tropical & Subtropical Moist Broadleaf Forests,Mizoram-Manipur-Kachin rain forests
2013,92.74769957194505,24.1395509468402,1,20316.0,0.0,15662.0,Tropical & Subtropical Moist Broadleaf Forests,Mizoram-Manipur-Kachin rain forests
2013,92.92577240997824,23.7583315019395,1,20316.0,0.0,15662.0,Tropical & Subtropical Moist Broadleaf Forests,Mizoram-Manipur-Kachin rain forests
2013,92.7728746373874,24.078358312643164,1,20316.0,0.0,15662.0,Tropical & Subtropical Moist Broadleaf Forests,Mizoram-Manipur-Kachin rain forests
2013,92.79384592497757,22.44500700717234,1,20316.0,0.0,15662.0,Tropical & Subtropical Moist Broadleaf Forests,Mizoram-Manipur-Kachin rain forests
2013,92.84755209916752,22.913197772877616,1,20316.0,0.0,15662.0,Tropical & Subtropical Moist Broadleaf Forests,Mizoram-Manipur-Kachin rain forests
2013,92.92081857588894,24.096422329668737,1,20316.0,0.0,15662.0,Tropical & Subtropical Moist Broadleaf Forests,Mizoram-Manipur-Kachin rain forests
2013,93.08675999519852,24.703547728424912,1,32.0,0.0,21.0,Tropical & Subtropical Moist Broadleaf Forests,Mizoram-Manipur-Kachin rain forests
2013,77.94384106523826,21.934729436218774,1,10564.0,0.0,6378.0,Tropical & Subtropical Moist Broadleaf Forests,East Deccan moist deciduous forests
2013,78.26995987225989,22.55319450137066,1,10564.0,0.0,6378.0,Tropical & Subtropical Moist Broadleaf Forests,East Deccan moist deciduous forests
2013,77.99764096839732,21.986617410822568,1,10564.0,0.0,6378.0,Tropical & Subtropical Moist Broadleaf Forests,East Deccan moist deciduous forests
2013,78.51917112276406,22.329564126638907,1,10564.0,0.0,6378.0,Tropical & Subtropical Moist Broadleaf Forests,East Deccan moist deciduous forests
2013,77.33642794677766,21.379169225662643,1,4070.0,0.0,2668.0,Tropical & Subtropical Dry Broadleaf Forests,Narmada Valley dry deciduous forests
2013,76.901649471769,21.182719389081257,1,4070.0,0.0,2668.0,Tropical & Subtropical Dry Broadleaf Forests,Narmada Valley dry deciduous forests
2013,76.28758626124223,22.6825374751977,1,5017.0,0.0,2399.0,Tropical & Subtropical Dry Broadleaf Forests,Narmada Valley dry deciduous forests
2013,77.0706987132023,22.943189562819263,1,5017.0,0.0,2399.0,Tropical & Subtropical Dry Broadleaf Forests,Narmada Valley dry deciduous forests
2013,86.25630417469598,21.887434954582563,1,5283.0,0.0,3446.0,Tropical & Subtropical Moist Broadleaf Forests,East Deccan moist deciduous forests
2013,86.3557498526644,21.29413433685327,1,5283.0,0.0,3446.0,Tropical & Subtropical Moist Broadleaf Forests,East Deccan moist deciduous forests
2013,82.45778692365417,21.394578609300442,1,1200.0,0.0,683.0,Tropical & Subtropical Moist Broadleaf Forests,East Deccan moist deciduous forests
2013,88.77998003225137,27.003500214969044,1,1841.0,0.0,1157.0,Temperate Broadleaf & Mixed Forests,Eastern Himalayan broadleaf forests
2013,88.98343306992061,22.024915060667404,1,1451.0,716.0,1335.0,Mangroves,Sundarbans mangroves
2013,77.29771244331674,10.35513006829152,1,3103.0,68.0,1868.0,Tropical & Subtropical Moist Broadleaf Forests,South Western Ghats moist deciduous forests
2013,76.34833688039559,10.50982537310729,1,3756.0,213.0,2611.0,Tropical & Subtropical Moist Broadleaf Forests,South Western Ghats montane rain forests
2013,80.0904476656049,23.261400990462914,1,1784.0,0.0,934.0,Tropical & Subtropical Dry Broadleaf Forests,Narmada Valley dry deciduous forests
2013,75.84523628207981,22.457284456589427,1,797.0,0.0,422.0,Tropical & Subtropical Dry Broadleaf Forests,Narmada Valley dry deciduous forests
2013,74.25490843090653,15.331795525282349,1,1514.0,0.0,1072.0,Tropical & Subtropical Moist Broadleaf Forests,North Western Ghats moist deciduous forests
2013,76.58897515741528,11.543451151759808,1,6892.0,102.0,4586.0,Tropical & Subtropical Dry Broadleaf Forests,South Deccan Plateau dry deciduous forests
2013,77.46390786685556,11.668640937572636,1,6892.0,102.0,4586.0,Tropical & Subtropical Dry Broadleaf Forests,South Deccan Plateau dry deciduous forests
2013,77.24059469327625,11.555668835787992,1,6892.0,102.0,4586.0,Tropical & Subtropical Dry Broadleaf Forests,South Deccan Plateau dry deciduous forests
2013,74.13578084269506,15.772529753552089,1,2843.0,323.0,1439.0,Tropical & Subtropical Moist Broadleaf Forests,North Western Ghats montane rain forests
2013,76.05858878799698,11.907907058704856,1,4990.0,551.0,3249.0,Tropical & Subtropical Moist Broadleaf Forests,South Western Ghats montane rain forests
2013,75.92235616589925,11.545778418244737,1,4990.0,551.0,3249.0,Tropical & Subtropical Moist Broadleaf Forests,South Western Ghats montane rain forests
2013,74.43936576695302,14.906261668777919,1,28827.0,1662.0,20170.0,Tropical & Subtropical Moist Broadleaf Forests,North Western Ghats montane rain forests
2013,75.20051923674671,13.356891229145473,1,28827.0,1662.0,20170.0,Tropical & Subtropical Moist Broadleaf Forests,North Western Ghats montane rain forests
2013,75.82958355309194,12.149105056225302,1,28827.0,1662.0,20170.0,Tropical & Subtropical Moist Broadleaf Forests,North Western Ghats montane rain forests
2013,75.71638182168894,13.398203979346512,1,28827.0,1662.0,20170.0,Tropical & Subtropical Moist Broadleaf Forests,North Western Ghats montane rain forests
2013,75.49485038869022,12.464349978462236,1,28827.0,1662.0,20170.0,Tropical & Subtropical Moist Broadleaf Forests,North Western Ghats montane rain forests
2013,75.54930917167286,13.009337456562658,1,28827.0,1662.0,20170.0,Tropical & Subtropical Moist Broadleaf Forests,North Western Ghats montane rain forests
2013,75.90767869379093,12.045165317033714,1,28827.0,1662.0,20170.0,Tropical & Subtropical Moist Broadleaf Forests,North Western Ghats montane rain forests
2013,75.53031535721775,12.306372010376146,1,28827.0,1662.0,20170.0,Tropical & Subtropical Moist Broadleaf Forests,North Western Ghats montane rain forests
2013,76.45146369078765,11.824651961781804,1,28827.0,1662.0,20170.0,Tropical & Subtropical Moist Broadleaf Forests,North Western Ghats montane rain forests
2013,75.79626806718156,13.530793018701969,1,28827.0,1662.0,20170.0,Tropical & Subtropical Moist Broadleaf Forests,North Western Ghats montane rain forests
2013,74.26555301189633,14.784630945387685,1,28827.0,1662.0,20170.0,Tropical & Subtropical Moist Broadleaf Forests,North Western Ghats montane rain forests
2013,83.87454128128323,22.92206617359891,1,14796.0,0.0,9939.0,Tropical & Subtropical Dry Broadleaf Forests,Chhota-Nagpur dry deciduous forests
2013,82.35633904308246,23.415170087840483,1,14796.0,0.0,9939.0,Tropical & Subtropical Dry Broadleaf Forests,Chhota-Nagpur dry deciduous forests
2013,82.44618945630486,23.462494448319184,1,14796.0,0.0,9939.0,Tropical & Subtropical Dry Broadleaf Forests,Chhota-Nagpur dry deciduous forests
2013,83.88412847044987,23.075714634196522,1,14796.0,0.0,9939.0,Tropical & Subtropical Dry Broadleaf Forests,Chhota-Nagpur dry deciduous forests
2013,83.3399715929615,24.019463644482364,1,14796.0,0.0,9939.0,Tropical & Subtropical Dry Broadleaf Forests,Chhota-Nagpur dry deciduous forests
2013,81.66468359321973,23.59927200426657,1,14796.0,0.0,9939.0,Tropical & Subtropical Dry Broadleaf Forests,Chhota-Nagpur dry deciduous forests
2013,82.81376510356584,23.97358884752035,1,56.0,0.0,35.0,Tropical & Subtropical Dry Broadleaf Forests,Chhota-Nagpur dry deciduous forests
2013,84.2686276063353,21.41940872884248,1,13469.0,0.0,7899.0,Tropical & Subtropical Moist Broadleaf Forests,East Deccan moist deciduous forests
2013,85.03401159597958,21.580268251115974,1,13469.0,0.0,7899.0,Tropical & Subtropical Moist Broadleaf Forests,East Deccan moist deciduous forests
2013,84.15074069513639,21.74386645953722,1,13469.0,0.0,7899.0,Tropical & Subtropical Moist Broadleaf Forests,East Deccan moist deciduous forests
2013,84.90236055976273,22.062642324365928,1,13469.0,0.0,7899.0,Tropical & Subtropical Moist Broadleaf Forests,East Deccan moist deciduous forests
2013,84.6103286505877,21.23863587280335,1,13469.0,0.0,7899.0,Tropical & Subtropical Moist Broadleaf Forests,East Deccan moist deciduous forests
2013,81.90082310889558,23.869368475715305,1,6906.0,0.0,4002.0,Tropical & Subtropical Dry Broadleaf Forests,Narmada Valley dry deciduous forests
2013,82.32448461476814,24.009955548305467,1,6906.0,0.0,4002.0,Tropical & Subtropical Dry Broadleaf Forests,Narmada Valley dry deciduous forests
2013,81.24763813927548,23.91405700682815,1,6906.0,0.0,4002.0,Tropical & Subtropical Dry Broadleaf Forests,Narmada Valley dry deciduous forests
2013,84.07799828468892,23.921152083827156,1,24447.0,0.0,14713.0,Tropical & Subtropical Dry Broadleaf Forests,Chhota-Nagpur dry deciduous forests
2013,85.25608485101982,23.717765901270138,1,24447.0,0.0,14713.0,Tropical & Subtropical Dry Broadleaf Forests,Chhota-Nagpur dry deciduous forests
2013,84.49441612547298,22.708853133698575,1,24447.0,0.0,14713.0,Tropical & Subtropical Dry Broadleaf Forests,Chhota-Nagpur dry deciduous forests
2013,84.3521473055357,23.76612508206816,1,24447.0,0.0,14713.0,Tropical & Subtropical Dry Broadleaf Forests,Chhota-Nagpur dry deciduous forests
2013,84.29557106473722,23.207206528492712,1,24447.0,0.0,14713.0,Tropical & Subtropical Dry Broadleaf Forests,Chhota-Nagpur dry deciduous forests
2013,85.45439820992928,23.535927586576705,1,24447.0,0.0,14713.0,Tropical & Subtropical Dry Broadleaf Forests,Chhota-Nagpur dry deciduous forests
2013,85.07809269389483,24.348065643837423,1,24447.0,0.0,14713.0,Tropical & Subtropical Dry Broadleaf Forests,Chhota-Nagpur dry deciduous forests
2013,85.60475377236254,22.876455292414732,1,24447.0,0.0,14713.0,Tropical & Subtropical Dry Broadleaf Forests,Chhota-Nagpur dry deciduous forests
2013,84.70739722751325,23.68662996779607,1,24447.0,0.0,14713.0,Tropical & Subtropical Dry Broadleaf Forests,Chhota-Nagpur dry deciduous forests
2013,85.56624454656004,22.496259552296088,1,24447.0,0.0,14713.0,Tropical & Subtropical Dry Broadleaf Forests,Chhota-Nagpur dry deciduous forests
2013,90.91844626610555,26.70026410245627,1,2410.0,531.0,1703.0,Tropical & Subtropical Moist Broadleaf Forests,Brahmaputra Valley semi-evergreen forests
2013,89.86014456086416,26.69853052834288,1,36.0,0.0,29.0,"Tropical & Subtropical Grasslands, Savannas & Shrublands",Terai-Duar savanna and grasslands
2013,77.09871308408486,25.335345037203034,1,53.0,0.0,30.0,Tropical & Subtropical Dry Broadleaf Forests,Khathiar-Gir dry deciduous forests
2013,77.93465858293192,25.768549323317746,1,9581.0,0.0,4688.0,Tropical & Subtropical Dry Broadleaf Forests,Khathiar-Gir dry deciduous forests
2013,77.1959181180841,25.481168624616462,1,9581.0,0.0,4688.0,Tropical & Subtropical Dry Broadleaf Forests,Khathiar-Gir dry deciduous forests
2013,77.36785536481607,24.85745396630397,1,9581.0,0.0,4688.0,Tropical & Subtropical Dry Broadleaf Forests,Khathiar-Gir dry deciduous forests
2013,77.95440965939329,25.81789963126153,1,9581.0,0.0,4688.0,Tropical & Subtropical Dry Broadleaf Forests,Khathiar-Gir dry deciduous forests
2013,83.12743632460068,18.282455759459793,1,9192.0,0.0,5823.0,Tropical & Subtropical Moist Broadleaf Forests,East Deccan moist deciduous forests
2013,81.637256058202,17.545270025680896,1,9192.0,0.0,5823.0,Tropical & Subtropical Moist Broadleaf Forests,East Deccan moist deciduous forests
2013,81.92444869880151,17.76144146881231,1,9192.0,0.0,5823.0,Tropical & Subtropical Moist Broadleaf Forests,East Deccan moist deciduous forests
2013,81.78722504188953,17.316765042087127,1,9192.0,0.0,5823.0,Tropical & Subtropical Moist Broadleaf Forests,East Deccan moist deciduous forests
2013,80.77608357375762,17.315311190898107,1,2940.0,0.0,1954.0,Tropical & Subtropical Moist Broadleaf Forests,East Deccan moist deciduous forests
2013,82.03332420475793,18.055008926227195,1,86.0,0.0,44.0,Tropical & Subtropical Moist Broadleaf Forests,East Deccan moist deciduous forests
2013,78.77768402920431,16.016051104294323,1,7980.0,0.0,5783.0,Tropical & Subtropical Dry Broadleaf Forests,Central Deccan Plateau dry deciduous forests
2013,78.54101806465208,16.02795707298535,1,7980.0,0.0,5783.0,Tropical & Subtropical Dry Broadleaf Forests,Central Deccan Plateau dry deciduous forests
2013,78.71208700634594,15.539606535501049,1,7980.0,0.0,5783.0,Tropical & Subtropical Dry Broadleaf Forests,Central Deccan Plateau dry deciduous forests
2013,78.61622630796587,16.293897213243575,1,1731.0,0.0,1319.0,Tropical & Subtropical Dry Broadleaf Forests,Central Deccan Plateau dry deciduous forests
2013,96.11635188142186,28.978930376778532,1,61174.0,15.0,53893.0,Temperate Broadleaf & Mixed Forests,Eastern Himalayan broadleaf forests
2013,93.86779284588454,27.784732191456552,1,61174.0,15.0,53893.0,Temperate Broadleaf & Mixed Forests,Eastern Himalayan broadleaf forests
2013,92.79392492340685,27.2292165695572,1,61174.0,15.0,53893.0,Temperate Broadleaf & Mixed Forests,Eastern Himalayan broadleaf forests
2013,91.64918329778237,27.660266594720543,1,61174.0,15.0,53893.0,Temperate Broadleaf & Mixed Forests,Eastern Himalayan broadleaf forests
2013,91.78521829387321,27.66120208297333,1,61174.0,15.0,53893.0,Temperate Broadleaf & Mixed Forests,Eastern Himalayan broadleaf forests
2013,96.02898911651445,28.7402441704088,1,61174.0,15.0,53893.0,Temperate Broadleaf & Mixed Forests,Eastern Himalayan broadleaf forests
2013,93.89264691126377,28.595311150508756,1,61174.0,15.0,53893.0,Temperate Broadleaf & Mixed Forests,Eastern Himalayan broadleaf forests
2013,95.84620876845612,28.716417777409436,1,61174.0,15.0,53893.0,Temperate Broadleaf & Mixed Forests,Eastern Himalayan broadleaf forests
2013,96.1357661049863,28.872674374018764,1,61174.0,15.0,53893.0,Temperate Broadleaf & Mixed Forests,Eastern Himalayan broadleaf forests
2013,93.55347271209456,27.70512927975906,1,61174.0,15.0,53893.0,Temperate Broadleaf & Mixed Forests,Eastern Himalayan broadleaf forests
2013,91.85868791320175,27.50450010761838,1,61174.0,15.0,53893.0,Temperate Broadleaf & Mixed Forests,Eastern Himalayan broadleaf forests
2013,94.34530702576426,28.1921295894136,1,61174.0,15.0,53893.0,Temperate Broadleaf & Mixed Forests,Eastern Himalayan broadleaf forests
2013,93.48348364494316,27.069393837283272,1,61174.0,15.0,53893.0,Temperate Broadleaf & Mixed Forests,Eastern Himalayan broadleaf forests
2013,94.71010571734472,28.182651069983915,1,61174.0,15.0,53893.0,Temperate Broadleaf & Mixed Forests,Eastern Himalayan broadleaf forests
2013,95.66678619237791,28.71683185580417,1,61174.0,15.0,53893.0,Temperate Broadleaf & Mixed Forests,Eastern Himalayan broadleaf forests
2013,94.71095364148199,27.721108754284938,1,61174.0,15.0,53893.0,Temperate Broadleaf & Mixed Forests,Eastern Himalayan broadleaf forests
2013,92.82672955553716,27.856705811780976,1,61174.0,15.0,53893.0,Temperate Broadleaf & Mixed Forests,Eastern Himalayan broadleaf forests
2013,96.38705755204808,28.31301716174163,1,61174.0,15.0,53893.0,Temperate Broadleaf & Mixed Forests,Eastern Himalayan broadleaf forests
2013,93.46438220679332,27.0368468466394,1,61174.0,15.0,53893.0,Temperate Broadleaf & Mixed Forests,Eastern Himalayan broadleaf forests
2013,94.7609886380935,28.39756971933151,1,61174.0,15.0,53893.0,Temperate Broadleaf & Mixed Forests,Eastern Himalayan broadleaf forests
2013,94.0564816533455,27.59632978904268,1,61174.0,15.0,53893.0,Temperate Broadleaf & Mixed Forests,Eastern Himalayan broadleaf forests
2013,95.09485910586395,28.792627835084705,1,61174.0,15.0,53893.0,Temperate Broadleaf & Mixed Forests,Eastern Himalayan broadleaf forests
2013,95.14408000223195,28.79804681860387,1,61174.0,15.0,53893.0,Temperate Broadleaf & Mixed Forests,Eastern Himalayan broadleaf forests
2013,95.56283596645812,28.60907286750396,1,61174.0,15.0,53893.0,Temperate Broadleaf & Mixed Forests,Eastern Himalayan broadleaf forests
2013,92.7434943067153,27.64547897600181,1,61174.0,15.0,53893.0,Temperate Broadleaf & Mixed Forests,Eastern Himalayan broadleaf forests
2013,94.65745209457823,27.856802253939684,1,61174.0,15.0,53893.0,Temperate Broadleaf & Mixed Forests,Eastern Himalayan broadleaf forests
2013,95.67312553631372,27.95235327126037,1,17752.0,319.0,12039.0,Tropical & Subtropical Moist Broadleaf Forests,Meghalaya subtropical forests
2013,92.89966383781496,26.984213205579444,1,17752.0,319.0,12039.0,Tropical & Subtropical Moist Broadleaf Forests,Meghalaya subtropical forests
2013,93.2481793397456,25.977450299285955,1,17752.0,319.0,12039.0,Tropical & Subtropical Moist Broadleaf Forests,Meghalaya subtropical forests
2013,93.49320031756571,26.024595782281672,1,17752.0,319.0,12039.0,Tropical & Subtropical Moist Broadleaf Forests,Meghalaya subtropical forests
2013,93.12705653757851,25.097200528149802,1,17752.0,319.0,12039.0,Tropical & Subtropical Moist Broadleaf Forests,Meghalaya subtropical forests
2013,92.00705852726236,26.109467325315304,1,17752.0,319.0,12039.0,Tropical & Subtropical Moist Broadleaf Forests,Meghalaya subtropical forests
2013,92.37854036010131,25.856680183813026,1,17752.0,319.0,12039.0,Tropical & Subtropical Moist Broadleaf Forests,Meghalaya subtropical forests
2013,96.68051795495631,27.81112215348455,1,13177.0,77.0,10796.0,Temperate Broadleaf & Mixed Forests,Eastern Himalayan broadleaf forests
2013,95.59861050739056,28.15487295717473,1,13177.0,77.0,10796.0,Temperate Broadleaf & Mixed Forests,Eastern Himalayan broadleaf forests
2013,96.33641330249493,27.774064824856282,1,13177.0,77.0,10796.0,Temperate Broadleaf & Mixed Forests,Eastern Himalayan broadleaf forests
2013,96.52860713968902,27.91507001629664,1,13177.0,77.0,10796.0,Temperate Broadleaf & Mixed Forests,Eastern Himalayan broadleaf forests
2013,96.33277352727642,27.851474635576334,1,13177.0,77.0,10796.0,Temperate Broadleaf & Mixed Forests,Eastern Himalayan broadleaf forests
2013,96.0615087740832,27.68367436098736,1,13177.0,77.0,10796.0,Temperate Broadleaf & Mixed Forests,Eastern Himalayan broadleaf forests
2013,93.96550418751329,25.615536599987028,1,15551.0,0.0,11673.0,Tropical & Subtropical Moist Broadleaf Forests,Mizoram-Manipur-Kachin rain forests
2013,93.88638359931434,25.72145124188477,1,15551.0,0.0,11673.0,Tropical & Subtropical Moist Broadleaf Forests,Mizoram-Manipur-Kachin rain forests
2013,94.83289861816311,25.840353312269457,1,15551.0,0.0,11673.0,Tropical & Subtropical Moist Broadleaf Forests,Mizoram-Manipur-Kachin rain forests
2013,93.74690979520634,25.545455251832706,1,15551.0,0.0,11673.0,Tropical & Subtropical Moist Broadleaf Forests,Mizoram-Manipur-Kachin rain forests
2013,94.89068604245875,25.94098771830559,1,15551.0,0.0,11673.0,Tropical & Subtropical Moist Broadleaf Forests,Mizoram-Manipur-Kachin rain forests
2013,94.525025425896,25.675808355534933,1,15551.0,0.0,11673.0,Tropical & Subtropical Moist Broadleaf Forests,Mizoram-Manipur-Kachin rain forests
2013,94.61057997364202,25.88620178577303,1,15551.0,0.0,11673.0,Tropical & Subtropical Moist Broadleaf Forests,Mizoram-Manipur-Kachin rain forests
2013,93.35705110348835,25.18216090139913,1,44.0,0.0,41.0,Tropical & Subtropical Moist Broadleaf Forests,Mizoram-Manipur-Kachin rain forests
2013,92.40943466837298,25.61559598371145,1,169.0,0.0,147.0,Tropical & Subtropical Moist Broadleaf Forests,Meghalaya subtropical forests
2013,81.299418172375,19.985606587083975,1,45892.0,0.0,31565.0,Tropical & Subtropical Moist Broadleaf Forests,East Deccan moist deciduous forests
2013,80.99428307927806,18.20107442862454,1,45892.0,0.0,31565.0,Tropical & Subtropical Moist Broadleaf Forests,East Deccan moist deciduous forests
2013,80.66729830374217,20.41329921117078,1,45892.0,0.0,31565.0,Tropical & Subtropical Moist Broadleaf Forests,East Deccan moist deciduous forests
2013,80.47420113130998,18.661232386946644,1,45892.0,0.0,31565.0,Tropical & Subtropical Moist Broadleaf Forests,East Deccan moist deciduous forests
2013,81.23783563900575,19.3378578006279,1,45892.0,0.0,31565.0,Tropical & Subtropical Moist Broadleaf Forests,East Deccan moist deciduous forests
2013,82.16944493552701,20.00519754925891,1,45892.0,0.0,31565.0,Tropical & Subtropical Moist Broadleaf Forests,East Deccan moist deciduous forests
2013,81.07459122765917,17.852000607648012,1,45892.0,0.0,31565.0,Tropical & Subtropical Moist Broadleaf Forests,East Deccan moist deciduous forests
2013,80.61396616410786,20.44601035561828,1,45892.0,0.0,31565.0,Tropical & Subtropical Moist Broadleaf Forests,East Deccan moist deciduous forests
2013,83.01214436767961,22.671063385301128,1,45892.0,0.0,31565.0,Tropical & Subtropical Moist Broadleaf Forests,East Deccan moist deciduous forests
2013,82.09163518553025,20.18989409909537,1,45892.0,0.0,31565.0,Tropical & Subtropical Moist Broadleaf Forests,East Deccan moist deciduous forests
2013,81.17266603571677,20.44698828056403,1,45892.0,0.0,31565.0,Tropical & Subtropical Moist Broadleaf Forests,East Deccan moist deciduous forests
2013,81.228207522382,19.913427369142646,1,45892.0,0.0,31565.0,Tropical & Subtropical Moist Broadleaf Forests,East Deccan moist deciduous forests
2013,81.26080334845355,18.162299800874003,1,45892.0,0.0,31565.0,Tropical & Subtropical Moist Broadleaf Forests,East Deccan moist deciduous forests
2013,80.78795862148918,19.951557059578658,1,45892.0,0.0,31565.0,Tropical & Subtropical Moist Broadleaf Forests,East Deccan moist deciduous forests
2013,82.10972525004448,20.390766185006072,1,45892.0,0.0,31565.0,Tropical & Subtropical Moist Broadleaf Forests,East Deccan moist deciduous forests
2013,83.00712933417887,22.609134933503565,1,45892.0,0.0,31565.0,Tropical & Subtropical Moist Broadleaf Forests,East Deccan moist deciduous forests
2013,81.95679900392366,20.65836968182972,1,45892.0,0.0,31565.0,Tropical & Subtropical Moist Broadleaf Forests,East Deccan moist deciduous forests
2013,82.0160949597697,22.655359932044174,1,45892.0,0.0,31565.0,Tropical & Subtropical Moist Broadleaf Forests,East Deccan moist deciduous forests
2013,81.274573025524,18.537701173950758,1,45892.0,0.0,31565.0,Tropical & Subtropical Moist Broadleaf Forests,East Deccan moist deciduous forests
2013,80.58523349331352,18.3472986889534,1,11578.0,0.0,7274.0,Tropical & Subtropical Moist Broadleaf Forests,East Deccan moist deciduous forests
2013,80.40320085667055,18.174537529124127,1,11578.0,0.0,7274.0,Tropical & Subtropical Moist Broadleaf Forests,East Deccan moist deciduous forests
2013,80.69523586969311,17.800153511795877,1,11578.0,0.0,7274.0,Tropical & Subtropical Moist Broadleaf Forests,East Deccan moist deciduous forests
2013,81.17523724130807,17.785497195507425,1,11578.0,0.0,7274.0,Tropical & Subtropical Moist Broadleaf Forests,East Deccan moist deciduous forests
2013,80.099533113267,17.84569274702986,1,11578.0,0.0,7274.0,Tropical & Subtropical Moist Broadleaf Forests,East Deccan moist deciduous forests
2013,82.4067243666047,20.32998913053312,1,125.0,0.0,98.0,Tropical & Subtropical Dry Broadleaf Forests,North Deccan dry deciduous forests
2013,79.87823862438007,21.881541062952547,1,12617.0,0.0,8272.0,Tropical & Subtropical Moist Broadleaf Forests,East Deccan moist deciduous forests
2013,80.70333692473494,21.726772499143564,1,12617.0,0.0,8272.0,Tropical & Subtropical Moist Broadleaf Forests,East Deccan moist deciduous forests
2013,80.73616648271425,22.182515042434094,1,12617.0,0.0,8272.0,Tropical & Subtropical Moist Broadleaf Forests,East Deccan moist deciduous forests
2013,79.28044925279417,21.722994848995754,1,12617.0,0.0,8272.0,Tropical & Subtropical Moist Broadleaf Forests,East Deccan moist deciduous forests
2013,80.53839547918777,22.457468767985144,1,12617.0,0.0,8272.0,Tropical & Subtropical Moist Broadleaf Forests,East Deccan moist deciduous forests
2013,79.34487989137332,21.497036707837925,1,16404.0,0.0,11725.0,Tropical & Subtropical Dry Broadleaf Forests,Central Deccan Plateau dry deciduous forests
2013,79.86945102437889,21.153809848567146,1,16404.0,0.0,11725.0,Tropical & Subtropical Dry Broadleaf Forests,Central Deccan Plateau dry deciduous forests
2013,80.1422606257348,18.77104013504051,1,16404.0,0.0,11725.0,Tropical & Subtropical Dry Broadleaf Forests,Central Deccan Plateau dry deciduous forests
2013,80.34472043610553,19.563021197404552,1,16404.0,0.0,11725.0,Tropical & Subtropical Dry Broadleaf Forests,Central Deccan Plateau dry deciduous forests
2013,79.90572402301109,19.770632614051166,1,16404.0,0.0,11725.0,Tropical & Subtropical Dry Broadleaf Forests,Central Deccan Plateau dry deciduous forests
2013,80.08711508866608,20.53845900915737,1,16404.0,0.0,11725.0,Tropical & Subtropical Dry Broadleaf Forests,Central Deccan Plateau dry deciduous forests
2013,80.09596911084459,19.972916576569162,1,16404.0,0.0,11725.0,Tropical & Subtropical Dry Broadleaf Forests,Central Deccan Plateau dry deciduous forests
2013,84.36074341648487,27.340364678334833,1,920.0,14.0,669.0,Tropical & Subtropical Moist Broadleaf Forests,Himalayan subtropical broadleaf forests
2013,79.60616649198188,29.832199254301607,1,19817.0,0.0,12841.0,Tropical & Subtropical Coniferous Forests,Himalayan subtropical pine forests
2013,78.32884557285131,30.043290392693866,1,19817.0,0.0,12841.0,Tropical & Subtropical Coniferous Forests,Himalayan subtropical pine forests
2013,78.51004781107731,30.24482230520889,1,19817.0,0.0,12841.0,Tropical & Subtropical Coniferous Forests,Himalayan subtropical pine forests
2013,78.89347999535434,30.147010012825593,1,19817.0,0.0,12841.0,Tropical & Subtropical Coniferous Forests,Himalayan subtropical pine forests
2013,79.05282722962679,29.78822504936736,1,19817.0,0.0,12841.0,Tropical & Subtropical Coniferous Forests,Himalayan subtropical pine forests
2013,79.21559408772384,29.541369152214436,1,19817.0,0.0,12841.0,Tropical & Subtropical Coniferous Forests,Himalayan subtropical pine forests
2013,80.09614406856247,29.388110208846214,1,19817.0,0.0,12841.0,Tropical & Subtropical Coniferous Forests,Himalayan subtropical pine forests
2013,79.5320906595883,29.702083245113887,1,19817.0,0.0,12841.0,Tropical & Subtropical Coniferous Forests,Himalayan subtropical pine forests
2013,79.90215246485528,29.253038447088038,1,19817.0,0.0,12841.0,Tropical & Subtropical Coniferous Forests,Himalayan subtropical pine forests
2013,82.50429313786287,27.678133529458467,1,1616.0,0.0,904.0,"Tropical & Subtropical Grasslands, Savannas & Shrublands",Terai-Duar savanna and grasslands
2014,95.48156750486591,27.74505784326831,1,147.0,0.0,68.0,Tropical & Subtropical Moist Broadleaf Forests,Brahmaputra Valley semi-evergreen forests
2014,77.27543165891747,9.22361956440485,1,2926.0,1657.0,1842.0,Tropical & Subtropical Moist Broadleaf Forests,South Western Ghats moist deciduous forests
2014,76.95728010754378,9.310549112624942,1,3580.0,2491.0,2775.0,Tropical & Subtropical Moist Broadleaf Forests,South Western Ghats montane rain forests
2014,82.78823322066187,24.54957558881089,1,16.0,0.0,6.0,Tropical & Subtropical Dry Broadleaf Forests,Narmada Valley dry deciduous forests
2014,81.7320138609199,24.248200516924214,1,2740.0,0.0,1413.0,Tropical & Subtropical Dry Broadleaf Forests,Narmada Valley dry deciduous forests
2014,80.97327968174686,25.15258859693509,1,863.0,0.0,485.0,Tropical & Subtropical Moist Broadleaf Forests,Upper Gangetic Plains moist deciduous forests
2014,79.26300953874166,24.440934693161278,1,7170.0,0.0,3911.0,Tropical & Subtropical Dry Broadleaf Forests,Narmada Valley dry deciduous forests
2014,79.69000190750646,24.676514508295973,1,7170.0,0.0,3911.0,Tropical & Subtropical Dry Broadleaf Forests,Narmada Valley dry deciduous forests
2014,79.33291398840534,24.360577569137355,1,7170.0,0.0,3911.0,Tropical & Subtropical Dry Broadleaf Forests,Narmada Valley dry deciduous forests
2014,75.6964545753289,22.32248351742301,1,5904.0,0.0,2858.0,Tropical & Subtropical Dry Broadleaf Forests,Narmada Valley dry deciduous forests
2014,77.21172826642095,22.974063383112583,1,5904.0,0.0,2858.0,Tropical & Subtropical Dry Broadleaf Forests,Narmada Valley dry deciduous forests
2014,89.01061504910375,21.97542024830696,1,1451.0,716.0,1335.0,Mangroves,Sundarbans mangroves
2014,76.61195741749084,26.071373351375012,1,481.0,0.0,259.0,Tropical & Subtropical Dry Broadleaf Forests,Khathiar-Gir dry deciduous forests
2014,83.19240487183944,20.55978198522323,1,382.0,0.0,147.0,Tropical & Subtropical Dry Broadleaf Forests,North Deccan dry deciduous forests
2014,77.60904769382033,10.399763545631545,1,3126.0,68.0,1883.0,Tropical & Subtropical Moist Broadleaf Forests,South Western Ghats moist deciduous forests
2014,77.11265668290103,10.166075359325339,1,3735.0,214.0,2554.0,Tropical & Subtropical Moist Broadleaf Forests,South Western Ghats montane rain forests
2014,78.60686436035269,20.940138088370723,1,634.0,0.0,263.0,Tropical & Subtropical Dry Broadleaf Forests,Central Deccan Plateau dry deciduous forests
2014,77.77049608297438,30.33972345751896,1,748.0,0.0,438.0,Tropical & Subtropical Moist Broadleaf Forests,Upper Gangetic Plains moist deciduous forests
2014,79.95636080516199,28.72703109039409,1,5.0,0.0,1.0,Tropical & Subtropical Moist Broadleaf Forests,Upper Gangetic Plains moist deciduous forests
2014,79.91524524129905,28.62038376342023,1,966.0,0.0,436.0,Tropical & Subtropical Moist Broadleaf Forests,Upper Gangetic Plains moist deciduous forests
2014,74.57345427900947,21.802046430946913,1,384.0,0.0,162.0,Deserts & Xeric Shrublands,Deccan thorn scrub forests
2014,74.50233282319279,21.7982004293234,1,8.0,0.0,4.0,Deserts & Xeric Shrublands,Deccan thorn scrub forests
2014,88.77743204137708,26.733802454392475,1,2330.0,0.0,1414.0,Temperate Broadleaf & Mixed Forests,Eastern Himalayan broadleaf forests
2014,77.32422065081703,25.42613099259514,1,30.0,0.0,20.0,Tropical & Subtropical Dry Broadleaf Forests,Khathiar-Gir dry deciduous forests
2014,77.80948395887401,26.21280345755261,1,6611.0,0.0,3381.0,Tropical & Subtropical Dry Broadleaf Forests,Khathiar-Gir dry deciduous forests
2014,77.18179473668145,25.85005495485761,1,6611.0,0.0,3381.0,Tropical & Subtropical Dry Broadleaf Forests,Khathiar-Gir dry deciduous forests
2014,77.31435912555875,25.699668758045124,1,6611.0,0.0,3381.0,Tropical & Subtropical Dry Broadleaf Forests,Khathiar-Gir dry deciduous forests
2014,74.28069767259163,15.324242447285991,1,1483.0,0.0,1066.0,Tropical & Subtropical Moist Broadleaf Forests,North Western Ghats montane rain forests
2014,77.32107272670896,11.62417922200452,1,7017.0,103.0,4662.0,Tropical & Subtropical Dry Broadleaf Forests,South Deccan Plateau dry deciduous forests
2014,77.01780749999605,11.424999836058547,1,7017.0,103.0,4662.0,Tropical & Subtropical Dry Broadleaf Forests,South Deccan Plateau dry deciduous forests
2014,77.76461033791833,12.220688927649848,1,7017.0,103.0,4662.0,Tropical & Subtropical Dry Broadleaf Forests,South Deccan Plateau dry deciduous forests
2014,73.9016996260252,15.90065080036971,1,2634.0,321.0,1352.0,Tropical & Subtropical Moist Broadleaf Forests,North Western Ghats montane rain forests
2014,76.14298822245087,11.79986253453701,1,5138.0,551.0,3323.0,Tropical & Subtropical Moist Broadleaf Forests,South Western Ghats montane rain forests
2014,75.41335434398567,12.243955650321155,1,5138.0,551.0,3323.0,Tropical & Subtropical Moist Broadleaf Forests,South Western Ghats montane rain forests
2014,75.42697425195476,13.582977441114895,1,29661.0,1663.0,20910.0,Tropical & Subtropical Moist Broadleaf Forests,North Western Ghats montane rain forests
2014,74.59647549231278,14.93245845368456,1,29661.0,1663.0,20910.0,Tropical & Subtropical Moist Broadleaf Forests,North Western Ghats montane rain forests
2014,74.40785007078502,15.19764896025489,1,29661.0,1663.0,20910.0,Tropical & Subtropical Moist Broadleaf Forests,North Western Ghats montane rain forests
2014,77.47382150554758,12.319773919261293,1,29661.0,1663.0,20910.0,Tropical & Subtropical Moist Broadleaf Forests,North Western Ghats montane rain forests
2014,75.43048241137346,13.8432131490965,1,29661.0,1663.0,20910.0,Tropical & Subtropical Moist Broadleaf Forests,North Western Ghats montane rain forests
2014,74.85973629897941,14.713765984518883,1,29661.0,1663.0,20910.0,Tropical & Subtropical Moist Broadleaf Forests,North Western Ghats montane rain forests
2014,75.49659054486195,13.359181177219012,1,29661.0,1663.0,20910.0,Tropical & Subtropical Moist Broadleaf Forests,North Western Ghats montane rain forests
2014,76.43037977028355,11.854458798652985,1,29661.0,1663.0,20910.0,Tropical & Subtropical Moist Broadleaf Forests,North Western Ghats montane rain forests
2014,74.33900959966286,15.531451007068775,1,29661.0,1663.0,20910.0,Tropical & Subtropical Moist Broadleaf Forests,North Western Ghats montane rain forests
2014,77.31914941706597,12.321188578349538,1,29661.0,1663.0,20910.0,Tropical & Subtropical Moist Broadleaf Forests,North Western Ghats montane rain forests
2014,77.5780236104452,12.012338046806216,1,29661.0,1663.0,20910.0,Tropical & Subtropical Moist Broadleaf Forests,North Western Ghats montane rain forests
2014,75.69152847728193,13.025059132827796,1,29661.0,1663.0,20910.0,Tropical & Subtropical Moist Broadleaf Forests,North Western Ghats montane rain forests
2014,76.88561750826364,9.695756329800664,1,805.0,0.0,396.0,Tropical & Subtropical Moist Broadleaf Forests,South Western Ghats montane rain forests
2014,82.01744809887524,17.645413072044565,1,9297.0,0.0,5911.0,Tropical & Subtropical Moist Broadleaf Forests,East Deccan moist deciduous forests
2014,81.6315516876941,17.35909365803741,1,9297.0,0.0,5911.0,Tropical & Subtropical Moist Broadleaf Forests,East Deccan moist deciduous forests
2014,82.79407794993726,18.137895405763693,1,9297.0,0.0,5911.0,Tropical & Subtropical Moist Broadleaf Forests,East Deccan moist deciduous forests
2014,82.36775812825802,17.474006831812225,1,9297.0,0.0,5911.0,Tropical & Subtropical Moist Broadleaf Forests,East Deccan moist deciduous forests
2014,81.37586012949373,17.52762738643745,1,2933.0,0.0,1935.0,Tropical & Subtropical Moist Broadleaf Forests,East Deccan moist deciduous forests
2014,82.9767498401283,18.35691003422616,1,80.0,0.0,41.0,Tropical & Subtropical Moist Broadleaf Forests,East Deccan moist deciduous forests
2014,82.44906953403526,21.334299261721455,1,1379.0,0.0,766.0,Tropical & Subtropical Moist Broadleaf Forests,East Deccan moist deciduous forests
2014,86.07821466908744,21.856045954319058,1,5236.0,0.0,3430.0,Tropical & Subtropical Moist Broadleaf Forests,East Deccan moist deciduous forests
2014,86.1436650659116,21.70418609798552,1,5236.0,0.0,3430.0,Tropical & Subtropical Moist Broadleaf Forests,East Deccan moist deciduous forests
2014,78.68584402471322,15.78064891399513,1,7994.0,0.0,5781.0,Tropical & Subtropical Dry Broadleaf Forests,Central Deccan Plateau dry deciduous forests
2014,78.48449316139981,16.058964914730446,1,7994.0,0.0,5781.0,Tropical & Subtropical Dry Broadleaf Forests,Central Deccan Plateau dry deciduous forests
2014,78.73020395419948,15.86010846126393,1,7994.0,0.0,5781.0,Tropical & Subtropical Dry Broadleaf Forests,Central Deccan Plateau dry deciduous forests
2014,78.40847525174934,16.089304954476326,1,1771.0,0.0,1335.0,Tropical & Subtropical Dry Broadleaf Forests,Central Deccan Plateau dry deciduous forests
2014,84.30099455997562,27.339528370135646,1,915.0,14.0,666.0,Tropical & Subtropical Moist Broadleaf Forests,Himalayan subtropical broadleaf forests
2014,79.31446384919518,30.14625335974626,1,20005.0,0.0,13017.0,Tropical & Subtropical Coniferous Forests,Himalayan subtropical pine forests
2014,78.72132267534042,30.331743825853366,1,20005.0,0.0,13017.0,Tropical & Subtropical Coniferous Forests,Himalayan subtropical pine forests
2014,78.84425117177503,29.665560822379973,1,20005.0,0.0,13017.0,Tropical & Subtropical Coniferous Forests,Himalayan subtropical pine forests
2014,78.22289737994615,29.950483757403486,1,20005.0,0.0,13017.0,Tropical & Subtropical Coniferous Forests,Himalayan subtropical pine forests
2014,79.26608529465877,29.607561939766544,1,20005.0,0.0,13017.0,Tropical & Subtropical Coniferous Forests,Himalayan subtropical pine forests
2014,78.57803750496335,30.552281090087522,1,20005.0,0.0,13017.0,Tropical & Subtropical Coniferous Forests,Himalayan subtropical pine forests
2014,79.10327735745666,29.570564263159753,1,20005.0,0.0,13017.0,Tropical & Subtropical Coniferous Forests,Himalayan subtropical pine forests
2014,78.02033212980342,30.410169133983352,1,20005.0,0.0,13017.0,Tropical & Subtropical Coniferous Forests,Himalayan subtropical pine forests
2014,78.27466144757392,30.57035994258505,1,20005.0,0.0,13017.0,Tropical & Subtropical Coniferous Forests,Himalayan subtropical pine forests
2014,80.89491248785076,28.42811530860093,1,1625.0,0.0,917.0,"Tropical & Subtropical Grasslands, Savannas & Shrublands",Terai-Duar savanna and grasslands
2014,79.2353248015693,15.231862998188037,1,8133.0,0.0,5341.0,Deserts & Xeric Shrublands,Deccan thorn scrub forests
2014,79.1383177651415,14.784686186547646,1,8133.0,0.0,5341.0,Deserts & Xeric Shrublands,Deccan thorn scrub forests
2014,79.56347085641596,13.686119062691795,1,8133.0,0.0,5341.0,Deserts & Xeric Shrublands,Deccan thorn scrub forests
2014,79.17414045585397,20.872935597305457,1,401.0,0.0,160.0,Tropical & Subtropical Dry Broadleaf Forests,Central Deccan Plateau dry deciduous forests
2014,80.57386391769671,23.494752649188882,1,1764.0,0.0,929.0,Tropical & Subtropical Dry Broadleaf Forests,Narmada Valley dry deciduous forests
2014,76.48869245765482,27.43714957897109,1,2027.0,0.0,1147.0,Tropical & Subtropical Dry Broadleaf Forests,Khathiar-Gir dry deciduous forests
2014,79.43726746613244,18.947867689129282,1,6356.0,0.0,3835.0,Tropical & Subtropical Moist Broadleaf Forests,East Deccan moist deciduous forests
2014,79.4028798736058,19.014411602859923,1,6356.0,0.0,3835.0,Tropical & Subtropical Moist Broadleaf Forests,East Deccan moist deciduous forests
2014,78.98788513172487,19.47059291497297,1,6356.0,0.0,3835.0,Tropical & Subtropical Moist Broadleaf Forests,East Deccan moist deciduous forests
2014,79.20735849473643,19.50419096776347,1,995.0,0.0,509.0,Tropical & Subtropical Moist Broadleaf Forests,East Deccan moist deciduous forests
2014,79.54161892783445,19.547678382128908,1,0.0,0.0,0.0,Tropical & Subtropical Moist Broadleaf Forests,East Deccan moist deciduous forests
2014,79.42279354475667,20.195689101872464,1,4187.0,0.0,2569.0,Tropical & Subtropical Dry Broadleaf Forests,Central Deccan Plateau dry deciduous forests
2014,79.57232589931269,20.467550246425855,1,4187.0,0.0,2569.0,Tropical & Subtropical Dry Broadleaf Forests,Central Deccan Plateau dry deciduous forests
2014,93.32755062477416,27.329385512248987,1,61166.0,15.0,53875.0,Temperate Broadleaf & Mixed Forests,Eastern Himalayan broadleaf forests
2014,93.8496318166519,28.22159324340879,1,61166.0,15.0,53875.0,Temperate Broadleaf & Mixed Forests,Eastern Himalayan broadleaf forests
2014,94.35586705323823,29.12296736297512,1,61166.0,15.0,53875.0,Temperate Broadleaf & Mixed Forests,Eastern Himalayan broadleaf forests
2014,91.9926943919149,27.755288210535195,1,61166.0,15.0,53875.0,Temperate Broadleaf & Mixed Forests,Eastern Himalayan broadleaf forests
2014,94.21048257623633,27.65151380476777,1,61166.0,15.0,53875.0,Temperate Broadleaf & Mixed Forests,Eastern Himalayan broadleaf forests
2014,94.35501308569309,28.92611961475881,1,61166.0,15.0,53875.0,Temperate Broadleaf & Mixed Forests,Eastern Himalayan broadleaf forests
2014,94.62788863598726,28.439089891575755,1,61166.0,15.0,53875.0,Temperate Broadleaf & Mixed Forests,Eastern Himalayan broadleaf forests
2014,94.24610699334113,28.63391151155823,1,61166.0,15.0,53875.0,Temperate Broadleaf & Mixed Forests,Eastern Himalayan broadleaf forests
2014,92.24034051387736,27.333163299307667,1,61166.0,15.0,53875.0,Temperate Broadleaf & Mixed Forests,Eastern Himalayan broadleaf forests
2014,92.25913418701616,27.39666583062067,1,61166.0,15.0,53875.0,Temperate Broadleaf & Mixed Forests,Eastern Himalayan broadleaf forests
2014,93.22857047141923,27.872361943178348,1,61166.0,15.0,53875.0,Temperate Broadleaf & Mixed Forests,Eastern Himalayan broadleaf forests
2014,95.37198770428549,28.86920229928169,1,61166.0,15.0,53875.0,Temperate Broadleaf & Mixed Forests,Eastern Himalayan broadleaf forests
2014,95.58579049639414,28.772695084922233,1,61166.0,15.0,53875.0,Temperate Broadleaf & Mixed Forests,Eastern Himalayan broadleaf forests
2014,94.07889046544001,28.791047261888846,1,61166.0,15.0,53875.0,Temperate Broadleaf & Mixed Forests,Eastern Himalayan broadleaf forests
2014,93.9801421862017,28.40612634802924,1,61166.0,15.0,53875.0,Temperate Broadleaf & Mixed Forests,Eastern Himalayan broadleaf forests
2014,94.76035267646213,29.11158297531803,1,61166.0,15.0,53875.0,Temperate Broadleaf & Mixed Forests,Eastern Himalayan broadleaf forests
2014,97.03256265390768,28.03883890208128,1,61166.0,15.0,53875.0,Temperate Broadleaf & Mixed Forests,Eastern Himalayan broadleaf forests
2014,96.78205917796781,28.180301903653056,1,61166.0,15.0,53875.0,Temperate Broadleaf & Mixed Forests,Eastern Himalayan broadleaf forests
2014,94.31176183751269,28.743489861067573,1,61166.0,15.0,53875.0,Temperate Broadleaf & Mixed Forests,Eastern Himalayan broadleaf forests
2014,95.14603234854457,28.393981893335283,1,61166.0,15.0,53875.0,Temperate Broadleaf & Mixed Forests,Eastern Himalayan broadleaf forests
2014,97.22052759664206,28.2057626302138,1,61166.0,15.0,53875.0,Temperate Broadleaf & Mixed Forests,Eastern Himalayan broadleaf forests
2014,93.1766589519707,28.14301380988584,1,61166.0,15.0,53875.0,Temperate Broadleaf & Mixed Forests,Eastern Himalayan broadleaf forests
2014,96.42392955584266,28.172240277524278,1,61166.0,15.0,53875.0,Temperate Broadleaf & Mixed Forests,Eastern Himalayan broadleaf forests
2014,93.41816414429864,27.939315793390765,1,61166.0,15.0,53875.0,Temperate Broadleaf & Mixed Forests,Eastern Himalayan broadleaf forests
2014,95.60357049317147,29.0849426956978,1,61166.0,15.0,53875.0,Temperate Broadleaf & Mixed Forests,Eastern Himalayan broadleaf forests
2014,92.15405198402631,27.54232840122843,1,61166.0,15.0,53875.0,Temperate Broadleaf & Mixed Forests,Eastern Himalayan broadleaf forests
2014,92.87392589903163,26.8697562813853,1,17815.0,322.0,12082.0,Tropical & Subtropical Moist Broadleaf Forests,Meghalaya subtropical forests
2014,92.21261778706122,25.8630263434067,1,17815.0,322.0,12082.0,Tropical & Subtropical Moist Broadleaf Forests,Meghalaya subtropical forests
2014,94.29825845179973,26.539359096367548,1,17815.0,322.0,12082.0,Tropical & Subtropical Moist Broadleaf Forests,Meghalaya subtropical forests
2014,91.92364232080638,26.016050792966283,1,17815.0,322.0,12082.0,Tropical & Subtropical Moist Broadleaf Forests,Meghalaya subtropical forests
2014,92.62540887985827,25.89546091024813,1,17815.0,322.0,12082.0,Tropical & Subtropical Moist Broadleaf Forests,Meghalaya subtropical forests
2014,93.48569845475446,25.99250784950335,1,17815.0,322.0,12082.0,Tropical & Subtropical Moist Broadleaf Forests,Meghalaya subtropical forests
2014,93.13721176149758,26.331660991202273,1,17815.0,322.0,12082.0,Tropical & Subtropical Moist Broadleaf Forests,Meghalaya subtropical forests
2014,95.32264650494965,27.079918236011302,1,13175.0,77.0,10784.0,Temperate Broadleaf & Mixed Forests,Eastern Himalayan broadleaf forests
2014,95.4426025052673,27.08057145496493,1,13175.0,77.0,10784.0,Temperate Broadleaf & Mixed Forests,Eastern Himalayan broadleaf forests
2014,96.63603558781938,27.577946011431287,1,13175.0,77.0,10784.0,Temperate Broadleaf & Mixed Forests,Eastern Himalayan broadleaf forests
2014,96.58818302302237,27.87445999596971,1,13175.0,77.0,10784.0,Temperate Broadleaf & Mixed Forests,Eastern Himalayan broadleaf forests
2014,95.58167414491727,28.00788632584041,1,13175.0,77.0,10784.0,Temperate Broadleaf & Mixed Forests,Eastern Himalayan broadleaf forests
2014,96.13370683742379,27.44074747134878,1,13175.0,77.0,10784.0,Temperate Broadleaf & Mixed Forests,Eastern Himalayan broadleaf forests
2014,93.92411605666281,25.575715979778956,1,15604.0,0.0,11728.0,Tropical & Subtropical Moist Broadleaf Forests,Mizoram-Manipur-Kachin rain forests
2014,95.00022119979052,25.894974330294804,1,15604.0,0.0,11728.0,Tropical & Subtropical Moist Broadleaf Forests,Mizoram-Manipur-Kachin rain forests
2014,94.84574741526264,25.567779389662192,1,15604.0,0.0,11728.0,Tropical & Subtropical Moist Broadleaf Forests,Mizoram-Manipur-Kachin rain forests
2014,94.2202310956545,25.786653145244834,1,15604.0,0.0,11728.0,Tropical & Subtropical Moist Broadleaf Forests,Mizoram-Manipur-Kachin rain forests
2014,94.7500383163203,26.444782303689315,1,15604.0,0.0,11728.0,Tropical & Subtropical Moist Broadleaf Forests,Mizoram-Manipur-Kachin rain forests
2014,94.84364295957941,26.002768703139303,1,15604.0,0.0,11728.0,Tropical & Subtropical Moist Broadleaf Forests,Mizoram-Manipur-Kachin rain forests
2014,93.92455456547592,25.844971696831443,1,15604.0,0.0,11728.0,Tropical & Subtropical Moist Broadleaf Forests,Mizoram-Manipur-Kachin rain forests
2014,93.19960095289493,24.8443885437592,1,44.0,0.0,41.0,Tropical & Subtropical Moist Broadleaf Forests,Mizoram-Manipur-Kachin rain forests
2014,92.42233658696479,25.714026545539337,1,170.0,0.0,148.0,Tropical & Subtropical Moist Broadleaf Forests,Meghalaya subtropical forests
2014,82.4236044095957,23.373455232949702,1,14755.0,0.0,9916.0,Tropical & Subtropical Dry Broadleaf Forests,Chhota-Nagpur dry deciduous forests
2014,83.5482970435137,23.441771671541755,1,14755.0,0.0,9916.0,Tropical & Subtropical Dry Broadleaf Forests,Chhota-Nagpur dry deciduous forests
2014,83.81492610973672,22.74950441519136,1,14755.0,0.0,9916.0,Tropical & Subtropical Dry Broadleaf Forests,Chhota-Nagpur dry deciduous forests
2014,83.46158219185854,23.010975174332483,1,14755.0,0.0,9916.0,Tropical & Subtropical Dry Broadleaf Forests,Chhota-Nagpur dry deciduous forests
2014,82.04413360405604,23.54386973313798,1,14755.0,0.0,9916.0,Tropical & Subtropical Dry Broadleaf Forests,Chhota-Nagpur dry deciduous forests
2014,81.974781275466,23.49772384294094,1,14755.0,0.0,9916.0,Tropical & Subtropical Dry Broadleaf Forests,Chhota-Nagpur dry deciduous forests
2014,83.18696389711546,23.93042388581207,1,56.0,0.0,35.0,Tropical & Subtropical Dry Broadleaf Forests,Chhota-Nagpur dry deciduous forests
2014,84.01409784702152,19.17480789208016,1,41191.0,0.0,25459.0,Tropical & Subtropical Moist Broadleaf Forests,East Deccan moist deciduous forests
2014,84.8906278658055,21.582404982950425,1,41191.0,0.0,25459.0,Tropical & Subtropical Moist Broadleaf Forests,East Deccan moist deciduous forests
2014,83.29552294587658,19.853377544561937,1,41191.0,0.0,25459.0,Tropical & Subtropical Moist Broadleaf Forests,East Deccan moist deciduous forests
2014,83.74119724622442,19.637672253651036,1,41191.0,0.0,25459.0,Tropical & Subtropical Moist Broadleaf Forests,East Deccan moist deciduous forests
2014,84.28907161199105,20.172659065156957,1,41191.0,0.0,25459.0,Tropical & Subtropical Moist Broadleaf Forests,East Deccan moist deciduous forests
2014,84.29125541785778,19.126824310332175,1,41191.0,0.0,25459.0,Tropical & Subtropical Moist Broadleaf Forests,East Deccan moist deciduous forests
2014,85.26444959231426,21.41770833221142,1,41191.0,0.0,25459.0,Tropical & Subtropical Moist Broadleaf Forests,East Deccan moist deciduous forests
2014,84.36626959580337,19.479710641894087,1,41191.0,0.0,25459.0,Tropical & Subtropical Moist Broadleaf Forests,East Deccan moist deciduous forests
2014,84.49439935261303,21.17725925894947,1,41191.0,0.0,25459.0,Tropical & Subtropical Moist Broadleaf Forests,East Deccan moist deciduous forests
2014,84.04906447017302,19.795807797684706,1,41191.0,0.0,25459.0,Tropical & Subtropical Moist Broadleaf Forests,East Deccan moist deciduous forests
2014,84.30451221094194,20.69178570943985,1,41191.0,0.0,25459.0,Tropical & Subtropical Moist Broadleaf Forests,East Deccan moist deciduous forests
2014,83.9141240870711,21.163850173378293,1,41191.0,0.0,25459.0,Tropical & Subtropical Moist Broadleaf Forests,East Deccan moist deciduous forests
2014,85.63822261949304,21.175797157129438,1,41191.0,0.0,25459.0,Tropical & Subtropical Moist Broadleaf Forests,East Deccan moist deciduous forests
2014,85.37191582089184,20.972050531925788,1,41191.0,0.0,25459.0,Tropical & Subtropical Moist Broadleaf Forests,East Deccan moist deciduous forests
2014,84.81619911796159,20.237154511992568,1,41191.0,0.0,25459.0,Tropical & Subtropical Moist Broadleaf Forests,East Deccan moist deciduous forests
2014,83.74962122839949,19.217176093182324,1,41191.0,0.0,25459.0,Tropical & Subtropical Moist Broadleaf Forests,East Deccan moist deciduous forests
2014,84.308409742119,21.09857010848596,1,41191.0,0.0,25459.0,Tropical & Subtropical Moist Broadleaf Forests,East Deccan moist deciduous forests
2014,81.82133704774347,23.93869985581268,1,6909.0,0.0,4021.0,Tropical & Subtropical Dry Broadleaf Forests,Narmada Valley dry deciduous forests
2014,80.9122610461745,23.765112249938987,1,6909.0,0.0,4021.0,Tropical & Subtropical Dry Broadleaf Forests,Narmada Valley dry deciduous forests
2014,82.31166086989052,23.916930464469928,1,6909.0,0.0,4021.0,Tropical & Subtropical Dry Broadleaf Forests,Narmada Valley dry deciduous forests
2014,85.04533376326802,24.13635135857809,1,24468.0,0.0,14719.0,Tropical & Subtropical Dry Broadleaf Forests,Chhota-Nagpur dry deciduous forests
2014,84.61521438747266,22.6549738135837,1,24468.0,0.0,14719.0,Tropical & Subtropical Dry Broadleaf Forests,Chhota-Nagpur dry deciduous forests
2014,85.25242724760639,24.44104145205953,1,24468.0,0.0,14719.0,Tropical & Subtropical Dry Broadleaf Forests,Chhota-Nagpur dry deciduous forests
2014,84.7300891967207,23.8173949340616,1,24468.0,0.0,14719.0,Tropical & Subtropical Dry Broadleaf Forests,Chhota-Nagpur dry deciduous forests
2014,85.1956115798921,22.83987161356577,1,24468.0,0.0,14719.0,Tropical & Subtropical Dry Broadleaf Forests,Chhota-Nagpur dry deciduous forests
2014,84.5902502890045,23.585731970748718,1,24468.0,0.0,14719.0,Tropical & Subtropical Dry Broadleaf Forests,Chhota-Nagpur dry deciduous forests
2014,83.95598899099501,23.755605284633255,1,24468.0,0.0,14719.0,Tropical & Subtropical Dry Broadleaf Forests,Chhota-Nagpur dry deciduous forests
2014,84.48594249568566,23.89493506559225,1,24468.0,0.0,14719.0,Tropical & Subtropical Dry Broadleaf Forests,Chhota-Nagpur dry deciduous forests
2014,85.21665814277623,22.21270650379882,1,24468.0,0.0,14719.0,Tropical & Subtropical Dry Broadleaf Forests,Chhota-Nagpur dry deciduous forests
2014,85.53995455816256,23.188192190915156,1,24468.0,0.0,14719.0,Tropical & Subtropical Dry Broadleaf Forests,Chhota-Nagpur dry deciduous forests
2014,76.887007806404,21.696415609547813,1,10550.0,0.0,6370.0,Tropical & Subtropical Moist Broadleaf Forests,East Deccan moist deciduous forests
2014,77.12434826908748,21.808279632440218,1,10550.0,0.0,6370.0,Tropical & Subtropical Moist Broadleaf Forests,East Deccan moist deciduous forests
2014,78.97870877938739,22.747045092222407,1,10550.0,0.0,6370.0,Tropical & Subtropical Moist Broadleaf Forests,East Deccan moist deciduous forests
2014,78.5236955862152,22.457608356792377,1,10550.0,0.0,6370.0,Tropical & Subtropical Moist Broadleaf Forests,East Deccan moist deciduous forests
2014,77.29009317945953,21.587466123772153,1,4084.0,0.0,2694.0,Tropical & Subtropical Dry Broadleaf Forests,Narmada Valley dry deciduous forests
2014,76.21507027400499,21.081444208318963,1,4084.0,0.0,2694.0,Tropical & Subtropical Dry Broadleaf Forests,Narmada Valley dry deciduous forests
2014,91.04178786597552,26.787195525258497,1,2423.0,540.0,1713.0,Tropical & Subtropical Moist Broadleaf Forests,Brahmaputra Valley semi-evergreen forests
2014,89.47498507974129,26.567836124243104,1,1138.0,0.0,667.0,Tropical & Subtropical Moist Broadleaf Forests,Lower Gangetic Plains moist deciduous forests
2014,81.43118985326839,20.22590857076638,1,45782.0,0.0,31429.0,Tropical & Subtropical Moist Broadleaf Forests,East Deccan moist deciduous forests
2014,82.3704062206875,20.26096742322183,1,45782.0,0.0,31429.0,Tropical & Subtropical Moist Broadleaf Forests,East Deccan moist deciduous forests
2014,82.87812015134452,22.46807349560309,1,45782.0,0.0,31429.0,Tropical & Subtropical Moist Broadleaf Forests,East Deccan moist deciduous forests
2014,81.18108346578899,22.20214266245336,1,45782.0,0.0,31429.0,Tropical & Subtropical Moist Broadleaf Forests,East Deccan moist deciduous forests
2014,80.89186241348321,18.650957551695182,1,45782.0,0.0,31429.0,Tropical & Subtropical Moist Broadleaf Forests,East Deccan moist deciduous forests
2014,81.00103192774587,18.27420431020222,1,45782.0,0.0,31429.0,Tropical & Subtropical Moist Broadleaf Forests,East Deccan moist deciduous forests
2014,81.13213045515072,22.256806128978216,1,45782.0,0.0,31429.0,Tropical & Subtropical Moist Broadleaf Forests,East Deccan moist deciduous forests
2014,81.27209091628873,22.259631451902813,1,45782.0,0.0,31429.0,Tropical & Subtropical Moist Broadleaf Forests,East Deccan moist deciduous forests
2014,81.95429501666467,20.573648240961557,1,45782.0,0.0,31429.0,Tropical & Subtropical Moist Broadleaf Forests,East Deccan moist deciduous forests
2014,81.1281497117389,19.759591168119567,1,45782.0,0.0,31429.0,Tropical & Subtropical Moist Broadleaf Forests,East Deccan moist deciduous forests
2014,80.92171293978268,18.172230892493566,1,45782.0,0.0,31429.0,Tropical & Subtropical Moist Broadleaf Forests,East Deccan moist deciduous forests
2014,81.10094954443176,18.05663129633233,1,45782.0,0.0,31429.0,Tropical & Subtropical Moist Broadleaf Forests,East Deccan moist deciduous forests
2014,81.29521887564795,19.670574181281097,1,45782.0,0.0,31429.0,Tropical & Subtropical Moist Broadleaf Forests,East Deccan moist deciduous forests
2014,80.51637695316586,18.92634635978562,1,45782.0,0.0,31429.0,Tropical & Subtropical Moist Broadleaf Forests,East Deccan moist deciduous forests
2014,81.05489578286583,17.97854388751899,1,45782.0,0.0,31429.0,Tropical & Subtropical Moist Broadleaf Forests,East Deccan moist deciduous forests
2014,81.19649559679256,20.473870673063367,1,45782.0,0.0,31429.0,Tropical & Subtropical Moist Broadleaf Forests,East Deccan moist deciduous forests
2014,81.25841075917133,17.893285140632816,1,45782.0,0.0,31429.0,Tropical & Subtropical Moist Broadleaf Forests,East Deccan moist deciduous forests
2014,80.93191752602661,20.794043732164504,1,45782.0,0.0,31429.0,Tropical & Subtropical Moist Broadleaf Forests,East Deccan moist deciduous forests
2014,80.7123996495723,19.766532645514275,1,45782.0,0.0,31429.0,Tropical & Subtropical Moist Broadleaf Forests,East Deccan moist deciduous forests
2014,79.7213120960249,18.617483840725015,1,11665.0,0.0,7261.0,Tropical & Subtropical Moist Broadleaf Forests,East Deccan moist deciduous forests
2014,80.38319036824589,17.588901152641682,1,11665.0,0.0,7261.0,Tropical & Subtropical Moist Broadleaf Forests,East Deccan moist deciduous forests
2014,80.332624935562,17.710099328742174,1,11665.0,0.0,7261.0,Tropical & Subtropical Moist Broadleaf Forests,East Deccan moist deciduous forests
2014,80.99261337179087,17.75688873172293,1,11665.0,0.0,7261.0,Tropical & Subtropical Moist Broadleaf Forests,East Deccan moist deciduous forests
2014,80.04052108582846,18.19240209212356,1,11665.0,0.0,7261.0,Tropical & Subtropical Moist Broadleaf Forests,East Deccan moist deciduous forests
2014,82.40641860090486,20.329519130562012,1,125.0,0.0,98.0,Tropical & Subtropical Dry Broadleaf Forests,North Deccan dry deciduous forests
2014,80.65939018514975,22.166176066559856,1,12554.0,0.0,8218.0,Tropical & Subtropical Moist Broadleaf Forests,East Deccan moist deciduous forests
2014,80.41018132021308,22.11402420614433,1,12554.0,0.0,8218.0,Tropical & Subtropical Moist Broadleaf Forests,East Deccan moist deciduous forests
2014,80.65747774548191,22.275729714565575,1,12554.0,0.0,8218.0,Tropical & Subtropical Moist Broadleaf Forests,East Deccan moist deciduous forests
2014,80.54338366539369,21.707053137831885,1,12554.0,0.0,8218.0,Tropical & Subtropical Moist Broadleaf Forests,East Deccan moist deciduous forests
2014,81.4741519299363,22.502773193441918,1,12554.0,0.0,8218.0,Tropical & Subtropical Moist Broadleaf Forests,East Deccan moist deciduous forests
2014,80.1055776362902,19.560713620663957,1,16448.0,0.0,11725.0,Tropical & Subtropical Dry Broadleaf Forests,Central Deccan Plateau dry deciduous forests
2014,79.92314471429233,19.13382287215957,1,16448.0,0.0,11725.0,Tropical & Subtropical Dry Broadleaf Forests,Central Deccan Plateau dry deciduous forests
2014,80.38229255613751,20.866899675971823,1,16448.0,0.0,11725.0,Tropical & Subtropical Dry Broadleaf Forests,Central Deccan Plateau dry deciduous forests
2014,80.4267201854926,20.773208687652552,1,16448.0,0.0,11725.0,Tropical & Subtropical Dry Broadleaf Forests,Central Deccan Plateau dry deciduous forests
2014,80.15592483953169,20.47650015416231,1,16448.0,0.0,11725.0,Tropical & Subtropical Dry Broadleaf Forests,Central Deccan Plateau dry deciduous forests
2014,80.18455131525755,20.459950731552883,1,16448.0,0.0,11725.0,Tropical & Subtropical Dry Broadleaf Forests,Central Deccan Plateau dry deciduous forests
2014,80.31715950974368,19.58812483372936,1,16448.0,0.0,11725.0,Tropical & Subtropical Dry Broadleaf Forests,Central Deccan Plateau dry deciduous forests
2014,92.97595400954816,24.444327120730016,1,778.0,0.0,591.0,Tropical & Subtropical Moist Broadleaf Forests,Mizoram-Manipur-Kachin rain forests
2014,92.06447346910076,23.56869233400619,1,42.0,0.0,9.0,Tropical & Subtropical Moist Broadleaf Forests,Mizoram-Manipur-Kachin rain forests
2014,92.43071310824281,23.52306442169357,1,20308.0,0.0,15690.0,Tropical & Subtropical Moist Broadleaf Forests,Mizoram-Manipur-Kachin rain forests
2014,93.39094742588058,23.89187076254055,1,20308.0,0.0,15690.0,Tropical & Subtropical Moist Broadleaf Forests,Mizoram-Manipur-Kachin rain forests
2014,92.66409303976704,22.920429522994393,1,20308.0,0.0,15690.0,Tropical & Subtropical Moist Broadleaf Forests,Mizoram-Manipur-Kachin rain forests
2014,92.85379497479316,22.560127497525187,1,20308.0,0.0,15690.0,Tropical & Subtropical Moist Broadleaf Forests,Mizoram-Manipur-Kachin rain forests
2014,92.86932089855162,23.0853087784618,1,20308.0,0.0,15690.0,Tropical & Subtropical Moist Broadleaf Forests,Mizoram-Manipur-Kachin rain forests
2014,92.54881136400277,22.459654942790728,1,20308.0,0.0,15690.0,Tropical & Subtropical Moist Broadleaf Forests,Mizoram-Manipur-Kachin rain forests
2014,93.39225005286255,23.42095152282783,1,20308.0,0.0,15690.0,Tropical & Subtropical Moist Broadleaf Forests,Mizoram-Manipur-Kachin rain forests
2014,92.49466939786718,24.091337713558335,1,20308.0,0.0,15690.0,Tropical & Subtropical Moist Broadleaf Forests,Mizoram-Manipur-Kachin rain forests
2014,93.10580323333969,24.747093938851158,1,32.0,0.0,21.0,Tropical & Subtropical Moist Broadleaf Forests,Mizoram-Manipur-Kachin rain forests
2015,80.61538392022999,23.515184711410917,1,1407.0,0.0,739.0,Tropical & Subtropical Dry Broadleaf Forests,Narmada Valley dry deciduous forests
2015,79.10436531128482,15.99318969850181,1,16353.0,0.0,11052.0,Tropical & Subtropical Dry Broadleaf Forests,Central Deccan Plateau dry deciduous forests
2015,79.01961833894592,16.221784011794277,1,16353.0,0.0,11052.0,Tropical & Subtropical Dry Broadleaf Forests,Central Deccan Plateau dry deciduous forests
2015,79.44995076756959,14.038313751973114,1,16353.0,0.0,11052.0,Tropical & Subtropical Dry Broadleaf Forests,Central Deccan Plateau dry deciduous forests
2015,78.70279186812029,14.340615909385296,1,16353.0,0.0,11052.0,Tropical & Subtropical Dry Broadleaf Forests,Central Deccan Plateau dry deciduous forests
2015,79.26719146279456,13.427803364308346,1,16353.0,0.0,11052.0,Tropical & Subtropical Dry Broadleaf Forests,Central Deccan Plateau dry deciduous forests
2015,79.13311071152083,14.720197881657208,1,16353.0,0.0,11052.0,Tropical & Subtropical Dry Broadleaf Forests,Central Deccan Plateau dry deciduous forests
2015,79.40034081443227,13.776496614777214,1,16353.0,0.0,11052.0,Tropical & Subtropical Dry Broadleaf Forests,Central Deccan Plateau dry deciduous forests
2015,78.84335708251315,16.18261474358471,1,1730.0,0.0,1310.0,Tropical & Subtropical Dry Broadleaf Forests,Central Deccan Plateau dry deciduous forests
2015,81.09781671451827,23.79569593271605,1,3544.0,0.0,1933.0,Tropical & Subtropical Dry Broadleaf Forests,Narmada Valley dry deciduous forests
2015,81.03211147050776,23.630582783179243,1,3544.0,0.0,1933.0,Tropical & Subtropical Dry Broadleaf Forests,Narmada Valley dry deciduous forests
2015,88.9121577548817,21.892716516443087,1,1451.0,716.0,1334.0,Mangroves,Sundarbans mangroves
2015,82.55366601422807,17.742498442755,1,8748.0,0.0,5585.0,Tropical & Subtropical Moist Broadleaf Forests,East Deccan moist deciduous forests
2015,81.37791237462152,17.35632932148583,1,8748.0,0.0,5585.0,Tropical & Subtropical Moist Broadleaf Forests,East Deccan moist deciduous forests
2015,82.35599079654887,17.812985480202773,1,8748.0,0.0,5585.0,Tropical & Subtropical Moist Broadleaf Forests,East Deccan moist deciduous forests
2015,82.33742261122224,17.378635643553796,1,8748.0,0.0,5585.0,Tropical & Subtropical Moist Broadleaf Forests,East Deccan moist deciduous forests
2015,81.11718096524096,17.483050567568306,1,2854.0,0.0,1876.0,Tropical & Subtropical Moist Broadleaf Forests,East Deccan moist deciduous forests
2015,82.26333121180413,17.987734216656275,1,64.0,0.0,32.0,Tropical & Subtropical Moist Broadleaf Forests,East Deccan moist deciduous forests
2015,94.49939700514575,26.70003261911669,1,271.0,0.0,99.0,Tropical & Subtropical Moist Broadleaf Forests,Brahmaputra Valley semi-evergreen forests
2015,94.24200933107963,26.518624635076947,1,61.0,0.0,27.0,Tropical & Subtropical Moist Broadleaf Forests,Brahmaputra Valley semi-evergreen forests
2015,76.21821607839563,24.610362947802866,1,1200.0,0.0,484.0,Tropical & Subtropical Dry Broadleaf Forests,Khathiar-Gir dry deciduous forests
2015,79.66137584740197,19.696836255532315,1,4111.0,0.0,2475.0,Tropical & Subtropical Dry Broadleaf Forests,Central Deccan Plateau dry deciduous forests
2015,79.55119143292416,20.299288155887123,1,4111.0,0.0,2475.0,Tropical & Subtropical Dry Broadleaf Forests,Central Deccan Plateau dry deciduous forests
2015,76.11060670723462,27.410153309326905,1,2254.0,0.0,1109.0,Tropical & Subtropical Dry Broadleaf Forests,Khathiar-Gir dry deciduous forests
2015,80.98026513599076,25.072536551189938,1,849.0,0.0,470.0,Tropical & Subtropical Moist Broadleaf Forests,Upper Gangetic Plains moist deciduous forests
2015,80.38756560341068,24.95039739098101,1,7019.0,0.0,3728.0,Tropical & Subtropical Dry Broadleaf Forests,Narmada Valley dry deciduous forests
2015,80.74107118323846,25.0361911807953,1,7019.0,0.0,3728.0,Tropical & Subtropical Dry Broadleaf Forests,Narmada Valley dry deciduous forests
2015,79.50706331608585,24.561543674127936,1,7019.0,0.0,3728.0,Tropical & Subtropical Dry Broadleaf Forests,Narmada Valley dry deciduous forests
2015,93.48583954108466,26.499299813744877,1,16462.0,298.0,11256.0,Tropical & Subtropical Moist Broadleaf Forests,Meghalaya subtropical forests
2015,92.91310818758025,25.044900331911702,1,16462.0,298.0,11256.0,Tropical & Subtropical Moist Broadleaf Forests,Meghalaya subtropical forests
2015,93.67589431924708,26.02313340286766,1,16462.0,298.0,11256.0,Tropical & Subtropical Moist Broadleaf Forests,Meghalaya subtropical forests
2015,92.24883473270513,26.103927859099244,1,16462.0,298.0,11256.0,Tropical & Subtropical Moist Broadleaf Forests,Meghalaya subtropical forests
2015,92.88060788422172,25.437092442736763,1,16462.0,298.0,11256.0,Tropical & Subtropical Moist Broadleaf Forests,Meghalaya subtropical forests
2015,92.9570825542494,25.100491946528845,1,16462.0,298.0,11256.0,Tropical & Subtropical Moist Broadleaf Forests,Meghalaya subtropical forests
2015,93.68638816867946,26.516364998574446,1,16462.0,298.0,11256.0,Tropical & Subtropical Moist Broadleaf Forests,Meghalaya subtropical forests
2015,93.50796620225404,25.669657596918473,1,42.0,0.0,33.0,Tropical & Subtropical Moist Broadleaf Forests,Mizoram-Manipur-Kachin rain forests
2015,93.24460563311368,24.910677092870916,1,44.0,0.0,41.0,Tropical & Subtropical Moist Broadleaf Forests,Mizoram-Manipur-Kachin rain forests
2015,92.20058902243454,26.060144096856575,1,169.0,0.0,144.0,Tropical & Subtropical Moist Broadleaf Forests,Meghalaya subtropical forests
2015,78.8169637784722,20.917788830588744,1,635.0,0.0,264.0,Tropical & Subtropical Dry Broadleaf Forests,Central Deccan Plateau dry deciduous forests
2015,95.46466710916806,27.681245133433706,1,148.0,0.0,70.0,Tropical & Subtropical Moist Broadleaf Forests,Brahmaputra Valley semi-evergreen forests
2015,76.45792384424468,26.058951185759486,1,481.0,0.0,252.0,Tropical & Subtropical Dry Broadleaf Forests,Khathiar-Gir dry deciduous forests
2015,86.18315785501818,21.52541670968178,1,5238.0,0.0,3404.0,Tropical & Subtropical Moist Broadleaf Forests,East Deccan moist deciduous forests
2015,86.37344123588724,21.843753738767933,1,5238.0,0.0,3404.0,Tropical & Subtropical Moist Broadleaf Forests,East Deccan moist deciduous forests
2015,82.5502866500559,21.418296938822134,1,1371.0,0.0,761.0,Tropical & Subtropical Moist Broadleaf Forests,East Deccan moist deciduous forests
2015,79.35147554941318,19.210644832068752,1,6391.0,0.0,3859.0,Tropical & Subtropical Moist Broadleaf Forests,East Deccan moist deciduous forests
2015,78.8455141139324,19.135527073291154,1,6391.0,0.0,3859.0,Tropical & Subtropical Moist Broadleaf Forests,East Deccan moist deciduous forests
2015,78.62952253271568,19.26917609609247,1,6391.0,0.0,3859.0,Tropical & Subtropical Moist Broadleaf Forests,East Deccan moist deciduous forests
2015,79.175201520897,19.506204271034665,1,862.0,0.0,402.0,Tropical & Subtropical Moist Broadleaf Forests,East Deccan moist deciduous forests
2015,82.7462496109457,24.53332649218934,1,14.0,0.0,6.0,Tropical & Subtropical Dry Broadleaf Forests,Narmada Valley dry deciduous forests
2015,81.90690962012083,24.320791606911538,1,2492.0,0.0,1254.0,Tropical & Subtropical Dry Broadleaf Forests,Narmada Valley dry deciduous forests
2015,77.15979232195684,25.310843395189927,1,52.0,0.0,29.0,Tropical & Subtropical Dry Broadleaf Forests,Khathiar-Gir dry deciduous forests
2015,77.9912734423776,25.877934677638162,1,8467.0,0.0,4258.0,Tropical & Subtropical Dry Broadleaf Forests,Khathiar-Gir dry deciduous forests
2015,77.12240119521647,26.090413409763407,1,8467.0,0.0,4258.0,Tropical & Subtropical Dry Broadleaf Forests,Khathiar-Gir dry deciduous forests
2015,77.44811504324836,25.061882639147004,1,8467.0,0.0,4258.0,Tropical & Subtropical Dry Broadleaf Forests,Khathiar-Gir dry deciduous forests
2015,77.13972138431184,25.000316093058615,1,8467.0,0.0,4258.0,Tropical & Subtropical Dry Broadleaf Forests,Khathiar-Gir dry deciduous forests
2015,80.0077026465875,28.73525592778845,1,5.0,0.0,1.0,Tropical & Subtropical Moist Broadleaf Forests,Upper Gangetic Plains moist deciduous forests
2015,79.95896120041832,28.704011774390217,1,940.0,0.0,410.0,Tropical & Subtropical Moist Broadleaf Forests,Upper Gangetic Plains moist deciduous forests
2015,74.62844354317757,21.827600749560126,1,361.0,0.0,152.0,Deserts & Xeric Shrublands,Deccan thorn scrub forests
2015,74.51862866186994,21.87960388933763,1,4.0,0.0,3.0,Deserts & Xeric Shrublands,Deccan thorn scrub forests
2015,79.0724608042998,20.936119690825706,1,390.0,0.0,151.0,Tropical & Subtropical Dry Broadleaf Forests,Central Deccan Plateau dry deciduous forests
2015,76.55962813230003,22.76735067153693,1,4914.0,0.0,2284.0,Tropical & Subtropical Dry Broadleaf Forests,Narmada Valley dry deciduous forests
2015,76.70156130925328,22.447221754630586,1,4914.0,0.0,2284.0,Tropical & Subtropical Dry Broadleaf Forests,Narmada Valley dry deciduous forests
2015,85.97155128853005,22.242927052888025,1,17.0,0.0,8.0,Tropical & Subtropical Dry Broadleaf Forests,Chhota-Nagpur dry deciduous forests
2015,85.99174530783945,22.174262302029867,1,309.0,0.0,152.0,Tropical & Subtropical Dry Broadleaf Forests,Chhota-Nagpur dry deciduous forests
2015,75.517157360576,22.334202613392396,1,733.0,0.0,355.0,Tropical & Subtropical Dry Broadleaf Forests,Narmada Valley dry deciduous forests
2015,94.77487494109745,28.936426233277814,1,61152.0,15.0,53422.0,Temperate Broadleaf & Mixed Forests,Eastern Himalayan broadleaf forests
2015,93.91379906591047,28.023449254603896,1,61152.0,15.0,53422.0,Temperate Broadleaf & Mixed Forests,Eastern Himalayan broadleaf forests
2015,94.65812651768887,28.57241332678657,1,61152.0,15.0,53422.0,Temperate Broadleaf & Mixed Forests,Eastern Himalayan broadleaf forests
2015,93.29248126468784,28.1073615822148,1,61152.0,15.0,53422.0,Temperate Broadleaf & Mixed Forests,Eastern Himalayan broadleaf forests
2015,92.40578141747949,27.465384195861283,1,61152.0,15.0,53422.0,Temperate Broadleaf & Mixed Forests,Eastern Himalayan broadleaf forests
2015,93.13487130774088,27.979326559208126,1,61152.0,15.0,53422.0,Temperate Broadleaf & Mixed Forests,Eastern Himalayan broadleaf forests
2015,92.80582406672646,27.368556216932614,1,61152.0,15.0,53422.0,Temperate Broadleaf & Mixed Forests,Eastern Himalayan broadleaf forests
2015,95.6762311297734,29.267003921611124,1,61152.0,15.0,53422.0,Temperate Broadleaf & Mixed Forests,Eastern Himalayan broadleaf forests
2015,93.95641025300522,27.598455787051126,1,61152.0,15.0,53422.0,Temperate Broadleaf & Mixed Forests,Eastern Himalayan broadleaf forests
2015,92.39101463684713,27.609571972298532,1,61152.0,15.0,53422.0,Temperate Broadleaf & Mixed Forests,Eastern Himalayan broadleaf forests
2015,93.73860709783239,27.648255629046343,1,61152.0,15.0,53422.0,Temperate Broadleaf & Mixed Forests,Eastern Himalayan broadleaf forests
2015,93.26829102852871,27.66112867238043,1,61152.0,15.0,53422.0,Temperate Broadleaf & Mixed Forests,Eastern Himalayan broadleaf forests
2015,92.1633975492676,27.13096924380114,1,61152.0,15.0,53422.0,Temperate Broadleaf & Mixed Forests,Eastern Himalayan broadleaf forests
2015,92.99115193851992,27.250549820126082,1,61152.0,15.0,53422.0,Temperate Broadleaf & Mixed Forests,Eastern Himalayan broadleaf forests
2015,94.80617212406973,27.74488386011463,1,61152.0,15.0,53422.0,Temperate Broadleaf & Mixed Forests,Eastern Himalayan broadleaf forests
2015,92.43019752329108,27.583758832513098,1,61152.0,15.0,53422.0,Temperate Broadleaf & Mixed Forests,Eastern Himalayan broadleaf forests
2015,95.8191737198954,29.254689631761753,1,61152.0,15.0,53422.0,Temperate Broadleaf & Mixed Forests,Eastern Himalayan broadleaf forests
2015,95.77785796505981,28.26702278231505,1,61152.0,15.0,53422.0,Temperate Broadleaf & Mixed Forests,Eastern Himalayan broadleaf forests
2015,95.85889817067616,29.032204719709263,1,61152.0,15.0,53422.0,Temperate Broadleaf & Mixed Forests,Eastern Himalayan broadleaf forests
2015,93.12373826964601,27.702484373579924,1,61152.0,15.0,53422.0,Temperate Broadleaf & Mixed Forests,Eastern Himalayan broadleaf forests
2015,95.15543131127308,27.895225231396545,1,61152.0,15.0,53422.0,Temperate Broadleaf & Mixed Forests,Eastern Himalayan broadleaf forests
2015,93.66867496567883,26.990812778873714,1,61152.0,15.0,53422.0,Temperate Broadleaf & Mixed Forests,Eastern Himalayan broadleaf forests
2015,92.98870072416963,27.37758494772006,1,61152.0,15.0,53422.0,Temperate Broadleaf & Mixed Forests,Eastern Himalayan broadleaf forests
2015,94.93999111290113,27.962143332681187,1,61152.0,15.0,53422.0,Temperate Broadleaf & Mixed Forests,Eastern Himalayan broadleaf forests
2015,94.54026402087466,28.774376820015345,1,61152.0,15.0,53422.0,Temperate Broadleaf & Mixed Forests,Eastern Himalayan broadleaf forests
2015,94.49392501775749,28.856140137953307,1,61152.0,15.0,53422.0,Temperate Broadleaf & Mixed Forests,Eastern Himalayan broadleaf forests
2015,94.65517269784736,27.97145693147329,1,61152.0,15.0,53422.0,Temperate Broadleaf & Mixed Forests,Eastern Himalayan broadleaf forests
2015,93.17911957203337,27.484270744485396,1,61152.0,15.0,53422.0,Temperate Broadleaf & Mixed Forests,Eastern Himalayan broadleaf forests
2015,91.1334354396275,26.758817452365186,1,3573.0,707.0,2350.0,Tropical & Subtropical Moist Broadleaf Forests,Brahmaputra Valley semi-evergreen forests
2015,92.74917890403296,26.948359991353374,1,3573.0,707.0,2350.0,Tropical & Subtropical Moist Broadleaf Forests,Brahmaputra Valley semi-evergreen forests
2015,96.8850275570359,27.289057007872383,1,13043.0,77.0,10592.0,Temperate Broadleaf & Mixed Forests,Eastern Himalayan broadleaf forests
2015,96.80981112005807,27.373521233350687,1,13043.0,77.0,10592.0,Temperate Broadleaf & Mixed Forests,Eastern Himalayan broadleaf forests
2015,96.16386127942113,27.538836284400617,1,13043.0,77.0,10592.0,Temperate Broadleaf & Mixed Forests,Eastern Himalayan broadleaf forests
2015,96.24887428856567,27.397622606160468,1,13043.0,77.0,10592.0,Temperate Broadleaf & Mixed Forests,Eastern Himalayan broadleaf forests
2015,96.66959732499237,27.56038775162843,1,13043.0,77.0,10592.0,Temperate Broadleaf & Mixed Forests,Eastern Himalayan broadleaf forests
2015,96.6963150567875,27.79750563782771,1,13043.0,77.0,10592.0,Temperate Broadleaf & Mixed Forests,Eastern Himalayan broadleaf forests
2015,88.57791986522271,27.149361662352252,1,2105.0,0.0,1288.0,Temperate Broadleaf & Mixed Forests,Eastern Himalayan broadleaf forests
2015,88.90345480301981,27.276634651569093,1,18.0,1.0,15.0,Temperate Conifer Forests,Eastern Himalayan subalpine conifer forests
2015,95.21476206257165,26.936007532818873,1,29.0,0.0,22.0,Tropical & Subtropical Moist Broadleaf Forests,Brahmaputra Valley semi-evergreen forests
2015,82.38340318341389,23.80120550896827,1,14714.0,0.0,9802.0,Tropical & Subtropical Dry Broadleaf Forests,Chhota-Nagpur dry deciduous forests
2015,83.50942255278743,23.291581386939075,1,14714.0,0.0,9802.0,Tropical & Subtropical Dry Broadleaf Forests,Chhota-Nagpur dry deciduous forests
2015,81.98124780960666,23.49940108167157,1,14714.0,0.0,9802.0,Tropical & Subtropical Dry Broadleaf Forests,Chhota-Nagpur dry deciduous forests
2015,83.58881016917944,22.685943109733103,1,14714.0,0.0,9802.0,Tropical & Subtropical Dry Broadleaf Forests,Chhota-Nagpur dry deciduous forests
2015,83.44654245573638,23.024386363411402,1,14714.0,0.0,9802.0,Tropical & Subtropical Dry Broadleaf Forests,Chhota-Nagpur dry deciduous forests
2015,83.52716775111011,23.56696499584503,1,14714.0,0.0,9802.0,Tropical & Subtropical Dry Broadleaf Forests,Chhota-Nagpur dry deciduous forests
2015,82.80592490574416,23.974619137422224,1,54.0,0.0,34.0,Tropical & Subtropical Dry Broadleaf Forests,Chhota-Nagpur dry deciduous forests
2015,84.63348114033015,21.637316429955515,1,39320.0,0.0,24111.0,Tropical & Subtropical Moist Broadleaf Forests,East Deccan moist deciduous forests
2015,84.9054035949442,21.89563792703402,1,39320.0,0.0,24111.0,Tropical & Subtropical Moist Broadleaf Forests,East Deccan moist deciduous forests
2015,84.18250423422843,20.275425317446082,1,39320.0,0.0,24111.0,Tropical & Subtropical Moist Broadleaf Forests,East Deccan moist deciduous forests
2015,85.32784866103928,21.72876304867543,1,39320.0,0.0,24111.0,Tropical & Subtropical Moist Broadleaf Forests,East Deccan moist deciduous forests
2015,83.26072120243877,19.858815659309187,1,39320.0,0.0,24111.0,Tropical & Subtropical Moist Broadleaf Forests,East Deccan moist deciduous forests
2015,83.71351975323046,19.690688628790674,1,39320.0,0.0,24111.0,Tropical & Subtropical Moist Broadleaf Forests,East Deccan moist deciduous forests
2015,84.28451181891856,19.57062323467494,1,39320.0,0.0,24111.0,Tropical & Subtropical Moist Broadleaf Forests,East Deccan moist deciduous forests
2015,84.12419206362046,20.252548289797186,1,39320.0,0.0,24111.0,Tropical & Subtropical Moist Broadleaf Forests,East Deccan moist deciduous forests
2015,84.34396154087335,19.722700758643686,1,39320.0,0.0,24111.0,Tropical & Subtropical Moist Broadleaf Forests,East Deccan moist deciduous forests
2015,85.49561885988783,21.65002591347627,1,39320.0,0.0,24111.0,Tropical & Subtropical Moist Broadleaf Forests,East Deccan moist deciduous forests
2015,84.48323767947745,22.033351518076774,1,39320.0,0.0,24111.0,Tropical & Subtropical Moist Broadleaf Forests,East Deccan moist deciduous forests
2015,83.66391561398865,20.206248691475068,1,39320.0,0.0,24111.0,Tropical & Subtropical Moist Broadleaf Forests,East Deccan moist deciduous forests
2015,83.53354742818985,19.2213326492791,1,39320.0,0.0,24111.0,Tropical & Subtropical Moist Broadleaf Forests,East Deccan moist deciduous forests
2015,84.29403298402949,19.1186711975827,1,39320.0,0.0,24111.0,Tropical & Subtropical Moist Broadleaf Forests,East Deccan moist deciduous forests
2015,83.28631732647456,19.426447991317463,1,39320.0,0.0,24111.0,Tropical & Subtropical Moist Broadleaf Forests,East Deccan moist deciduous forests
2015,84.34851223270827,19.023422295079975,1,39320.0,0.0,24111.0,Tropical & Subtropical Moist Broadleaf Forests,East Deccan moist deciduous forests
2015,84.73722178736142,22.107280522859956,1,39320.0,0.0,24111.0,Tropical & Subtropical Moist Broadleaf Forests,East Deccan moist deciduous forests
2015,81.74669013602657,24.109096652095992,1,2600.0,0.0,1708.0,Tropical & Subtropical Dry Broadleaf Forests,Chhota-Nagpur dry deciduous forests
2015,84.28887265936731,23.80738387229003,1,23704.0,0.0,14120.0,Tropical & Subtropical Dry Broadleaf Forests,Chhota-Nagpur dry deciduous forests
2015,83.90129416442863,23.98929711253738,1,23704.0,0.0,14120.0,Tropical & Subtropical Dry Broadleaf Forests,Chhota-Nagpur dry deciduous forests
2015,83.51178976826618,24.04753362894389,1,23704.0,0.0,14120.0,Tropical & Subtropical Dry Broadleaf Forests,Chhota-Nagpur dry deciduous forests
2015,84.48392607074761,23.14711498147606,1,23704.0,0.0,14120.0,Tropical & Subtropical Dry Broadleaf Forests,Chhota-Nagpur dry deciduous forests
2015,84.69740296457829,23.96071777662811,1,23704.0,0.0,14120.0,Tropical & Subtropical Dry Broadleaf Forests,Chhota-Nagpur dry deciduous forests
2015,84.4058224222941,24.12350628281872,1,23704.0,0.0,14120.0,Tropical & Subtropical Dry Broadleaf Forests,Chhota-Nagpur dry deciduous forests
2015,83.82938846961189,23.85485699139755,1,23704.0,0.0,14120.0,Tropical & Subtropical Dry Broadleaf Forests,Chhota-Nagpur dry deciduous forests
2015,85.6546211291972,22.37611595032903,1,23704.0,0.0,14120.0,Tropical & Subtropical Dry Broadleaf Forests,Chhota-Nagpur dry deciduous forests
2015,85.68258693784871,24.089316232528287,1,23704.0,0.0,14120.0,Tropical & Subtropical Dry Broadleaf Forests,Chhota-Nagpur dry deciduous forests
2015,85.6086444517546,23.31733869936862,1,23704.0,0.0,14120.0,Tropical & Subtropical Dry Broadleaf Forests,Chhota-Nagpur dry deciduous forests
2015,84.11022534560577,27.510907245878663,1,915.0,14.0,675.0,Tropical & Subtropical Moist Broadleaf Forests,Himalayan subtropical broadleaf forests
2015,79.11588381698256,29.967377646932103,1,20360.0,0.0,12327.0,Tropical & Subtropical Coniferous Forests,Himalayan subtropical pine forests
2015,79.32235875715276,29.848641435566986,1,20360.0,0.0,12327.0,Tropical & Subtropical Coniferous Forests,Himalayan subtropical pine forests
2015,78.70562236538147,29.879974753833412,1,20360.0,0.0,12327.0,Tropical & Subtropical Coniferous Forests,Himalayan subtropical pine forests
2015,78.7397158573797,30.24847374703333,1,20360.0,0.0,12327.0,Tropical & Subtropical Coniferous Forests,Himalayan subtropical pine forests
2015,78.25565737277071,30.012560899071712,1,20360.0,0.0,12327.0,Tropical & Subtropical Coniferous Forests,Himalayan subtropical pine forests
2015,79.70792585513294,29.578064095438172,1,20360.0,0.0,12327.0,Tropical & Subtropical Coniferous Forests,Himalayan subtropical pine forests
2015,79.83576476034648,29.344790829427197,1,20360.0,0.0,12327.0,Tropical & Subtropical Coniferous Forests,Himalayan subtropical pine forests
2015,79.99439949450134,29.24964737088707,1,20360.0,0.0,12327.0,Tropical & Subtropical Coniferous Forests,Himalayan subtropical pine forests
2015,79.37595890659438,29.814899192302075,1,20360.0,0.0,12327.0,Tropical & Subtropical Coniferous Forests,Himalayan subtropical pine forests
2015,78.33057376752706,29.703727257508923,1,1607.0,0.0,896.0,Tropical & Subtropical Moist Broadleaf Forests,Himalayan subtropical broadleaf forests
2015,77.13075903317535,21.882019739994835,1,10465.0,0.0,6230.0,Tropical & Subtropical Moist Broadleaf Forests,East Deccan moist deciduous forests
2015,77.9430469591939,22.590960030674072,1,10465.0,0.0,6230.0,Tropical & Subtropical Moist Broadleaf Forests,East Deccan moist deciduous forests
2015,78.97598927842405,22.609348062107127,1,10465.0,0.0,6230.0,Tropical & Subtropical Moist Broadleaf Forests,East Deccan moist deciduous forests
2015,77.17658542127512,21.759239655425475,1,10465.0,0.0,6230.0,Tropical & Subtropical Moist Broadleaf Forests,East Deccan moist deciduous forests
2015,77.1819468586055,21.97520344871711,1,10465.0,0.0,6230.0,Tropical & Subtropical Moist Broadleaf Forests,East Deccan moist deciduous forests
2015,76.73425312077889,21.377633270143143,1,4043.0,0.0,2656.0,Tropical & Subtropical Dry Broadleaf Forests,Narmada Valley dry deciduous forests
2015,76.91757782118961,21.611770285132756,1,4043.0,0.0,2656.0,Tropical & Subtropical Dry Broadleaf Forests,Narmada Valley dry deciduous forests
2015,92.8583434470977,24.434997210132376,1,750.0,0.0,568.0,Tropical & Subtropical Moist Broadleaf Forests,Mizoram-Manipur-Kachin rain forests
2015,92.16187614347263,23.738416111625693,1,44.0,0.0,7.0,Tropical & Subtropical Moist Broadleaf Forests,Mizoram-Manipur-Kachin rain forests
2015,92.5080259353608,23.234482405074118,1,19881.0,0.0,14587.0,Tropical & Subtropical Moist Broadleaf Forests,Mizoram-Manipur-Kachin rain forests
2015,92.63408821731673,22.2287027670541,1,19881.0,0.0,14587.0,Tropical & Subtropical Moist Broadleaf Forests,Mizoram-Manipur-Kachin rain forests
2015,92.92547834390015,22.62890668071989,1,19881.0,0.0,14587.0,Tropical & Subtropical Moist Broadleaf Forests,Mizoram-Manipur-Kachin rain forests
2015,92.89675781268443,23.163127466994055,1,19881.0,0.0,14587.0,Tropical & Subtropical Moist Broadleaf Forests,Mizoram-Manipur-Kachin rain forests
2015,92.79015362425349,23.542388169248767,1,19881.0,0.0,14587.0,Tropical & Subtropical Moist Broadleaf Forests,Mizoram-Manipur-Kachin rain forests
2015,92.98014236141601,23.149611335022865,1,19881.0,0.0,14587.0,Tropical & Subtropical Moist Broadleaf Forests,Mizoram-Manipur-Kachin rain forests
2015,93.10603465713345,23.588913895584636,1,19881.0,0.0,14587.0,Tropical & Subtropical Moist Broadleaf Forests,Mizoram-Manipur-Kachin rain forests
2015,92.7113653151335,23.949395664946593,1,19881.0,0.0,14587.0,Tropical & Subtropical Moist Broadleaf Forests,Mizoram-Manipur-Kachin rain forests
2015,93.336104950608,23.1589877344082,1,19881.0,0.0,14587.0,Tropical & Subtropical Moist Broadleaf Forests,Mizoram-Manipur-Kachin rain forests
2015,93.01809980144867,24.40295550022658,1,31.0,0.0,15.0,Tropical & Subtropical Moist Broadleaf Forests,Mizoram-Manipur-Kachin rain forests
2015,74.18607806872078,15.27184328199036,1,1515.0,0.0,951.0,Tropical & Subtropical Moist Broadleaf Forests,North Western Ghats montane rain forests
2015,76.96909627007545,11.444757563495685,1,6829.0,103.0,4396.0,Tropical & Subtropical Moist Broadleaf Forests,South Western Ghats moist deciduous forests
2015,76.83887563230033,11.6489185082769,1,6829.0,103.0,4396.0,Tropical & Subtropical Moist Broadleaf Forests,South Western Ghats moist deciduous forests
2015,77.6287317871187,12.248998430505258,1,6829.0,103.0,4396.0,Tropical & Subtropical Moist Broadleaf Forests,South Western Ghats moist deciduous forests
2015,73.78933876021784,16.052873333579594,1,2844.0,294.0,1390.0,Tropical & Subtropical Moist Broadleaf Forests,North Western Ghats montane rain forests
2015,75.6398959010162,11.661078620910377,1,5322.0,552.0,3307.0,Tropical & Subtropical Moist Broadleaf Forests,South Western Ghats montane rain forests
2015,75.91918577410532,11.624962940784174,1,5322.0,552.0,3307.0,Tropical & Subtropical Moist Broadleaf Forests,South Western Ghats montane rain forests
2015,74.454401747996,15.349336833243115,1,24978.0,1651.0,16548.0,Tropical & Subtropical Moist Broadleaf Forests,North Western Ghats montane rain forests
2015,76.26173120548121,11.870511306617892,1,24978.0,1651.0,16548.0,Tropical & Subtropical Moist Broadleaf Forests,North Western Ghats montane rain forests
2015,74.36050036046672,15.03163668247572,1,24978.0,1651.0,16548.0,Tropical & Subtropical Moist Broadleaf Forests,North Western Ghats montane rain forests
2015,74.41934038051765,14.85307669139953,1,24978.0,1651.0,16548.0,Tropical & Subtropical Moist Broadleaf Forests,North Western Ghats montane rain forests
2015,77.3297520477747,12.171464914555717,1,24978.0,1651.0,16548.0,Tropical & Subtropical Moist Broadleaf Forests,North Western Ghats montane rain forests
2015,74.40639448139369,14.740418577788146,1,24978.0,1651.0,16548.0,Tropical & Subtropical Moist Broadleaf Forests,North Western Ghats montane rain forests
2015,75.37798811062838,12.485334163348659,1,24978.0,1651.0,16548.0,Tropical & Subtropical Moist Broadleaf Forests,North Western Ghats montane rain forests
2015,75.62616809398195,12.701922692928411,1,24978.0,1651.0,16548.0,Tropical & Subtropical Moist Broadleaf Forests,North Western Ghats montane rain forests
2015,74.80848592957139,15.17499075453716,1,24978.0,1651.0,16548.0,Tropical & Subtropical Moist Broadleaf Forests,North Western Ghats montane rain forests
2015,74.74659441879028,14.897621331937788,1,24978.0,1651.0,16548.0,Tropical & Subtropical Moist Broadleaf Forests,North Western Ghats montane rain forests
2015,77.36306583724767,8.37911235038369,1,6368.0,1749.0,3818.0,Tropical & Subtropical Moist Broadleaf Forests,South Western Ghats moist deciduous forests
2015,77.38633940727674,10.283117741421233,1,6368.0,1749.0,3818.0,Tropical & Subtropical Moist Broadleaf Forests,South Western Ghats moist deciduous forests
2015,77.00114328742083,10.400502003294402,1,6368.0,1749.0,3818.0,Tropical & Subtropical Moist Broadleaf Forests,South Western Ghats moist deciduous forests
2015,77.30687278926067,9.350027460313376,1,8719.0,2718.0,5893.0,Tropical & Subtropical Moist Broadleaf Forests,South Western Ghats montane rain forests
2015,77.05869155247831,9.361299079058691,1,8719.0,2718.0,5893.0,Tropical & Subtropical Moist Broadleaf Forests,South Western Ghats montane rain forests
2015,77.10581868097408,9.526923364202611,1,8719.0,2718.0,5893.0,Tropical & Subtropical Moist Broadleaf Forests,South Western Ghats montane rain forests
2015,77.17131945362762,9.282638695434969,1,8719.0,2718.0,5893.0,Tropical & Subtropical Moist Broadleaf Forests,South Western Ghats montane rain forests
2015,80.44428875515847,21.12713042443787,1,45056.0,0.0,30852.0,Tropical & Subtropical Moist Broadleaf Forests,East Deccan moist deciduous forests
2015,80.74856408140423,18.39007869243275,1,45056.0,0.0,30852.0,Tropical & Subtropical Moist Broadleaf Forests,East Deccan moist deciduous forests
2015,80.84109570200503,18.600743465122957,1,45056.0,0.0,30852.0,Tropical & Subtropical Moist Broadleaf Forests,East Deccan moist deciduous forests
2015,82.00371756637041,22.539824623309617,1,45056.0,0.0,30852.0,Tropical & Subtropical Moist Broadleaf Forests,East Deccan moist deciduous forests
2015,80.80248947311219,19.566927867474615,1,45056.0,0.0,30852.0,Tropical & Subtropical Moist Broadleaf Forests,East Deccan moist deciduous forests
2015,80.6202484591409,19.027057720718183,1,45056.0,0.0,30852.0,Tropical & Subtropical Moist Broadleaf Forests,East Deccan moist deciduous forests
2015,81.14399333461844,18.77711627025974,1,45056.0,0.0,30852.0,Tropical & Subtropical Moist Broadleaf Forests,East Deccan moist deciduous forests
2015,80.59585199143963,19.9329410153357,1,45056.0,0.0,30852.0,Tropical & Subtropical Moist Broadleaf Forests,East Deccan moist deciduous forests
2015,81.36476433970654,20.650022523364775,1,45056.0,0.0,30852.0,Tropical & Subtropical Moist Broadleaf Forests,East Deccan moist deciduous forests
2015,81.53524913703536,22.417549825443338,1,45056.0,0.0,30852.0,Tropical & Subtropical Moist Broadleaf Forests,East Deccan moist deciduous forests
2015,80.78983065065485,19.830558836069898,1,45056.0,0.0,30852.0,Tropical & Subtropical Moist Broadleaf Forests,East Deccan moist deciduous forests
2015,81.89228095708467,22.521729199673523,1,45056.0,0.0,30852.0,Tropical & Subtropical Moist Broadleaf Forests,East Deccan moist deciduous forests
2015,80.98868622117205,19.33988412587303,1,45056.0,0.0,30852.0,Tropical & Subtropical Moist Broadleaf Forests,East Deccan moist deciduous forests
2015,82.4467321971189,22.770071161538816,1,45056.0,0.0,30852.0,Tropical & Subtropical Moist Broadleaf Forests,East Deccan moist deciduous forests
2015,80.95889832910575,20.042841460587997,1,45056.0,0.0,30852.0,Tropical & Subtropical Moist Broadleaf Forests,East Deccan moist deciduous forests
2015,82.8031423846292,22.5145824629696,1,45056.0,0.0,30852.0,Tropical & Subtropical Moist Broadleaf Forests,East Deccan moist deciduous forests
2015,81.2657257420269,18.405841093197708,1,45056.0,0.0,30852.0,Tropical & Subtropical Moist Broadleaf Forests,East Deccan moist deciduous forests
2015,82.92059628481664,22.71090979669878,1,45056.0,0.0,30852.0,Tropical & Subtropical Moist Broadleaf Forests,East Deccan moist deciduous forests
2015,80.50431727729654,21.07500073868497,1,45056.0,0.0,30852.0,Tropical & Subtropical Moist Broadleaf Forests,East Deccan moist deciduous forests
2015,80.52153187468362,17.715355558828755,1,11571.0,0.0,7194.0,Tropical & Subtropical Moist Broadleaf Forests,East Deccan moist deciduous forests
2015,80.10763205411963,18.602560474671495,1,11571.0,0.0,7194.0,Tropical & Subtropical Moist Broadleaf Forests,East Deccan moist deciduous forests
2015,80.10771546717771,17.68737511320788,1,11571.0,0.0,7194.0,Tropical & Subtropical Moist Broadleaf Forests,East Deccan moist deciduous forests
2015,80.43028094649134,17.54494503858153,1,11571.0,0.0,7194.0,Tropical & Subtropical Moist Broadleaf Forests,East Deccan moist deciduous forests
2015,79.9785074745069,18.0463986757611,1,11571.0,0.0,7194.0,Tropical & Subtropical Moist Broadleaf Forests,East Deccan moist deciduous forests
2015,82.44192584589506,20.418844469109462,1,121.0,0.0,95.0,Tropical & Subtropical Dry Broadleaf Forests,North Deccan dry deciduous forests
2015,80.5094406877092,21.889662067278852,1,12421.0,0.0,8036.0,Tropical & Subtropical Moist Broadleaf Forests,East Deccan moist deciduous forests
2015,80.6206498803369,21.610757376189234,1,12421.0,0.0,8036.0,Tropical & Subtropical Moist Broadleaf Forests,East Deccan moist deciduous forests
2015,79.64491500933093,21.72661187817274,1,12421.0,0.0,8036.0,Tropical & Subtropical Moist Broadleaf Forests,East Deccan moist deciduous forests
2015,80.47234844927578,21.597731315526612,1,12421.0,0.0,8036.0,Tropical & Subtropical Moist Broadleaf Forests,East Deccan moist deciduous forests
2015,79.25207847919278,21.856482459748136,1,12421.0,0.0,8036.0,Tropical & Subtropical Moist Broadleaf Forests,East Deccan moist deciduous forests
2015,79.51994397119317,21.49160351332042,1,16348.0,0.0,11538.0,Tropical & Subtropical Dry Broadleaf Forests,Central Deccan Plateau dry deciduous forests
2015,80.47573401432663,19.367790379960258,1,16348.0,0.0,11538.0,Tropical & Subtropical Dry Broadleaf Forests,Central Deccan Plateau dry deciduous forests
2015,80.2511230540594,20.065866793764283,1,16348.0,0.0,11538.0,Tropical & Subtropical Dry Broadleaf Forests,Central Deccan Plateau dry deciduous forests
2015,79.08970338513922,21.461572286758805,1,16348.0,0.0,11538.0,Tropical & Subtropical Dry Broadleaf Forests,Central Deccan Plateau dry deciduous forests
2015,79.97093492825509,19.858926302352195,1,16348.0,0.0,11538.0,Tropical & Subtropical Dry Broadleaf Forests,Central Deccan Plateau dry deciduous forests
2015,79.51919603281127,21.43039721891943,1,16348.0,0.0,11538.0,Tropical & Subtropical Dry Broadleaf Forests,Central Deccan Plateau dry deciduous forests
2015,80.0432151700379,20.776588636574346,1,16348.0,0.0,11538.0,Tropical & Subtropical Dry Broadleaf Forests,Central Deccan Plateau dry deciduous forests
2016,92.15338969111443,23.738445629431606,1,40.0,0.0,4.0,Tropical & Subtropical Moist Broadleaf Forests,Mizoram-Manipur-Kachin rain forests
2016,92.39145095221434,22.994960191925784,1,86.0,0.0,28.0,Tropical & Subtropical Moist Broadleaf Forests,Mizoram-Manipur-Kachin rain forests
2016,93.41756849158239,25.27896780210973,1,16258.0,271.0,11189.0,Tropical & Subtropical Moist Broadleaf Forests,Meghalaya subtropical forests
2016,93.56260675599152,26.159113385549535,1,16258.0,271.0,11189.0,Tropical & Subtropical Moist Broadleaf Forests,Meghalaya subtropical forests
2016,93.14792144660403,25.532660986286803,1,16258.0,271.0,11189.0,Tropical & Subtropical Moist Broadleaf Forests,Meghalaya subtropical forests
2016,93.2476388669411,25.828042273567224,1,16258.0,271.0,11189.0,Tropical & Subtropical Moist Broadleaf Forests,Meghalaya subtropical forests
2016,93.07750136916923,26.25758271686092,1,16258.0,271.0,11189.0,Tropical & Subtropical Moist Broadleaf Forests,Meghalaya subtropical forests
2016,92.46868844911768,25.994922110943527,1,16258.0,271.0,11189.0,Tropical & Subtropical Moist Broadleaf Forests,Meghalaya subtropical forests
2016,92.99943625281503,25.46549743543908,1,16258.0,271.0,11189.0,Tropical & Subtropical Moist Broadleaf Forests,Meghalaya subtropical forests
2016,93.20296841566599,25.799047167182152,1,16258.0,271.0,11189.0,Tropical & Subtropical Moist Broadleaf Forests,Meghalaya subtropical forests
2016,93.08008880845388,25.232924849461924,1,16258.0,271.0,11189.0,Tropical & Subtropical Moist Broadleaf Forests,Meghalaya subtropical forests
2016,93.17531281333119,25.466974344056972,1,16258.0,271.0,11189.0,Tropical & Subtropical Moist Broadleaf Forests,Meghalaya subtropical forests
2016,93.27322713672089,26.081377790448215,1,16258.0,271.0,11189.0,Tropical & Subtropical Moist Broadleaf Forests,Meghalaya subtropical forests
2016,93.31440230452992,26.065474674330417,1,16258.0,271.0,11189.0,Tropical & Subtropical Moist Broadleaf Forests,Meghalaya subtropical forests
2016,92.82418879025835,25.367466288360117,1,16258.0,271.0,11189.0,Tropical & Subtropical Moist Broadleaf Forests,Meghalaya subtropical forests
2016,93.46427809496653,25.635721238643622,1,43.0,0.0,33.0,Tropical & Subtropical Moist Broadleaf Forests,Mizoram-Manipur-Kachin rain forests
2016,93.19917342868624,24.814689587760178,1,44.0,0.0,41.0,Tropical & Subtropical Moist Broadleaf Forests,Mizoram-Manipur-Kachin rain forests
2016,92.6196650367804,25.566263830448438,1,169.0,0.0,144.0,Tropical & Subtropical Moist Broadleaf Forests,Meghalaya subtropical forests
2016,95.96171045657537,28.880356913386382,1,61139.0,15.0,53242.0,Temperate Broadleaf & Mixed Forests,Eastern Himalayan broadleaf forests
2016,94.87897919458048,28.9552077025086,1,61139.0,15.0,53242.0,Temperate Broadleaf & Mixed Forests,Eastern Himalayan broadleaf forests
2016,92.70687445481579,27.534542018259263,1,61139.0,15.0,53242.0,Temperate Broadleaf & Mixed Forests,Eastern Himalayan broadleaf forests
2016,93.81976112927887,27.328512207500303,1,61139.0,15.0,53242.0,Temperate Broadleaf & Mixed Forests,Eastern Himalayan broadleaf forests
2016,94.95902038744246,28.15954656802806,1,61139.0,15.0,53242.0,Temperate Broadleaf & Mixed Forests,Eastern Himalayan broadleaf forests
2016,95.25848186828176,28.828318521541664,1,61139.0,15.0,53242.0,Temperate Broadleaf & Mixed Forests,Eastern Himalayan broadleaf forests
2016,94.05804553231428,27.401670663509996,1,61139.0,15.0,53242.0,Temperate Broadleaf & Mixed Forests,Eastern Himalayan broadleaf forests
2016,94.22688821900194,28.439791432165606,1,61139.0,15.0,53242.0,Temperate Broadleaf & Mixed Forests,Eastern Himalayan broadleaf forests
2016,93.6627779820586,27.23297003707123,1,61139.0,15.0,53242.0,Temperate Broadleaf & Mixed Forests,Eastern Himalayan broadleaf forests
2016,93.34984241603078,27.229505202443992,1,61139.0,15.0,53242.0,Temperate Broadleaf & Mixed Forests,Eastern Himalayan broadleaf forests
2016,95.43074989254883,28.260179230337766,1,61139.0,15.0,53242.0,Temperate Broadleaf & Mixed Forests,Eastern Himalayan broadleaf forests
2016,94.28110791860519,28.24765382247107,1,61139.0,15.0,53242.0,Temperate Broadleaf & Mixed Forests,Eastern Himalayan broadleaf forests
2016,96.92950048546972,28.12888171521087,1,61139.0,15.0,53242.0,Temperate Broadleaf & Mixed Forests,Eastern Himalayan broadleaf forests
2016,94.41622976685,27.799630819639564,1,61139.0,15.0,53242.0,Temperate Broadleaf & Mixed Forests,Eastern Himalayan broadleaf forests
2016,94.12748062867489,28.89188389049785,1,61139.0,15.0,53242.0,Temperate Broadleaf & Mixed Forests,Eastern Himalayan broadleaf forests
2016,96.38154196548545,28.641170168878194,1,61139.0,15.0,53242.0,Temperate Broadleaf & Mixed Forests,Eastern Himalayan broadleaf forests
2016,94.4394283592552,28.07924766871289,1,61139.0,15.0,53242.0,Temperate Broadleaf & Mixed Forests,Eastern Himalayan broadleaf forests
2016,95.28491141966892,28.76661899809134,1,61139.0,15.0,53242.0,Temperate Broadleaf & Mixed Forests,Eastern Himalayan broadleaf forests
2016,92.46691994080474,27.335384196228084,1,61139.0,15.0,53242.0,Temperate Broadleaf & Mixed Forests,Eastern Himalayan broadleaf forests
2016,93.46007226579657,27.419091335568908,1,61139.0,15.0,53242.0,Temperate Broadleaf & Mixed Forests,Eastern Himalayan broadleaf forests
2016,94.9226623687812,28.191203412263466,1,61139.0,15.0,53242.0,Temperate Broadleaf & Mixed Forests,Eastern Himalayan broadleaf forests
2016,95.01698816889869,28.213890420335492,1,61139.0,15.0,53242.0,Temperate Broadleaf & Mixed Forests,Eastern Himalayan broadleaf forests
2016,96.01195785112323,28.891331424143083,1,61139.0,15.0,53242.0,Temperate Broadleaf & Mixed Forests,Eastern Himalayan broadleaf forests
2016,94.60766710341376,28.414693644209986,1,61139.0,15.0,53242.0,Temperate Broadleaf & Mixed Forests,Eastern Himalayan broadleaf forests
2016,94.9711297759613,28.459124953802466,1,61139.0,15.0,53242.0,Temperate Broadleaf & Mixed Forests,Eastern Himalayan broadleaf forests
2016,94.72734457921037,27.74680799818044,1,61139.0,15.0,53242.0,Temperate Broadleaf & Mixed Forests,Eastern Himalayan broadleaf forests
2016,93.31014605733313,27.650160407097083,1,61139.0,15.0,53242.0,Temperate Broadleaf & Mixed Forests,Eastern Himalayan broadleaf forests
2016,94.31500450032212,28.340001343086826,1,61139.0,15.0,53242.0,Temperate Broadleaf & Mixed Forests,Eastern Himalayan broadleaf forests
2016,95.67350324000712,28.6969644022916,1,61139.0,15.0,53242.0,Temperate Broadleaf & Mixed Forests,Eastern Himalayan broadleaf forests
2016,94.56322007572115,28.733220993152408,1,61139.0,15.0,53242.0,Temperate Broadleaf & Mixed Forests,Eastern Himalayan broadleaf forests
2016,94.35720937635571,28.624938581040993,1,61139.0,15.0,53242.0,Temperate Broadleaf & Mixed Forests,Eastern Himalayan broadleaf forests
2016,93.44093081005836,28.140215269820835,1,61139.0,15.0,53242.0,Temperate Broadleaf & Mixed Forests,Eastern Himalayan broadleaf forests
2016,96.38341623200773,28.205582637712325,1,61139.0,15.0,53242.0,Temperate Broadleaf & Mixed Forests,Eastern Himalayan broadleaf forests
2016,95.16665753365919,28.036491223445008,1,61139.0,15.0,53242.0,Temperate Broadleaf & Mixed Forests,Eastern Himalayan broadleaf forests
2016,96.63624003452853,28.202538029547647,1,61139.0,15.0,53242.0,Temperate Broadleaf & Mixed Forests,Eastern Himalayan broadleaf forests
2016,94.12691819125584,27.526368307664107,1,61139.0,15.0,53242.0,Temperate Broadleaf & Mixed Forests,Eastern Himalayan broadleaf forests
2016,96.61900114467994,28.030761020371955,1,61139.0,15.0,53242.0,Temperate Broadleaf & Mixed Forests,Eastern Himalayan broadleaf forests
2016,93.96138298606509,28.471491921399366,1,61139.0,15.0,53242.0,Temperate Broadleaf & Mixed Forests,Eastern Himalayan broadleaf forests
2016,92.0874225583553,27.63177043344365,1,61139.0,15.0,53242.0,Temperate Broadleaf & Mixed Forests,Eastern Himalayan broadleaf forests
2016,93.25604622094711,27.235867445971166,1,61139.0,15.0,53242.0,Temperate Broadleaf & Mixed Forests,Eastern Himalayan broadleaf forests
2016,94.0222350505644,28.30994525711419,1,61139.0,15.0,53242.0,Temperate Broadleaf & Mixed Forests,Eastern Himalayan broadleaf forests
2016,92.3228727066639,27.074634679548335,1,61139.0,15.0,53242.0,Temperate Broadleaf & Mixed Forests,Eastern Himalayan broadleaf forests
2016,94.65967343588478,28.694124602957082,1,61139.0,15.0,53242.0,Temperate Broadleaf & Mixed Forests,Eastern Himalayan broadleaf forests
2016,95.08382584987604,27.897887998722826,1,61139.0,15.0,53242.0,Temperate Broadleaf & Mixed Forests,Eastern Himalayan broadleaf forests
2016,94.47118391632662,28.024490364267976,1,61139.0,15.0,53242.0,Temperate Broadleaf & Mixed Forests,Eastern Himalayan broadleaf forests
2016,94.83562137782866,28.24240722800089,1,61139.0,15.0,53242.0,Temperate Broadleaf & Mixed Forests,Eastern Himalayan broadleaf forests
2016,92.57213645607916,27.094944416152064,1,61139.0,15.0,53242.0,Temperate Broadleaf & Mixed Forests,Eastern Himalayan broadleaf forests
2016,93.8945802037537,27.607244526446934,1,61139.0,15.0,53242.0,Temperate Broadleaf & Mixed Forests,Eastern Himalayan broadleaf forests
2016,95.25460585681655,29.025675228838715,1,61139.0,15.0,53242.0,Temperate Broadleaf & Mixed Forests,Eastern Himalayan broadleaf forests
2016,94.3267117070955,28.75868938674905,1,61139.0,15.0,53242.0,Temperate Broadleaf & Mixed Forests,Eastern Himalayan broadleaf forests
2016,93.40482469391836,27.9239637287907,1,61139.0,15.0,53242.0,Temperate Broadleaf & Mixed Forests,Eastern Himalayan broadleaf forests
2016,92.78915403072958,26.991285109669736,1,3460.0,706.0,2294.0,Tropical & Subtropical Moist Broadleaf Forests,Brahmaputra Valley semi-evergreen forests
2016,92.04656590842863,26.87599229580754,1,3460.0,706.0,2294.0,Tropical & Subtropical Moist Broadleaf Forests,Brahmaputra Valley semi-evergreen forests
2016,93.98915419412535,27.31232616580636,1,3460.0,706.0,2294.0,Tropical & Subtropical Moist Broadleaf Forests,Brahmaputra Valley semi-evergreen forests
2016,97.04245287845704,27.76981410714537,1,153.0,0.0,126.0,Temperate Broadleaf & Mixed Forests,Eastern Himalayan broadleaf forests
2016,89.25995025624718,26.809892909916734,1,71.0,0.0,41.0,"Tropical & Subtropical Grasslands, Savannas & Shrublands",Terai-Duar savanna and grasslands
2016,88.7460567208084,27.15026238447464,1,18.0,1.0,15.0,Temperate Conifer Forests,Eastern Himalayan subalpine conifer forests
2016,74.0869532883943,15.048561670781046,1,1536.0,0.0,969.0,Tropical & Subtropical Moist Broadleaf Forests,North Western Ghats montane rain forests
2016,78.0275585032645,12.234116427708607,1,6328.0,74.0,4167.0,Tropical & Subtropical Moist Broadleaf Forests,South Western Ghats moist deciduous forests
2016,77.71229539926856,11.750776595219428,1,6328.0,74.0,4167.0,Tropical & Subtropical Moist Broadleaf Forests,South Western Ghats moist deciduous forests
2016,76.36197336414266,11.550221831298533,1,6328.0,74.0,4167.0,Tropical & Subtropical Moist Broadleaf Forests,South Western Ghats moist deciduous forests
2016,77.58513671312103,11.923049399186203,1,6328.0,74.0,4167.0,Tropical & Subtropical Moist Broadleaf Forests,South Western Ghats moist deciduous forests
2016,77.6342055313923,11.903457180740688,1,6328.0,74.0,4167.0,Tropical & Subtropical Moist Broadleaf Forests,South Western Ghats moist deciduous forests
2016,73.89672769990513,16.70393242810487,1,2979.0,295.0,1482.0,Tropical & Subtropical Moist Broadleaf Forests,North Western Ghats montane rain forests
2016,73.78256747467898,16.69534137180522,1,2979.0,295.0,1482.0,Tropical & Subtropical Moist Broadleaf Forests,North Western Ghats montane rain forests
2016,76.31493170434248,11.711200170851331,1,587.0,10.0,334.0,Tropical & Subtropical Moist Broadleaf Forests,South Western Ghats moist deciduous forests
2016,74.31812012999247,15.483859149490865,1,25170.0,1676.0,16741.0,Tropical & Subtropical Moist Broadleaf Forests,North Western Ghats montane rain forests
2016,75.88591090492253,13.551817238670274,1,25170.0,1676.0,16741.0,Tropical & Subtropical Moist Broadleaf Forests,North Western Ghats montane rain forests
2016,75.08239156463338,13.35650541615725,1,25170.0,1676.0,16741.0,Tropical & Subtropical Moist Broadleaf Forests,North Western Ghats montane rain forests
2016,77.18106065334116,11.812711526306677,1,25170.0,1676.0,16741.0,Tropical & Subtropical Moist Broadleaf Forests,North Western Ghats montane rain forests
2016,76.11594252622417,12.270410619082531,1,25170.0,1676.0,16741.0,Tropical & Subtropical Moist Broadleaf Forests,North Western Ghats montane rain forests
2016,77.33813073528435,12.199658935920013,1,25170.0,1676.0,16741.0,Tropical & Subtropical Moist Broadleaf Forests,North Western Ghats montane rain forests
2016,75.43260728888842,13.353162371890043,1,25170.0,1676.0,16741.0,Tropical & Subtropical Moist Broadleaf Forests,North Western Ghats montane rain forests
2016,75.35248341106589,13.637553284025064,1,25170.0,1676.0,16741.0,Tropical & Subtropical Moist Broadleaf Forests,North Western Ghats montane rain forests
2016,75.09647412768423,13.471877292511275,1,25170.0,1676.0,16741.0,Tropical & Subtropical Moist Broadleaf Forests,North Western Ghats montane rain forests
2016,75.00609441646493,13.853663396616193,1,25170.0,1676.0,16741.0,Tropical & Subtropical Moist Broadleaf Forests,North Western Ghats montane rain forests
2016,74.32031138331402,15.64425190196905,1,25170.0,1676.0,16741.0,Tropical & Subtropical Moist Broadleaf Forests,North Western Ghats montane rain forests
2016,74.69192480650999,15.070084617012157,1,25170.0,1676.0,16741.0,Tropical & Subtropical Moist Broadleaf Forests,North Western Ghats montane rain forests
2016,75.95711382928671,12.313861248042011,1,25170.0,1676.0,16741.0,Tropical & Subtropical Moist Broadleaf Forests,North Western Ghats montane rain forests
2016,74.75378692674379,14.299862749945342,1,25170.0,1676.0,16741.0,Tropical & Subtropical Moist Broadleaf Forests,North Western Ghats montane rain forests
2016,75.28756375701272,12.56596431139853,1,25170.0,1676.0,16741.0,Tropical & Subtropical Moist Broadleaf Forests,North Western Ghats montane rain forests
2016,74.71566503380777,14.534581325417923,1,25170.0,1676.0,16741.0,Tropical & Subtropical Moist Broadleaf Forests,North Western Ghats montane rain forests
2016,74.81008676861322,13.779302606243474,1,25170.0,1676.0,16741.0,Tropical & Subtropical Moist Broadleaf Forests,North Western Ghats montane rain forests
2016,74.65475337778264,14.738316871616611,1,25170.0,1676.0,16741.0,Tropical & Subtropical Moist Broadleaf Forests,North Western Ghats montane rain forests
2016,74.231088522187,15.765326586985227,1,25170.0,1676.0,16741.0,Tropical & Subtropical Moist Broadleaf Forests,North Western Ghats montane rain forests
2016,76.17198321965827,24.67828423046988,1,1186.0,0.0,481.0,Tropical & Subtropical Dry Broadleaf Forests,Khathiar-Gir dry deciduous forests
2016,76.17473424055699,27.223457485428177,1,2044.0,0.0,1065.0,Tropical & Subtropical Dry Broadleaf Forests,Khathiar-Gir dry deciduous forests
2016,76.44128574224759,27.413606261035394,1,2044.0,0.0,1065.0,Tropical & Subtropical Dry Broadleaf Forests,Khathiar-Gir dry deciduous forests
2016,76.40664459801718,26.00658742320764,1,481.0,0.0,264.0,Tropical & Subtropical Dry Broadleaf Forests,Khathiar-Gir dry deciduous forests
2016,77.4236166853786,10.111730027033579,1,2975.0,69.0,1785.0,Tropical & Subtropical Moist Broadleaf Forests,South Western Ghats moist deciduous forests
2016,77.76037886310601,10.456731138230314,1,2975.0,69.0,1785.0,Tropical & Subtropical Moist Broadleaf Forests,South Western Ghats moist deciduous forests
2016,77.12781215177264,10.255243536910813,1,3057.0,210.0,2140.0,Tropical & Subtropical Moist Broadleaf Forests,South Western Ghats montane rain forests
2016,76.8946067296217,10.13938544070714,1,3057.0,210.0,2140.0,Tropical & Subtropical Moist Broadleaf Forests,South Western Ghats montane rain forests
2016,77.35633488188358,9.42269501731331,1,3290.0,1682.0,2031.0,Tropical & Subtropical Moist Broadleaf Forests,South Western Ghats moist deciduous forests
2016,77.53093602382535,9.561987511440073,1,3290.0,1682.0,2031.0,Tropical & Subtropical Moist Broadleaf Forests,South Western Ghats moist deciduous forests
2016,77.01743310780704,9.208890443985991,1,4693.0,2502.0,3225.0,Tropical & Subtropical Moist Broadleaf Forests,South Western Ghats montane rain forests
2016,77.21252006651868,9.247105703714366,1,4693.0,2502.0,3225.0,Tropical & Subtropical Moist Broadleaf Forests,South Western Ghats montane rain forests
2016,77.0803748132885,8.87572944344272,1,4693.0,2502.0,3225.0,Tropical & Subtropical Moist Broadleaf Forests,South Western Ghats montane rain forests
2016,84.22130217354312,27.335044501222914,1,912.0,14.0,672.0,Tropical & Subtropical Moist Broadleaf Forests,Himalayan subtropical broadleaf forests
2016,80.14943031703649,29.312652572027737,1,16268.0,0.0,9217.0,Tropical & Subtropical Coniferous Forests,Himalayan subtropical pine forests
2016,77.95423482058085,30.11478237378473,1,16268.0,0.0,9217.0,Tropical & Subtropical Coniferous Forests,Himalayan subtropical pine forests
2016,79.26958047401625,29.416088811611218,1,16268.0,0.0,9217.0,Tropical & Subtropical Coniferous Forests,Himalayan subtropical pine forests
2016,78.30838266651573,30.011327421267428,1,16268.0,0.0,9217.0,Tropical & Subtropical Coniferous Forests,Himalayan subtropical pine forests
2016,79.21555819582248,29.354859539009187,1,16268.0,0.0,9217.0,Tropical & Subtropical Coniferous Forests,Himalayan subtropical pine forests
2016,79.78023911024249,29.858138797156446,1,16268.0,0.0,9217.0,Tropical & Subtropical Coniferous Forests,Himalayan subtropical pine forests
2016,80.15031691757062,29.453041318699483,1,16268.0,0.0,9217.0,Tropical & Subtropical Coniferous Forests,Himalayan subtropical pine forests
2016,79.67384277570459,29.379637489081443,1,16268.0,0.0,9217.0,Tropical & Subtropical Coniferous Forests,Himalayan subtropical pine forests
2016,80.01352955548234,29.85098999411272,1,16268.0,0.0,9217.0,Tropical & Subtropical Coniferous Forests,Himalayan subtropical pine forests
2016,79.8935237240826,29.54861791108786,1,16268.0,0.0,9217.0,Tropical & Subtropical Coniferous Forests,Himalayan subtropical pine forests
2016,79.6966391214205,29.86035537041128,1,16268.0,0.0,9217.0,Tropical & Subtropical Coniferous Forests,Himalayan subtropical pine forests
2016,78.03356337568788,30.4980675075057,1,16268.0,0.0,9217.0,Tropical & Subtropical Coniferous Forests,Himalayan subtropical pine forests
2016,79.96439334208046,29.048844138704247,1,16268.0,0.0,9217.0,Tropical & Subtropical Coniferous Forests,Himalayan subtropical pine forests
2016,79.86061531118177,29.290360775019582,1,16268.0,0.0,9217.0,Tropical & Subtropical Coniferous Forests,Himalayan subtropical pine forests
2016,80.81770131926727,28.458375517781025,1,895.0,0.0,504.0,"Tropical & Subtropical Grasslands, Savannas & Shrublands",Terai-Duar savanna and grasslands
2016,79.25070836376197,19.046214767894327,1,6232.0,0.0,3771.0,Tropical & Subtropical Moist Broadleaf Forests,East Deccan moist deciduous forests
2016,79.31445650149841,19.07407993624796,1,6232.0,0.0,3771.0,Tropical & Subtropical Moist Broadleaf Forests,East Deccan moist deciduous forests
2016,78.37994818110256,19.16457114285715,1,6232.0,0.0,3771.0,Tropical & Subtropical Moist Broadleaf Forests,East Deccan moist deciduous forests
2016,78.92316870333104,19.608846435237464,1,6232.0,0.0,3771.0,Tropical & Subtropical Moist Broadleaf Forests,East Deccan moist deciduous forests
2016,78.64445032465306,19.262976349239988,1,6232.0,0.0,3771.0,Tropical & Subtropical Moist Broadleaf Forests,East Deccan moist deciduous forests
2016,78.78853183426526,20.925660314923025,1,622.0,0.0,250.0,Tropical & Subtropical Dry Broadleaf Forests,Central Deccan Plateau dry deciduous forests
2016,79.06769318920784,16.159499526167934,1,7466.0,0.0,5314.0,Tropical & Subtropical Dry Broadleaf Forests,Central Deccan Plateau dry deciduous forests
2016,78.91528603424241,15.923495213724525,1,7466.0,0.0,5314.0,Tropical & Subtropical Dry Broadleaf Forests,Central Deccan Plateau dry deciduous forests
2016,78.67080488309439,15.43281203739421,1,7466.0,0.0,5314.0,Tropical & Subtropical Dry Broadleaf Forests,Central Deccan Plateau dry deciduous forests
2016,78.73050633914991,15.975705936142004,1,7466.0,0.0,5314.0,Tropical & Subtropical Dry Broadleaf Forests,Central Deccan Plateau dry deciduous forests
2016,78.7793029853032,15.469757492027082,1,7466.0,0.0,5314.0,Tropical & Subtropical Dry Broadleaf Forests,Central Deccan Plateau dry deciduous forests
2016,78.81087577782607,14.932323429059402,1,7466.0,0.0,5314.0,Tropical & Subtropical Dry Broadleaf Forests,Central Deccan Plateau dry deciduous forests
2016,78.60435326394915,16.257087596749315,1,1729.0,0.0,1293.0,Tropical & Subtropical Dry Broadleaf Forests,Central Deccan Plateau dry deciduous forests
2016,78.15631034226163,22.647527934427522,1,10248.0,0.0,6093.0,Tropical & Subtropical Moist Broadleaf Forests,East Deccan moist deciduous forests
2016,78.17905109076378,22.166052588306293,1,10248.0,0.0,6093.0,Tropical & Subtropical Moist Broadleaf Forests,East Deccan moist deciduous forests
2016,77.63484840416616,22.136207154939118,1,10248.0,0.0,6093.0,Tropical & Subtropical Moist Broadleaf Forests,East Deccan moist deciduous forests
2016,78.27830681274204,22.06026118943644,1,10248.0,0.0,6093.0,Tropical & Subtropical Moist Broadleaf Forests,East Deccan moist deciduous forests
2016,78.08001572317045,22.023940777029132,1,10248.0,0.0,6093.0,Tropical & Subtropical Moist Broadleaf Forests,East Deccan moist deciduous forests
2016,78.55278725605298,22.437297372000177,1,10248.0,0.0,6093.0,Tropical & Subtropical Moist Broadleaf Forests,East Deccan moist deciduous forests
2016,78.70272533073769,22.368482392899683,1,10248.0,0.0,6093.0,Tropical & Subtropical Moist Broadleaf Forests,East Deccan moist deciduous forests
2016,78.36387142730823,22.34341318470274,1,10248.0,0.0,6093.0,Tropical & Subtropical Moist Broadleaf Forests,East Deccan moist deciduous forests
2016,77.12846041045967,21.702035966415487,1,3872.0,0.0,2542.0,Tropical & Subtropical Dry Broadleaf Forests,Narmada Valley dry deciduous forests
2016,77.04886194443188,21.321092910758804,1,3872.0,0.0,2542.0,Tropical & Subtropical Dry Broadleaf Forests,Narmada Valley dry deciduous forests
2016,76.63071808634785,21.144105622097435,1,3872.0,0.0,2542.0,Tropical & Subtropical Dry Broadleaf Forests,Narmada Valley dry deciduous forests
2016,79.31503820435702,20.36818936554643,1,4097.0,0.0,2459.0,Tropical & Subtropical Dry Broadleaf Forests,Central Deccan Plateau dry deciduous forests
2016,79.61032268369485,20.05032945764122,1,4097.0,0.0,2459.0,Tropical & Subtropical Dry Broadleaf Forests,Central Deccan Plateau dry deciduous forests
2016,79.83357915795989,20.196285526665243,1,4097.0,0.0,2459.0,Tropical & Subtropical Dry Broadleaf Forests,Central Deccan Plateau dry deciduous forests
2016,79.97631941901372,28.722180414588628,1,5.0,0.0,1.0,Tropical & Subtropical Moist Broadleaf Forests,Upper Gangetic Plains moist deciduous forests
2016,80.53073691857861,28.236884998236654,1,943.0,0.0,412.0,Tropical & Subtropical Moist Broadleaf Forests,Upper Gangetic Plains moist deciduous forests
2016,80.97873924891017,23.511523241315068,1,3600.0,0.0,1970.0,Tropical & Subtropical Dry Broadleaf Forests,Narmada Valley dry deciduous forests
2016,80.73486944595594,23.31611834538773,1,3600.0,0.0,1970.0,Tropical & Subtropical Dry Broadleaf Forests,Narmada Valley dry deciduous forests
2016,81.09989390899914,23.07213401652507,1,3600.0,0.0,1970.0,Tropical & Subtropical Dry Broadleaf Forests,Narmada Valley dry deciduous forests
2016,80.85451539799412,25.05505514983951,1,91.0,0.0,70.0,Tropical & Subtropical Moist Broadleaf Forests,Upper Gangetic Plains moist deciduous forests
2016,80.71951261012437,25.062346675449113,1,7083.0,0.0,3793.0,Tropical & Subtropical Dry Broadleaf Forests,Narmada Valley dry deciduous forests
2016,79.48008106367175,24.62603880026814,1,7083.0,0.0,3793.0,Tropical & Subtropical Dry Broadleaf Forests,Narmada Valley dry deciduous forests
2016,79.49091281088086,24.280773030242635,1,7083.0,0.0,3793.0,Tropical & Subtropical Dry Broadleaf Forests,Narmada Valley dry deciduous forests
2016,80.30966561686434,24.80300554600556,1,7083.0,0.0,3793.0,Tropical & Subtropical Dry Broadleaf Forests,Narmada Valley dry deciduous forests
2016,79.84635557501902,24.589127014413883,1,7083.0,0.0,3793.0,Tropical & Subtropical Dry Broadleaf Forests,Narmada Valley dry deciduous forests
2016,80.03858775256866,24.636748710365495,1,7083.0,0.0,3793.0,Tropical & Subtropical Dry Broadleaf Forests,Narmada Valley dry deciduous forests
2016,80.887905369382,21.66107249784249,1,14172.0,0.0,9256.0,Tropical & Subtropical Moist Broadleaf Forests,East Deccan moist deciduous forests
2016,81.29228446408536,22.423660167224092,1,14172.0,0.0,9256.0,Tropical & Subtropical Moist Broadleaf Forests,East Deccan moist deciduous forests
2016,81.18475222806536,22.312706571807684,1,14172.0,0.0,9256.0,Tropical & Subtropical Moist Broadleaf Forests,East Deccan moist deciduous forests
2016,80.80372368521269,21.27419334914654,1,14172.0,0.0,9256.0,Tropical & Subtropical Moist Broadleaf Forests,East Deccan moist deciduous forests
2016,80.7692758596594,21.39163933313826,1,14172.0,0.0,9256.0,Tropical & Subtropical Moist Broadleaf Forests,East Deccan moist deciduous forests
2016,83.40073485229756,22.879053989790002,1,14172.0,0.0,9256.0,Tropical & Subtropical Moist Broadleaf Forests,East Deccan moist deciduous forests
2016,82.88756724026801,22.710287512135967,1,14172.0,0.0,9256.0,Tropical & Subtropical Moist Broadleaf Forests,East Deccan moist deciduous forests
2016,81.87435080013358,22.651452535779505,1,14172.0,0.0,9256.0,Tropical & Subtropical Moist Broadleaf Forests,East Deccan moist deciduous forests
2016,81.25276635246244,22.271897751431656,1,14172.0,0.0,9256.0,Tropical & Subtropical Moist Broadleaf Forests,East Deccan moist deciduous forests
2016,82.99351051340781,22.47957256042111,1,14172.0,0.0,9256.0,Tropical & Subtropical Moist Broadleaf Forests,East Deccan moist deciduous forests
2016,83.37096743502156,22.944583191930242,1,14172.0,0.0,9256.0,Tropical & Subtropical Moist Broadleaf Forests,East Deccan moist deciduous forests
2016,79.87325768591435,19.506492546382436,1,29.0,0.0,2.0,Tropical & Subtropical Moist Broadleaf Forests,East Deccan moist deciduous forests
2016,83.65641415980842,22.225782937421453,1,14.0,0.0,9.0,Tropical & Subtropical Moist Broadleaf Forests,East Deccan moist deciduous forests
2016,79.88711675644468,22.103329965345697,1,11729.0,0.0,7768.0,Tropical & Subtropical Moist Broadleaf Forests,East Deccan moist deciduous forests
2016,79.8430225717749,22.194653675812983,1,11729.0,0.0,7768.0,Tropical & Subtropical Moist Broadleaf Forests,East Deccan moist deciduous forests
2016,79.65036666984922,21.723736759664167,1,11729.0,0.0,7768.0,Tropical & Subtropical Moist Broadleaf Forests,East Deccan moist deciduous forests
2016,80.27720219737779,21.928761706074738,1,11729.0,0.0,7768.0,Tropical & Subtropical Moist Broadleaf Forests,East Deccan moist deciduous forests
2016,80.80064983813381,22.09816445402913,1,11729.0,0.0,7768.0,Tropical & Subtropical Moist Broadleaf Forests,East Deccan moist deciduous forests
2016,80.53225711796476,21.986433003842578,1,11729.0,0.0,7768.0,Tropical & Subtropical Moist Broadleaf Forests,East Deccan moist deciduous forests
2016,80.45905699343618,22.405743179838925,1,11729.0,0.0,7768.0,Tropical & Subtropical Moist Broadleaf Forests,East Deccan moist deciduous forests
2016,79.97562147824796,22.10042519789322,1,11729.0,0.0,7768.0,Tropical & Subtropical Moist Broadleaf Forests,East Deccan moist deciduous forests
2016,81.04800184431413,22.300404672684206,1,11729.0,0.0,7768.0,Tropical & Subtropical Moist Broadleaf Forests,East Deccan moist deciduous forests
2016,80.09992849691677,20.34635483321585,1,15942.0,0.0,11225.0,Tropical & Subtropical Dry Broadleaf Forests,Central Deccan Plateau dry deciduous forests
2016,80.26629304609884,20.681279753411786,1,15942.0,0.0,11225.0,Tropical & Subtropical Dry Broadleaf Forests,Central Deccan Plateau dry deciduous forests
2016,80.41892108257538,19.621687508552874,1,15942.0,0.0,11225.0,Tropical & Subtropical Dry Broadleaf Forests,Central Deccan Plateau dry deciduous forests
2016,80.40307995057533,20.61117307977338,1,15942.0,0.0,11225.0,Tropical & Subtropical Dry Broadleaf Forests,Central Deccan Plateau dry deciduous forests
2016,80.13149431822302,19.774239991529797,1,15942.0,0.0,11225.0,Tropical & Subtropical Dry Broadleaf Forests,Central Deccan Plateau dry deciduous forests
2016,80.2590769191103,18.819011401590238,1,15942.0,0.0,11225.0,Tropical & Subtropical Dry Broadleaf Forests,Central Deccan Plateau dry deciduous forests
2016,80.25573429866505,21.23234602022373,1,15942.0,0.0,11225.0,Tropical & Subtropical Dry Broadleaf Forests,Central Deccan Plateau dry deciduous forests
2016,80.145453307592,20.674830945248242,1,15942.0,0.0,11225.0,Tropical & Subtropical Dry Broadleaf Forests,Central Deccan Plateau dry deciduous forests
2016,80.42682345122364,19.6811002188181,1,15942.0,0.0,11225.0,Tropical & Subtropical Dry Broadleaf Forests,Central Deccan Plateau dry deciduous forests
2016,79.39012810400408,21.52374661708116,1,15942.0,0.0,11225.0,Tropical & Subtropical Dry Broadleaf Forests,Central Deccan Plateau dry deciduous forests
2016,80.48298640522593,20.596611536872935,1,15942.0,0.0,11225.0,Tropical & Subtropical Dry Broadleaf Forests,Central Deccan Plateau dry deciduous forests
2016,80.20705074843457,21.144146891322077,1,15942.0,0.0,11225.0,Tropical & Subtropical Dry Broadleaf Forests,Central Deccan Plateau dry deciduous forests
2016,82.80371154170926,23.979640445971405,1,3.0,0.0,1.0,Tropical & Subtropical Dry Broadleaf Forests,Chhota-Nagpur dry deciduous forests
2016,82.04281687300393,23.89292528059064,1,2350.0,0.0,1549.0,Tropical & Subtropical Dry Broadleaf Forests,Chhota-Nagpur dry deciduous forests
2016,82.18056875949482,23.940044128708244,1,2350.0,0.0,1549.0,Tropical & Subtropical Dry Broadleaf Forests,Chhota-Nagpur dry deciduous forests
2016,86.36921349024826,21.917683241100207,1,5262.0,0.0,3435.0,Tropical & Subtropical Moist Broadleaf Forests,East Deccan moist deciduous forests
2016,86.25121682181847,21.706037767511564,1,5262.0,0.0,3435.0,Tropical & Subtropical Moist Broadleaf Forests,East Deccan moist deciduous forests
2016,86.41526890682526,21.549628797887678,1,5262.0,0.0,3435.0,Tropical & Subtropical Moist Broadleaf Forests,East Deccan moist deciduous forests
2016,86.43827564118553,21.348853210660426,1,5262.0,0.0,3435.0,Tropical & Subtropical Moist Broadleaf Forests,East Deccan moist deciduous forests
2016,89.03921050224452,22.169113551883537,1,1451.0,716.0,1334.0,Mangroves,Sundarbans mangroves
2017,91.8422717437817,23.399970437223356,1,40.0,0.0,5.0,Tropical & Subtropical Moist Broadleaf Forests,Mizoram-Manipur-Kachin rain forests
2017,92.47919986597711,22.73599790742452,1,98.0,0.0,34.0,Tropical & Subtropical Moist Broadleaf Forests,Mizoram-Manipur-Kachin rain forests
2017,93.19380555776283,24.819639715364342,1,16235.0,192.0,11167.0,Tropical & Subtropical Moist Broadleaf Forests,Meghalaya subtropical forests
2017,93.37242043037682,25.707767610597124,1,16235.0,192.0,11167.0,Tropical & Subtropical Moist Broadleaf Forests,Meghalaya subtropical forests
2017,93.49482040815005,25.66719307989721,1,16235.0,192.0,11167.0,Tropical & Subtropical Moist Broadleaf Forests,Meghalaya subtropical forests
2017,92.76710411294489,25.57032381216011,1,16235.0,192.0,11167.0,Tropical & Subtropical Moist Broadleaf Forests,Meghalaya subtropical forests
2017,93.43623057751611,26.447419328648422,1,16235.0,192.0,11167.0,Tropical & Subtropical Moist Broadleaf Forests,Meghalaya subtropical forests
2017,92.82143010815547,25.643184453527518,1,16235.0,192.0,11167.0,Tropical & Subtropical Moist Broadleaf Forests,Meghalaya subtropical forests
2017,93.10857904398202,25.781063207643335,1,16235.0,192.0,11167.0,Tropical & Subtropical Moist Broadleaf Forests,Meghalaya subtropical forests
2017,92.70655123571954,25.754228247762217,1,16235.0,192.0,11167.0,Tropical & Subtropical Moist Broadleaf Forests,Meghalaya subtropical forests
2017,93.03133798609124,24.930370884817506,1,16235.0,192.0,11167.0,Tropical & Subtropical Moist Broadleaf Forests,Meghalaya subtropical forests
2017,92.73625242212366,25.5742150941358,1,16235.0,192.0,11167.0,Tropical & Subtropical Moist Broadleaf Forests,Meghalaya subtropical forests
2017,92.58393916611875,26.038851960035572,1,16235.0,192.0,11167.0,Tropical & Subtropical Moist Broadleaf Forests,Meghalaya subtropical forests
2017,93.33083925440596,25.184751342634115,1,16235.0,192.0,11167.0,Tropical & Subtropical Moist Broadleaf Forests,Meghalaya subtropical forests
2017,92.590696364362,25.095560779004934,1,16235.0,192.0,11167.0,Tropical & Subtropical Moist Broadleaf Forests,Meghalaya subtropical forests
2017,93.46629564780278,25.642084149313064,1,43.0,0.0,33.0,Tropical & Subtropical Moist Broadleaf Forests,Mizoram-Manipur-Kachin rain forests
2017,93.31891204902973,25.08107085247818,1,44.0,0.0,41.0,Tropical & Subtropical Moist Broadleaf Forests,Mizoram-Manipur-Kachin rain forests
2017,92.45661907307677,25.044144663505524,1,169.0,0.0,144.0,Tropical & Subtropical Moist Broadleaf Forests,Meghalaya subtropical forests
2017,93.86687672932473,27.670720464579656,1,61131.0,15.0,53105.0,Temperate Broadleaf & Mixed Forests,Eastern Himalayan broadleaf forests
2017,94.84248260928221,28.006404953528655,1,61131.0,15.0,53105.0,Temperate Broadleaf & Mixed Forests,Eastern Himalayan broadleaf forests
2017,93.52910531515501,28.366624615768256,1,61131.0,15.0,53105.0,Temperate Broadleaf & Mixed Forests,Eastern Himalayan broadleaf forests
2017,94.77682079182715,28.022128519780892,1,61131.0,15.0,53105.0,Temperate Broadleaf & Mixed Forests,Eastern Himalayan broadleaf forests
2017,93.57119573765793,27.419634926210357,1,61131.0,15.0,53105.0,Temperate Broadleaf & Mixed Forests,Eastern Himalayan broadleaf forests
2017,97.06104502969856,27.81879860211793,1,61131.0,15.0,53105.0,Temperate Broadleaf & Mixed Forests,Eastern Himalayan broadleaf forests
2017,95.12061088713705,28.846006573086676,1,61131.0,15.0,53105.0,Temperate Broadleaf & Mixed Forests,Eastern Himalayan broadleaf forests
2017,95.64071188808083,28.474078493952398,1,61131.0,15.0,53105.0,Temperate Broadleaf & Mixed Forests,Eastern Himalayan broadleaf forests
2017,94.89968776975513,28.287925268653776,1,61131.0,15.0,53105.0,Temperate Broadleaf & Mixed Forests,Eastern Himalayan broadleaf forests
2017,93.07184634626879,27.50458678692062,1,61131.0,15.0,53105.0,Temperate Broadleaf & Mixed Forests,Eastern Himalayan broadleaf forests
2017,95.76953149733625,28.468340939768773,1,61131.0,15.0,53105.0,Temperate Broadleaf & Mixed Forests,Eastern Himalayan broadleaf forests
2017,95.17063192969209,28.4008322559063,1,61131.0,15.0,53105.0,Temperate Broadleaf & Mixed Forests,Eastern Himalayan broadleaf forests
2017,95.58194690603403,29.13921340896294,1,61131.0,15.0,53105.0,Temperate Broadleaf & Mixed Forests,Eastern Himalayan broadleaf forests
2017,93.8895164112948,28.059750973828905,1,61131.0,15.0,53105.0,Temperate Broadleaf & Mixed Forests,Eastern Himalayan broadleaf forests
2017,92.740028258084,27.569289039043724,1,61131.0,15.0,53105.0,Temperate Broadleaf & Mixed Forests,Eastern Himalayan broadleaf forests
2017,93.61203941183193,27.460666376814117,1,61131.0,15.0,53105.0,Temperate Broadleaf & Mixed Forests,Eastern Himalayan broadleaf forests
2017,93.0355013603554,27.194611282981004,1,61131.0,15.0,53105.0,Temperate Broadleaf & Mixed Forests,Eastern Himalayan broadleaf forests
2017,96.29628263581782,28.44195591722093,1,61131.0,15.0,53105.0,Temperate Broadleaf & Mixed Forests,Eastern Himalayan broadleaf forests
2017,91.8634739109493,27.548257917227925,1,61131.0,15.0,53105.0,Temperate Broadleaf & Mixed Forests,Eastern Himalayan broadleaf forests
2017,91.78465001837753,27.657729351175597,1,61131.0,15.0,53105.0,Temperate Broadleaf & Mixed Forests,Eastern Himalayan broadleaf forests
2017,93.34862690130494,27.94074587619045,1,61131.0,15.0,53105.0,Temperate Broadleaf & Mixed Forests,Eastern Himalayan broadleaf forests
2017,93.23654554482971,28.463785442179773,1,61131.0,15.0,53105.0,Temperate Broadleaf & Mixed Forests,Eastern Himalayan broadleaf forests
2017,93.18440960427893,27.179654053711413,1,61131.0,15.0,53105.0,Temperate Broadleaf & Mixed Forests,Eastern Himalayan broadleaf forests
2017,94.63141942951174,27.740070602323687,1,61131.0,15.0,53105.0,Temperate Broadleaf & Mixed Forests,Eastern Himalayan broadleaf forests
2017,93.4970643586785,27.651571766171635,1,61131.0,15.0,53105.0,Temperate Broadleaf & Mixed Forests,Eastern Himalayan broadleaf forests
2017,93.43417730425843,28.026908871039574,1,61131.0,15.0,53105.0,Temperate Broadleaf & Mixed Forests,Eastern Himalayan broadleaf forests
2017,94.19405629840686,28.530468874138446,1,61131.0,15.0,53105.0,Temperate Broadleaf & Mixed Forests,Eastern Himalayan broadleaf forests
2017,94.93199833813614,28.654053162306003,1,61131.0,15.0,53105.0,Temperate Broadleaf & Mixed Forests,Eastern Himalayan broadleaf forests
2017,92.92507400589427,27.061815238863097,1,61131.0,15.0,53105.0,Temperate Broadleaf & Mixed Forests,Eastern Himalayan broadleaf forests
2017,96.91545560832566,28.061523230073703,1,61131.0,15.0,53105.0,Temperate Broadleaf & Mixed Forests,Eastern Himalayan broadleaf forests
2017,95.12348251607374,28.77869371490261,1,61131.0,15.0,53105.0,Temperate Broadleaf & Mixed Forests,Eastern Himalayan broadleaf forests
2017,91.94295644208323,27.66059361568918,1,61131.0,15.0,53105.0,Temperate Broadleaf & Mixed Forests,Eastern Himalayan broadleaf forests
2017,94.34946654105792,29.06395346760101,1,61131.0,15.0,53105.0,Temperate Broadleaf & Mixed Forests,Eastern Himalayan broadleaf forests
2017,94.23524067642887,27.68177287125203,1,61131.0,15.0,53105.0,Temperate Broadleaf & Mixed Forests,Eastern Himalayan broadleaf forests
2017,92.80396238452406,27.29514313834566,1,61131.0,15.0,53105.0,Temperate Broadleaf & Mixed Forests,Eastern Himalayan broadleaf forests
2017,94.32836231385949,28.134335281326457,1,61131.0,15.0,53105.0,Temperate Broadleaf & Mixed Forests,Eastern Himalayan broadleaf forests
2017,96.12460658034001,28.371526553960344,1,61131.0,15.0,53105.0,Temperate Broadleaf & Mixed Forests,Eastern Himalayan broadleaf forests
2017,92.80581228414275,27.525843735285953,1,61131.0,15.0,53105.0,Temperate Broadleaf & Mixed Forests,Eastern Himalayan broadleaf forests
2017,93.3090670565482,27.57256005918493,1,61131.0,15.0,53105.0,Temperate Broadleaf & Mixed Forests,Eastern Himalayan broadleaf forests
2017,96.73661589504584,28.29889988802236,1,61131.0,15.0,53105.0,Temperate Broadleaf & Mixed Forests,Eastern Himalayan broadleaf forests
2017,96.59494702456294,28.382529351379848,1,61131.0,15.0,53105.0,Temperate Broadleaf & Mixed Forests,Eastern Himalayan broadleaf forests
2017,95.83177518419414,29.200741328986656,1,61131.0,15.0,53105.0,Temperate Broadleaf & Mixed Forests,Eastern Himalayan broadleaf forests
2017,92.04085694388169,27.529324396666652,1,61131.0,15.0,53105.0,Temperate Broadleaf & Mixed Forests,Eastern Himalayan broadleaf forests
2017,94.31715962538676,28.76480631324088,1,61131.0,15.0,53105.0,Temperate Broadleaf & Mixed Forests,Eastern Himalayan broadleaf forests
2017,95.59407081919689,29.186098992755426,1,61131.0,15.0,53105.0,Temperate Broadleaf & Mixed Forests,Eastern Himalayan broadleaf forests
2017,93.90946613910276,27.499086289060987,1,61131.0,15.0,53105.0,Temperate Broadleaf & Mixed Forests,Eastern Himalayan broadleaf forests
2017,94.22382682893097,28.965811241814862,1,61131.0,15.0,53105.0,Temperate Broadleaf & Mixed Forests,Eastern Himalayan broadleaf forests
2017,95.38654031583458,28.737119967501428,1,61131.0,15.0,53105.0,Temperate Broadleaf & Mixed Forests,Eastern Himalayan broadleaf forests
2017,95.855397362966,29.290749691107095,1,61131.0,15.0,53105.0,Temperate Broadleaf & Mixed Forests,Eastern Himalayan broadleaf forests
2017,93.9997799554912,28.685574752140486,1,61131.0,15.0,53105.0,Temperate Broadleaf & Mixed Forests,Eastern Himalayan broadleaf forests
2017,92.935575886535,26.954642930440748,1,3479.0,708.0,2302.0,Tropical & Subtropical Moist Broadleaf Forests,Brahmaputra Valley semi-evergreen forests
2017,90.14845945912165,26.661246358187906,1,3479.0,708.0,2302.0,Tropical & Subtropical Moist Broadleaf Forests,Brahmaputra Valley semi-evergreen forests
2017,92.52564531253552,26.93215146011498,1,3479.0,708.0,2302.0,Tropical & Subtropical Moist Broadleaf Forests,Brahmaputra Valley semi-evergreen forests
2017,97.04182864271053,27.772084006104762,1,153.0,0.0,122.0,Temperate Broadleaf & Mixed Forests,Eastern Himalayan broadleaf forests
2017,88.87126021833399,26.984902021710695,1,79.0,0.0,43.0,"Tropical & Subtropical Grasslands, Savannas & Shrublands",Terai-Duar savanna and grasslands
2017,88.91116467727818,27.312159552344813,1,18.0,1.0,15.0,Temperate Conifer Forests,Eastern Himalayan subalpine conifer forests
2017,74.11985089201312,15.124677982278127,1,1485.0,0.0,945.0,Tropical & Subtropical Moist Broadleaf Forests,North Western Ghats moist deciduous forests
2017,77.01523961985815,11.58214876877947,1,6566.0,74.0,4286.0,Tropical & Subtropical Dry Broadleaf Forests,South Deccan Plateau dry deciduous forests
2017,76.5558961302643,11.444307227869155,1,6566.0,74.0,4286.0,Tropical & Subtropical Dry Broadleaf Forests,South Deccan Plateau dry deciduous forests
2017,77.71887420743454,12.012328690593996,1,6566.0,74.0,4286.0,Tropical & Subtropical Dry Broadleaf Forests,South Deccan Plateau dry deciduous forests
2017,77.13956828444688,11.68592325862028,1,6566.0,74.0,4286.0,Tropical & Subtropical Dry Broadleaf Forests,South Deccan Plateau dry deciduous forests
2017,77.78044488732557,12.141468928862263,1,6566.0,74.0,4286.0,Tropical & Subtropical Dry Broadleaf Forests,South Deccan Plateau dry deciduous forests
2017,73.97707008407261,16.26753759365552,1,3076.0,304.0,1550.0,Tropical & Subtropical Moist Broadleaf Forests,North Western Ghats montane rain forests
2017,73.82861487992304,16.49987922616538,1,3076.0,304.0,1550.0,Tropical & Subtropical Moist Broadleaf Forests,North Western Ghats montane rain forests
2017,76.28705324008911,11.779618820931947,1,494.0,10.0,286.0,Tropical & Subtropical Moist Broadleaf Forests,South Western Ghats moist deciduous forests
2017,74.67265434263439,14.228945507716329,1,25519.0,1673.0,16885.0,Tropical & Subtropical Moist Broadleaf Forests,North Western Ghats montane rain forests
2017,74.59913670076334,14.618176231072608,1,25519.0,1673.0,16885.0,Tropical & Subtropical Moist Broadleaf Forests,North Western Ghats montane rain forests
2017,74.3697515816065,14.96883869191861,1,25519.0,1673.0,16885.0,Tropical & Subtropical Moist Broadleaf Forests,North Western Ghats montane rain forests
2017,75.69886787679116,12.374198679537564,1,25519.0,1673.0,16885.0,Tropical & Subtropical Moist Broadleaf Forests,North Western Ghats montane rain forests
2017,75.51170630557178,13.841761702702614,1,25519.0,1673.0,16885.0,Tropical & Subtropical Moist Broadleaf Forests,North Western Ghats montane rain forests
2017,74.34855364414297,14.677753874240238,1,25519.0,1673.0,16885.0,Tropical & Subtropical Moist Broadleaf Forests,North Western Ghats montane rain forests
2017,74.83652209703524,15.059180272391501,1,25519.0,1673.0,16885.0,Tropical & Subtropical Moist Broadleaf Forests,North Western Ghats montane rain forests
2017,74.7214365638814,13.995036169961613,1,25519.0,1673.0,16885.0,Tropical & Subtropical Moist Broadleaf Forests,North Western Ghats montane rain forests
2017,75.27283050209263,13.787566051252254,1,25519.0,1673.0,16885.0,Tropical & Subtropical Moist Broadleaf Forests,North Western Ghats montane rain forests
2017,75.79338853836606,12.31303169166702,1,25519.0,1673.0,16885.0,Tropical & Subtropical Moist Broadleaf Forests,North Western Ghats montane rain forests
2017,77.64177917949085,12.04210690058063,1,25519.0,1673.0,16885.0,Tropical & Subtropical Moist Broadleaf Forests,North Western Ghats montane rain forests
2017,74.35019222742416,15.390375807532253,1,25519.0,1673.0,16885.0,Tropical & Subtropical Moist Broadleaf Forests,North Western Ghats montane rain forests
2017,74.43670236024926,15.22372531682942,1,25519.0,1673.0,16885.0,Tropical & Subtropical Moist Broadleaf Forests,North Western Ghats montane rain forests
2017,75.61547279188724,13.583676873958876,1,25519.0,1673.0,16885.0,Tropical & Subtropical Moist Broadleaf Forests,North Western Ghats montane rain forests
2017,74.13704357367554,15.719187178842896,1,25519.0,1673.0,16885.0,Tropical & Subtropical Moist Broadleaf Forests,North Western Ghats montane rain forests
2017,75.49871490752848,13.154613258115162,1,25519.0,1673.0,16885.0,Tropical & Subtropical Moist Broadleaf Forests,North Western Ghats montane rain forests
2017,74.65045298455709,15.133290638899403,1,25519.0,1673.0,16885.0,Tropical & Subtropical Moist Broadleaf Forests,North Western Ghats montane rain forests
2017,75.34460728853001,13.65785943925387,1,25519.0,1673.0,16885.0,Tropical & Subtropical Moist Broadleaf Forests,North Western Ghats montane rain forests
2017,75.18852594302233,13.08613254162631,1,25519.0,1673.0,16885.0,Tropical & Subtropical Moist Broadleaf Forests,North Western Ghats montane rain forests
2017,76.47741418904899,24.479728272138715,1,1209.0,0.0,494.0,Tropical & Subtropical Dry Broadleaf Forests,Khathiar-Gir dry deciduous forests
2017,76.46831183257785,27.548962446274214,1,2025.0,0.0,1062.0,Tropical & Subtropical Dry Broadleaf Forests,Khathiar-Gir dry deciduous forests
2017,76.39545341239112,27.31662861017997,1,2025.0,0.0,1062.0,Tropical & Subtropical Dry Broadleaf Forests,Khathiar-Gir dry deciduous forests
2017,76.57675680328313,26.143806440347234,1,478.0,0.0,264.0,Tropical & Subtropical Dry Broadleaf Forests,Khathiar-Gir dry deciduous forests
2017,77.23872644222283,10.099290971969408,1,2971.0,69.0,1809.0,Tropical & Subtropical Moist Broadleaf Forests,South Western Ghats moist deciduous forests
2017,77.39902963737126,10.32203210671258,1,2971.0,69.0,1809.0,Tropical & Subtropical Moist Broadleaf Forests,South Western Ghats moist deciduous forests
2017,76.69993991314206,10.176705852698836,1,3029.0,213.0,2134.0,Tropical & Subtropical Moist Broadleaf Forests,South Western Ghats montane rain forests
2017,76.98842200458381,10.029489824745541,1,3029.0,213.0,2134.0,Tropical & Subtropical Moist Broadleaf Forests,South Western Ghats montane rain forests
2017,77.33210977700718,9.681827781150318,1,3329.0,1685.0,2066.0,Tropical & Subtropical Moist Broadleaf Forests,South Western Ghats moist deciduous forests
2017,77.54720055501048,8.370970112363786,1,3329.0,1685.0,2066.0,Tropical & Subtropical Moist Broadleaf Forests,South Western Ghats moist deciduous forests
2017,77.21215909843104,8.825468443990554,1,4256.0,2495.0,2927.0,Tropical & Subtropical Moist Broadleaf Forests,South Western Ghats montane rain forests
2017,77.12532987938741,9.130446067192418,1,4256.0,2495.0,2927.0,Tropical & Subtropical Moist Broadleaf Forests,South Western Ghats montane rain forests
2017,76.89481118867154,9.182478633537876,1,4256.0,2495.0,2927.0,Tropical & Subtropical Moist Broadleaf Forests,South Western Ghats montane rain forests
2017,78.95188042480689,19.61048494066905,1,6224.0,0.0,3781.0,Tropical & Subtropical Moist Broadleaf Forests,East Deccan moist deciduous forests
2017,78.2597977794325,19.300513911045545,1,6224.0,0.0,3781.0,Tropical & Subtropical Moist Broadleaf Forests,East Deccan moist deciduous forests
2017,79.00745678610197,19.090134437170228,1,6224.0,0.0,3781.0,Tropical & Subtropical Moist Broadleaf Forests,East Deccan moist deciduous forests
2017,78.43325017635907,19.11273430267973,1,6224.0,0.0,3781.0,Tropical & Subtropical Moist Broadleaf Forests,East Deccan moist deciduous forests
2017,78.36515038779109,19.40169930933147,1,6224.0,0.0,3781.0,Tropical & Subtropical Moist Broadleaf Forests,East Deccan moist deciduous forests
2017,83.99988439186549,27.395949507315944,1,910.0,14.0,657.0,Tropical & Subtropical Moist Broadleaf Forests,Himalayan subtropical broadleaf forests
2017,79.75084619167772,29.34847050484615,1,18931.0,0.0,10574.0,Tropical & Subtropical Coniferous Forests,Himalayan subtropical pine forests
2017,79.14030576298285,29.4444560851454,1,18931.0,0.0,10574.0,Tropical & Subtropical Coniferous Forests,Himalayan subtropical pine forests
2017,79.25170489689303,29.35955047285327,1,18931.0,0.0,10574.0,Tropical & Subtropical Coniferous Forests,Himalayan subtropical pine forests
2017,79.41835792768978,29.228304058770068,1,18931.0,0.0,10574.0,Tropical & Subtropical Coniferous Forests,Himalayan subtropical pine forests
2017,78.81378426272315,30.352350098895144,1,18931.0,0.0,10574.0,Tropical & Subtropical Coniferous Forests,Himalayan subtropical pine forests
2017,79.03176990927642,29.604911704093922,1,18931.0,0.0,10574.0,Tropical & Subtropical Coniferous Forests,Himalayan subtropical pine forests
2017,78.39357845647888,30.29166481741281,1,18931.0,0.0,10574.0,Tropical & Subtropical Coniferous Forests,Himalayan subtropical pine forests
2017,77.9626347774119,30.15987806846055,1,18931.0,0.0,10574.0,Tropical & Subtropical Coniferous Forests,Himalayan subtropical pine forests
2017,78.40072084173264,30.80113472859398,1,18931.0,0.0,10574.0,Tropical & Subtropical Coniferous Forests,Himalayan subtropical pine forests
2017,79.33083075284031,29.47883279071535,1,18931.0,0.0,10574.0,Tropical & Subtropical Coniferous Forests,Himalayan subtropical pine forests
2017,79.76190966586252,29.217080013620528,1,18931.0,0.0,10574.0,Tropical & Subtropical Coniferous Forests,Himalayan subtropical pine forests
2017,79.65849735138443,29.32761116191858,1,18931.0,0.0,10574.0,Tropical & Subtropical Coniferous Forests,Himalayan subtropical pine forests
2017,78.11609991979881,30.13267827128306,1,18931.0,0.0,10574.0,Tropical & Subtropical Coniferous Forests,Himalayan subtropical pine forests
2017,79.25337102697358,29.234915279637246,1,18931.0,0.0,10574.0,Tropical & Subtropical Coniferous Forests,Himalayan subtropical pine forests
2017,78.86003942920651,29.492060416309485,1,18931.0,0.0,10574.0,Tropical & Subtropical Coniferous Forests,Himalayan subtropical pine forests
2017,78.39453560214996,30.153220767680775,1,18931.0,0.0,10574.0,Tropical & Subtropical Coniferous Forests,Himalayan subtropical pine forests
2017,78.37286982757169,29.776389299129793,1,894.0,0.0,496.0,"Tropical & Subtropical Grasslands, Savannas & Shrublands",Terai-Duar savanna and grasslands
2017,78.70881012950122,21.088884762117384,1,623.0,0.0,252.0,Tropical & Subtropical Dry Broadleaf Forests,Central Deccan Plateau dry deciduous forests
2017,79.25815822471218,16.095407356455606,1,7463.0,0.0,5333.0,Tropical & Subtropical Dry Broadleaf Forests,Central Deccan Plateau dry deciduous forests
2017,78.86714320732011,15.447881947218345,1,7463.0,0.0,5333.0,Tropical & Subtropical Dry Broadleaf Forests,Central Deccan Plateau dry deciduous forests
2017,78.68270757256367,15.998103507138618,1,7463.0,0.0,5333.0,Tropical & Subtropical Dry Broadleaf Forests,Central Deccan Plateau dry deciduous forests
2017,78.75169274866808,15.222561238481914,1,7463.0,0.0,5333.0,Tropical & Subtropical Dry Broadleaf Forests,Central Deccan Plateau dry deciduous forests
2017,79.84363330645316,16.386338449700666,1,7463.0,0.0,5333.0,Tropical & Subtropical Dry Broadleaf Forests,Central Deccan Plateau dry deciduous forests
2017,78.91401082403932,15.662891141634791,1,7463.0,0.0,5333.0,Tropical & Subtropical Dry Broadleaf Forests,Central Deccan Plateau dry deciduous forests
2017,78.46615780919403,16.13116647628183,1,1729.0,0.0,1299.0,Tropical & Subtropical Dry Broadleaf Forests,Central Deccan Plateau dry deciduous forests
2017,78.18985330084847,22.449800156309408,1,10286.0,0.0,6125.0,Tropical & Subtropical Moist Broadleaf Forests,East Deccan moist deciduous forests
2017,77.29640509059394,22.250565990311003,1,10286.0,0.0,6125.0,Tropical & Subtropical Moist Broadleaf Forests,East Deccan moist deciduous forests
2017,78.34209331342029,22.63270076669738,1,10286.0,0.0,6125.0,Tropical & Subtropical Moist Broadleaf Forests,East Deccan moist deciduous forests
2017,78.59038366182224,22.583600555471683,1,10286.0,0.0,6125.0,Tropical & Subtropical Moist Broadleaf Forests,East Deccan moist deciduous forests
2017,78.51991041314596,22.39905307464179,1,10286.0,0.0,6125.0,Tropical & Subtropical Moist Broadleaf Forests,East Deccan moist deciduous forests
2017,77.76127661531484,22.25900010903084,1,10286.0,0.0,6125.0,Tropical & Subtropical Moist Broadleaf Forests,East Deccan moist deciduous forests
2017,77.94147204827455,21.93670299747486,1,10286.0,0.0,6125.0,Tropical & Subtropical Moist Broadleaf Forests,East Deccan moist deciduous forests
2017,78.93160028906273,22.605964417102122,1,10286.0,0.0,6125.0,Tropical & Subtropical Moist Broadleaf Forests,East Deccan moist deciduous forests
2017,77.32037246187612,21.385825068762564,1,3907.0,0.0,2541.0,Tropical & Subtropical Dry Broadleaf Forests,Narmada Valley dry deciduous forests
2017,77.35189086948903,21.362658140383324,1,3907.0,0.0,2541.0,Tropical & Subtropical Dry Broadleaf Forests,Narmada Valley dry deciduous forests
2017,77.111023599023,21.237007374126897,1,3907.0,0.0,2541.0,Tropical & Subtropical Dry Broadleaf Forests,Narmada Valley dry deciduous forests
2017,79.32894623369482,20.32464901978956,1,4017.0,0.0,2417.0,Tropical & Subtropical Dry Broadleaf Forests,Central Deccan Plateau dry deciduous forests
2017,79.58777659731975,19.584584293437956,1,4017.0,0.0,2417.0,Tropical & Subtropical Dry Broadleaf Forests,Central Deccan Plateau dry deciduous forests
2017,79.42494367450873,20.123495453885546,1,4017.0,0.0,2417.0,Tropical & Subtropical Dry Broadleaf Forests,Central Deccan Plateau dry deciduous forests
2017,79.9668215459662,28.716146573215465,1,5.0,0.0,1.0,Tropical & Subtropical Moist Broadleaf Forests,Upper Gangetic Plains moist deciduous forests
2017,80.3225483962452,28.395965482601508,1,941.0,0.0,408.0,Tropical & Subtropical Moist Broadleaf Forests,Upper Gangetic Plains moist deciduous forests
2017,81.2050149018692,23.2888077541105,1,3557.0,0.0,1947.0,Tropical & Subtropical Dry Broadleaf Forests,Narmada Valley dry deciduous forests
2017,80.95215769287779,23.09389659411944,1,3557.0,0.0,1947.0,Tropical & Subtropical Dry Broadleaf Forests,Narmada Valley dry deciduous forests
2017,80.78471235274003,23.70517746638746,1,3557.0,0.0,1947.0,Tropical & Subtropical Dry Broadleaf Forests,Narmada Valley dry deciduous forests
2017,81.16783379502006,24.96044746055106,1,139.0,0.0,100.0,Tropical & Subtropical Dry Broadleaf Forests,Narmada Valley dry deciduous forests
2017,79.44978104786782,24.43702713417259,1,7769.0,0.0,4189.0,Tropical & Subtropical Dry Broadleaf Forests,Narmada Valley dry deciduous forests
2017,80.48986031646615,24.79962914366148,1,7769.0,0.0,4189.0,Tropical & Subtropical Dry Broadleaf Forests,Narmada Valley dry deciduous forests
2017,79.31836969571862,24.19834936983681,1,7769.0,0.0,4189.0,Tropical & Subtropical Dry Broadleaf Forests,Narmada Valley dry deciduous forests
2017,80.70767888681989,24.838450449118525,1,7769.0,0.0,4189.0,Tropical & Subtropical Dry Broadleaf Forests,Narmada Valley dry deciduous forests
2017,80.53293970406858,25.07513611047796,1,7769.0,0.0,4189.0,Tropical & Subtropical Dry Broadleaf Forests,Narmada Valley dry deciduous forests
2017,80.46209892425937,24.721572172135588,1,7769.0,0.0,4189.0,Tropical & Subtropical Dry Broadleaf Forests,Narmada Valley dry deciduous forests
2017,82.85596922384656,22.350201113811767,1,14267.0,0.0,9291.0,Tropical & Subtropical Moist Broadleaf Forests,East Deccan moist deciduous forests
2017,80.95954362591254,22.053327006817923,1,14267.0,0.0,9291.0,Tropical & Subtropical Moist Broadleaf Forests,East Deccan moist deciduous forests
2017,82.5745504598064,22.668739106319983,1,14267.0,0.0,9291.0,Tropical & Subtropical Moist Broadleaf Forests,East Deccan moist deciduous forests
2017,83.47079469178077,22.7998704916405,1,14267.0,0.0,9291.0,Tropical & Subtropical Moist Broadleaf Forests,East Deccan moist deciduous forests
2017,81.72003037000714,22.384526685830956,1,14267.0,0.0,9291.0,Tropical & Subtropical Moist Broadleaf Forests,East Deccan moist deciduous forests
2017,81.86255058812114,22.303331807120863,1,14267.0,0.0,9291.0,Tropical & Subtropical Moist Broadleaf Forests,East Deccan moist deciduous forests
2017,82.91025680214305,22.456907155370246,1,14267.0,0.0,9291.0,Tropical & Subtropical Moist Broadleaf Forests,East Deccan moist deciduous forests
2017,83.28580007586238,22.028711155745025,1,14267.0,0.0,9291.0,Tropical & Subtropical Moist Broadleaf Forests,East Deccan moist deciduous forests
2017,80.93328425394179,21.675737674486754,1,14267.0,0.0,9291.0,Tropical & Subtropical Moist Broadleaf Forests,East Deccan moist deciduous forests
2017,82.81413941417462,22.571656798005343,1,14267.0,0.0,9291.0,Tropical & Subtropical Moist Broadleaf Forests,East Deccan moist deciduous forests
2017,80.91619945119301,21.644020691017523,1,14267.0,0.0,9291.0,Tropical & Subtropical Moist Broadleaf Forests,East Deccan moist deciduous forests
2017,80.04972871795893,18.729916548445765,1,29.0,0.0,2.0,Tropical & Subtropical Moist Broadleaf Forests,East Deccan moist deciduous forests
2017,83.63139481838505,22.196096450775933,1,14.0,0.0,8.0,Tropical & Subtropical Moist Broadleaf Forests,East Deccan moist deciduous forests
2017,80.22068286220886,22.035090905545275,1,11967.0,0.0,7857.0,Tropical & Subtropical Moist Broadleaf Forests,East Deccan moist deciduous forests
2017,80.71104862358585,22.2337264798241,1,11967.0,0.0,7857.0,Tropical & Subtropical Moist Broadleaf Forests,East Deccan moist deciduous forests
2017,80.58150483745136,21.470334721872522,1,11967.0,0.0,7857.0,Tropical & Subtropical Moist Broadleaf Forests,East Deccan moist deciduous forests
2017,80.51582539281185,21.948889865909017,1,11967.0,0.0,7857.0,Tropical & Subtropical Moist Broadleaf Forests,East Deccan moist deciduous forests
2017,80.25403342235045,22.120155680418268,1,11967.0,0.0,7857.0,Tropical & Subtropical Moist Broadleaf Forests,East Deccan moist deciduous forests
2017,80.63793321225496,22.177997992302288,1,11967.0,0.0,7857.0,Tropical & Subtropical Moist Broadleaf Forests,East Deccan moist deciduous forests
2017,80.64351502912402,22.257414136144174,1,11967.0,0.0,7857.0,Tropical & Subtropical Moist Broadleaf Forests,East Deccan moist deciduous forests
2017,80.54977735710413,21.650575419545373,1,11967.0,0.0,7857.0,Tropical & Subtropical Moist Broadleaf Forests,East Deccan moist deciduous forests
2017,79.5092734564478,21.630838966178402,1,15892.0,0.0,11179.0,Tropical & Subtropical Dry Broadleaf Forests,Central Deccan Plateau dry deciduous forests
2017,80.19380935286856,19.232028709898653,1,15892.0,0.0,11179.0,Tropical & Subtropical Dry Broadleaf Forests,Central Deccan Plateau dry deciduous forests
2017,80.19856005521538,19.288453235533566,1,15892.0,0.0,11179.0,Tropical & Subtropical Dry Broadleaf Forests,Central Deccan Plateau dry deciduous forests
2017,79.19483444824867,21.553150702331145,1,15892.0,0.0,11179.0,Tropical & Subtropical Dry Broadleaf Forests,Central Deccan Plateau dry deciduous forests
2017,80.24927133858569,20.93108823157733,1,15892.0,0.0,11179.0,Tropical & Subtropical Dry Broadleaf Forests,Central Deccan Plateau dry deciduous forests
2017,80.2426662785109,20.22326252537005,1,15892.0,0.0,11179.0,Tropical & Subtropical Dry Broadleaf Forests,Central Deccan Plateau dry deciduous forests
2017,80.0939153411411,19.156753613315622,1,15892.0,0.0,11179.0,Tropical & Subtropical Dry Broadleaf Forests,Central Deccan Plateau dry deciduous forests
2017,80.26223024668994,19.240753927240732,1,15892.0,0.0,11179.0,Tropical & Subtropical Dry Broadleaf Forests,Central Deccan Plateau dry deciduous forests
2017,80.05832916865864,19.793552094555977,1,15892.0,0.0,11179.0,Tropical & Subtropical Dry Broadleaf Forests,Central Deccan Plateau dry deciduous forests
2017,80.71231197635107,19.292243005929326,1,15892.0,0.0,11179.0,Tropical & Subtropical Dry Broadleaf Forests,Central Deccan Plateau dry deciduous forests
2017,80.4210206794347,20.582767178154466,1,15892.0,0.0,11179.0,Tropical & Subtropical Dry Broadleaf Forests,Central Deccan Plateau dry deciduous forests
2017,80.36188433172873,19.478173709930896,1,15892.0,0.0,11179.0,Tropical & Subtropical Dry Broadleaf Forests,Central Deccan Plateau dry deciduous forests
2017,82.80659013113019,23.98878354543951,1,3.0,0.0,1.0,Tropical & Subtropical Dry Broadleaf Forests,Chhota-Nagpur dry deciduous forests
2017,81.6876546112671,23.965670682429526,1,2359.0,0.0,1547.0,Tropical & Subtropical Dry Broadleaf Forests,Chhota-Nagpur dry deciduous forests
2017,82.39646439750736,23.8935018983569,1,2359.0,0.0,1547.0,Tropical & Subtropical Dry Broadleaf Forests,Chhota-Nagpur dry deciduous forests
2017,86.25501363845,21.481958623343335,1,5274.0,0.0,3445.0,Tropical & Subtropical Moist Broadleaf Forests,East Deccan moist deciduous forests
2017,85.97808622160039,21.470292852412367,1,5274.0,0.0,3445.0,Tropical & Subtropical Moist Broadleaf Forests,East Deccan moist deciduous forests
2017,86.50796685863794,22.14015098997419,1,5274.0,0.0,3445.0,Tropical & Subtropical Moist Broadleaf Forests,East Deccan moist deciduous forests
2017,86.27677038458717,21.27013517001106,1,5274.0,0.0,3445.0,Tropical & Subtropical Moist Broadleaf Forests,East Deccan moist deciduous forests
2017,88.80391081323171,21.76605465229908,1,1440.0,715.0,1328.0,Mangroves,Sundarbans mangroves
2018,80.63683246466013,23.52118678020086,1,500.0,0.0,240.0,Tropical & Subtropical Dry Broadleaf Forests,Narmada Valley dry deciduous forests
2018,93.33176485549063,26.676776817811003,1,188.0,184.0,81.0,Tropical & Subtropical Moist Broadleaf Forests,Brahmaputra Valley semi-evergreen forests
2018,92.22044780459032,23.676858605312145,1,33.0,0.0,5.0,Tropical & Subtropical Moist Broadleaf Forests,Mizoram-Manipur-Kachin rain forests
2018,92.43604593531389,22.89173739596778,1,99.0,0.0,36.0,Tropical & Subtropical Moist Broadleaf Forests,Mizoram-Manipur-Kachin rain forests
2018,76.50923961606601,24.502091839512804,1,1134.0,0.0,439.0,Tropical & Subtropical Dry Broadleaf Forests,Khathiar-Gir dry deciduous forests
2018,83.50607720492879,23.306827244880118,1,13845.0,0.0,9319.0,Tropical & Subtropical Dry Broadleaf Forests,Chhota-Nagpur dry deciduous forests
2018,82.49093747498272,23.387044507444575,1,13845.0,0.0,9319.0,Tropical & Subtropical Dry Broadleaf Forests,Chhota-Nagpur dry deciduous forests
2018,81.67027320025588,23.83969588990279,1,13845.0,0.0,9319.0,Tropical & Subtropical Dry Broadleaf Forests,Chhota-Nagpur dry deciduous forests
2018,81.76982897446557,23.691501749906436,1,13845.0,0.0,9319.0,Tropical & Subtropical Dry Broadleaf Forests,Chhota-Nagpur dry deciduous forests
2018,82.90630136516778,23.69985743116157,1,13845.0,0.0,9319.0,Tropical & Subtropical Dry Broadleaf Forests,Chhota-Nagpur dry deciduous forests
2018,82.41052817849021,23.316647082062648,1,13845.0,0.0,9319.0,Tropical & Subtropical Dry Broadleaf Forests,Chhota-Nagpur dry deciduous forests
2018,82.14091272854562,23.383060351626465,1,13845.0,0.0,9319.0,Tropical & Subtropical Dry Broadleaf Forests,Chhota-Nagpur dry deciduous forests
2018,82.15532833569513,23.36014886407819,1,13845.0,0.0,9319.0,Tropical & Subtropical Dry Broadleaf Forests,Chhota-Nagpur dry deciduous forests
2018,81.81271066923058,23.59256603660405,1,13845.0,0.0,9319.0,Tropical & Subtropical Dry Broadleaf Forests,Chhota-Nagpur dry deciduous forests
2018,82.89257471452628,23.906480573530505,1,42.0,0.0,27.0,Tropical & Subtropical Dry Broadleaf Forests,Chhota-Nagpur dry deciduous forests
2018,81.8168896009152,23.873412027778503,1,2388.0,0.0,1563.0,Tropical & Subtropical Dry Broadleaf Forests,Narmada Valley dry deciduous forests
2018,83.81709844972133,23.598606470224365,1,103.0,0.0,77.0,Tropical & Subtropical Dry Broadleaf Forests,Chhota-Nagpur dry deciduous forests
2018,78.43272370518822,21.050525612318253,1,465.0,0.0,195.0,Tropical & Subtropical Dry Broadleaf Forests,Central Deccan Plateau dry deciduous forests
2018,76.58114602558604,26.03484234640677,1,463.0,0.0,247.0,Tropical & Subtropical Dry Broadleaf Forests,Khathiar-Gir dry deciduous forests
2018,86.44385138939941,22.075181682648655,1,5234.0,0.0,3390.0,Tropical & Subtropical Moist Broadleaf Forests,East Deccan moist deciduous forests
2018,86.28391164346337,21.95916040078581,1,5234.0,0.0,3390.0,Tropical & Subtropical Moist Broadleaf Forests,East Deccan moist deciduous forests
2018,86.15240324304375,21.80061058422669,1,5234.0,0.0,3390.0,Tropical & Subtropical Moist Broadleaf Forests,East Deccan moist deciduous forests
2018,93.54249831841956,26.101327973897753,1,15769.0,3.0,10892.0,Tropical & Subtropical Moist Broadleaf Forests,Meghalaya subtropical forests
2018,93.18990659982077,26.23952523149207,1,15769.0,3.0,10892.0,Tropical & Subtropical Moist Broadleaf Forests,Meghalaya subtropical forests
2018,93.29673898729706,26.355550290803734,1,15769.0,3.0,10892.0,Tropical & Subtropical Moist Broadleaf Forests,Meghalaya subtropical forests
2018,92.47105554787603,25.973645040733892,1,15769.0,3.0,10892.0,Tropical & Subtropical Moist Broadleaf Forests,Meghalaya subtropical forests
2018,93.0254956803046,25.622776132268534,1,15769.0,3.0,10892.0,Tropical & Subtropical Moist Broadleaf Forests,Meghalaya subtropical forests
2018,92.82921302617801,25.596687353564572,1,15769.0,3.0,10892.0,Tropical & Subtropical Moist Broadleaf Forests,Meghalaya subtropical forests
2018,92.55035542157704,26.015183866952327,1,15769.0,3.0,10892.0,Tropical & Subtropical Moist Broadleaf Forests,Meghalaya subtropical forests
2018,93.03843576369911,25.541237522712763,1,15769.0,3.0,10892.0,Tropical & Subtropical Moist Broadleaf Forests,Meghalaya subtropical forests
2018,93.38576710392826,26.2690930844704,1,15769.0,3.0,10892.0,Tropical & Subtropical Moist Broadleaf Forests,Meghalaya subtropical forests
2018,93.10598854779262,26.467999692633082,1,15769.0,3.0,10892.0,Tropical & Subtropical Moist Broadleaf Forests,Meghalaya subtropical forests
2018,93.42071969365075,25.453986543636148,1,42.0,0.0,33.0,Tropical & Subtropical Moist Broadleaf Forests,Mizoram-Manipur-Kachin rain forests
2018,93.25823500910093,24.94831196510063,1,44.0,0.0,41.0,Tropical & Subtropical Moist Broadleaf Forests,Mizoram-Manipur-Kachin rain forests
2018,92.59172442064856,25.505788129278066,1,167.0,0.0,142.0,Tropical & Subtropical Moist Broadleaf Forests,Meghalaya subtropical forests
2018,76.2904914125874,27.337591818474763,1,1593.0,0.0,863.0,Tropical & Subtropical Dry Broadleaf Forests,Khathiar-Gir dry deciduous forests
2018,77.22216417035884,21.97711545450669,1,10517.0,0.0,6232.0,Tropical & Subtropical Moist Broadleaf Forests,East Deccan moist deciduous forests
2018,78.23370292762796,22.082324437085582,1,10517.0,0.0,6232.0,Tropical & Subtropical Moist Broadleaf Forests,East Deccan moist deciduous forests
2018,77.28092657007879,22.102409063561847,1,10517.0,0.0,6232.0,Tropical & Subtropical Moist Broadleaf Forests,East Deccan moist deciduous forests
2018,78.72992709321191,22.51055016692672,1,10517.0,0.0,6232.0,Tropical & Subtropical Moist Broadleaf Forests,East Deccan moist deciduous forests
2018,77.15684218545286,22.030748197159514,1,10517.0,0.0,6232.0,Tropical & Subtropical Moist Broadleaf Forests,East Deccan moist deciduous forests
2018,78.35244765849588,22.323765530611997,1,10517.0,0.0,6232.0,Tropical & Subtropical Moist Broadleaf Forests,East Deccan moist deciduous forests
2018,78.37703533570502,22.602309832796756,1,10517.0,0.0,6232.0,Tropical & Subtropical Moist Broadleaf Forests,East Deccan moist deciduous forests
2018,76.79443494788761,21.35304996851337,1,3927.0,0.0,2544.0,Tropical & Subtropical Dry Broadleaf Forests,Narmada Valley dry deciduous forests
2018,77.18555022172964,21.38233339812644,1,3927.0,0.0,2544.0,Tropical & Subtropical Dry Broadleaf Forests,Narmada Valley dry deciduous forests
2018,88.93727466682364,22.19272493617602,1,1439.0,715.0,1326.0,Mangroves,Sundarbans mangroves
2018,78.90394665002002,19.635667625747768,1,5856.0,0.0,3536.0,Tropical & Subtropical Moist Broadleaf Forests,East Deccan moist deciduous forests
2018,79.23560195473279,18.989218182534987,1,5856.0,0.0,3536.0,Tropical & Subtropical Moist Broadleaf Forests,East Deccan moist deciduous forests
2018,78.32439265064482,19.602793019860528,1,5856.0,0.0,3536.0,Tropical & Subtropical Moist Broadleaf Forests,East Deccan moist deciduous forests
2018,78.61959393698015,19.588592823261646,1,5856.0,0.0,3536.0,Tropical & Subtropical Moist Broadleaf Forests,East Deccan moist deciduous forests
2018,79.04944965680325,19.62942907286734,1,387.0,0.0,170.0,Tropical & Subtropical Moist Broadleaf Forests,East Deccan moist deciduous forests
2018,78.92541516511676,15.61008502073709,1,7440.0,0.0,5308.0,Tropical & Subtropical Dry Broadleaf Forests,Central Deccan Plateau dry deciduous forests
2018,79.40564595072323,16.228901519561525,1,7440.0,0.0,5308.0,Tropical & Subtropical Dry Broadleaf Forests,Central Deccan Plateau dry deciduous forests
2018,78.81106414321586,15.169525210005617,1,7440.0,0.0,5308.0,Tropical & Subtropical Dry Broadleaf Forests,Central Deccan Plateau dry deciduous forests
2018,79.03833121510836,16.0790165607637,1,7440.0,0.0,5308.0,Tropical & Subtropical Dry Broadleaf Forests,Central Deccan Plateau dry deciduous forests
2018,79.01013423624686,16.334824710893905,1,1726.0,0.0,1298.0,Tropical & Subtropical Dry Broadleaf Forests,Central Deccan Plateau dry deciduous forests
2018,84.23740313827837,27.322761454424388,1,907.0,14.0,654.0,Tropical & Subtropical Moist Broadleaf Forests,Himalayan subtropical broadleaf forests
2018,78.74632628961493,29.630953437573847,1,14609.0,0.0,8212.0,Tropical & Subtropical Coniferous Forests,Himalayan subtropical pine forests
2018,80.04323838034124,29.120853442074015,1,14609.0,0.0,8212.0,Tropical & Subtropical Coniferous Forests,Himalayan subtropical pine forests
2018,78.33420069712568,29.97971454417066,1,14609.0,0.0,8212.0,Tropical & Subtropical Coniferous Forests,Himalayan subtropical pine forests
2018,78.6468787584815,29.82838408086114,1,14609.0,0.0,8212.0,Tropical & Subtropical Coniferous Forests,Himalayan subtropical pine forests
2018,79.84111539212842,29.278351145910428,1,14609.0,0.0,8212.0,Tropical & Subtropical Coniferous Forests,Himalayan subtropical pine forests
2018,78.4676425106267,30.145120430072797,1,14609.0,0.0,8212.0,Tropical & Subtropical Coniferous Forests,Himalayan subtropical pine forests
2018,78.69792555203166,29.529048987561907,1,14609.0,0.0,8212.0,Tropical & Subtropical Coniferous Forests,Himalayan subtropical pine forests
2018,78.57255269183969,29.899470478203135,1,14609.0,0.0,8212.0,Tropical & Subtropical Coniferous Forests,Himalayan subtropical pine forests
2018,78.52929469931946,30.056923338112387,1,14609.0,0.0,8212.0,Tropical & Subtropical Coniferous Forests,Himalayan subtropical pine forests
2018,79.4225880397624,29.25173236739029,1,14609.0,0.0,8212.0,Tropical & Subtropical Coniferous Forests,Himalayan subtropical pine forests
2018,80.72096737016005,28.48886493885074,1,1652.0,0.0,905.0,Tropical & Subtropical Moist Broadleaf Forests,Himalayan subtropical broadleaf forests
2018,76.65067330417466,22.452378528113083,1,4125.0,0.0,1908.0,Tropical & Subtropical Dry Broadleaf Forests,Narmada Valley dry deciduous forests
2018,76.62768800023755,22.403339976716854,1,4125.0,0.0,1908.0,Tropical & Subtropical Dry Broadleaf Forests,Narmada Valley dry deciduous forests
2018,76.84476273258635,22.796883380156544,1,4125.0,0.0,1908.0,Tropical & Subtropical Dry Broadleaf Forests,Narmada Valley dry deciduous forests
2018,78.10661146356401,30.061908807952026,1,648.0,0.0,381.0,Tropical & Subtropical Moist Broadleaf Forests,Upper Gangetic Plains moist deciduous forests
2018,79.14639344893331,14.626987737851447,1,7848.0,0.0,5130.0,Deserts & Xeric Shrublands,Deccan thorn scrub forests
2018,78.63644468103624,14.423808979108543,1,7848.0,0.0,5130.0,Deserts & Xeric Shrublands,Deccan thorn scrub forests
2018,79.05626561974658,15.055987483228167,1,7848.0,0.0,5130.0,Deserts & Xeric Shrublands,Deccan thorn scrub forests
2018,79.07616081602171,14.998080874032055,1,7848.0,0.0,5130.0,Deserts & Xeric Shrublands,Deccan thorn scrub forests
2018,79.37617502326285,13.559179414754862,1,7848.0,0.0,5130.0,Deserts & Xeric Shrublands,Deccan thorn scrub forests
2018,80.87077654741951,25.096912286554044,1,89.0,0.0,69.0,Tropical & Subtropical Moist Broadleaf Forests,Upper Gangetic Plains moist deciduous forests
2018,79.60504454923408,24.296920856929816,1,6852.0,0.0,3691.0,Tropical & Subtropical Dry Broadleaf Forests,Narmada Valley dry deciduous forests
2018,79.55204091879385,24.37684342307933,1,6852.0,0.0,3691.0,Tropical & Subtropical Dry Broadleaf Forests,Narmada Valley dry deciduous forests
2018,80.54558293474983,24.970104833236693,1,6852.0,0.0,3691.0,Tropical & Subtropical Dry Broadleaf Forests,Narmada Valley dry deciduous forests
2018,79.4861275165319,24.412272423811135,1,6852.0,0.0,3691.0,Tropical & Subtropical Dry Broadleaf Forests,Narmada Valley dry deciduous forests
2018,79.71502649936191,20.312373290988063,1,3878.0,0.0,2333.0,Tropical & Subtropical Dry Broadleaf Forests,Central Deccan Plateau dry deciduous forests
2018,79.5524570412702,20.12233067832859,1,3878.0,0.0,2333.0,Tropical & Subtropical Dry Broadleaf Forests,Central Deccan Plateau dry deciduous forests
2018,78.86911153017482,14.610341467865263,1,595.0,0.0,414.0,Tropical & Subtropical Dry Broadleaf Forests,Central Deccan Plateau dry deciduous forests
2018,80.03508298625701,28.776628893987876,1,6.0,0.0,2.0,Tropical & Subtropical Moist Broadleaf Forests,Upper Gangetic Plains moist deciduous forests
2018,80.24132826356873,28.496760658610842,1,933.0,0.0,405.0,Tropical & Subtropical Moist Broadleaf Forests,Upper Gangetic Plains moist deciduous forests
2018,81.19263703066625,23.48591615666136,1,3523.0,0.0,1909.0,Tropical & Subtropical Dry Broadleaf Forests,Narmada Valley dry deciduous forests
2018,81.30034660008027,23.918772300759212,1,3523.0,0.0,1909.0,Tropical & Subtropical Dry Broadleaf Forests,Narmada Valley dry deciduous forests
2018,77.36880030460468,10.106391184987213,1,2958.0,69.0,1779.0,Tropical & Subtropical Moist Broadleaf Forests,South Western Ghats moist deciduous forests
2018,77.75614578655856,10.384201903102099,1,2958.0,69.0,1779.0,Tropical & Subtropical Moist Broadleaf Forests,South Western Ghats moist deciduous forests
2018,76.70645453338786,10.151058979075204,1,2954.0,209.0,2089.0,Tropical & Subtropical Moist Broadleaf Forests,South Western Ghats montane rain forests
2018,76.91602593090978,10.102181699625476,1,2954.0,209.0,2089.0,Tropical & Subtropical Moist Broadleaf Forests,South Western Ghats montane rain forests
2018,77.2374944456615,8.596789399280418,1,3297.0,1684.0,2044.0,Tropical & Subtropical Moist Broadleaf Forests,South Western Ghats moist deciduous forests
2018,77.4462103827702,9.682867414921546,1,3297.0,1684.0,2044.0,Tropical & Subtropical Moist Broadleaf Forests,South Western Ghats moist deciduous forests
2018,77.1241882385286,8.610715458455232,1,3635.0,2486.0,2614.0,Tropical & Subtropical Moist Broadleaf Forests,South Western Ghats montane rain forests
2018,77.18602702337449,9.586972479518924,1,3635.0,2486.0,2614.0,Tropical & Subtropical Moist Broadleaf Forests,South Western Ghats montane rain forests
2018,93.74552511087134,28.358441975087494,1,61089.0,15.0,52959.0,Temperate Broadleaf & Mixed Forests,Eastern Himalayan broadleaf forests
2018,92.84086564375501,27.467792638895425,1,61089.0,15.0,52959.0,Temperate Broadleaf & Mixed Forests,Eastern Himalayan broadleaf forests
2018,96.00154469422672,29.150929667332292,1,61089.0,15.0,52959.0,Temperate Broadleaf & Mixed Forests,Eastern Himalayan broadleaf forests
2018,95.15796902117904,28.700349995440412,1,61089.0,15.0,52959.0,Temperate Broadleaf & Mixed Forests,Eastern Himalayan broadleaf forests
2018,95.61646822740113,29.016540423715668,1,61089.0,15.0,52959.0,Temperate Broadleaf & Mixed Forests,Eastern Himalayan broadleaf forests
2018,94.76115060412964,29.03095652089288,1,61089.0,15.0,52959.0,Temperate Broadleaf & Mixed Forests,Eastern Himalayan broadleaf forests
2018,95.77044614497348,29.24266411847854,1,61089.0,15.0,52959.0,Temperate Broadleaf & Mixed Forests,Eastern Himalayan broadleaf forests
2018,95.8646848019015,28.86792627184852,1,61089.0,15.0,52959.0,Temperate Broadleaf & Mixed Forests,Eastern Himalayan broadleaf forests
2018,93.38660749708438,27.257381498443188,1,61089.0,15.0,52959.0,Temperate Broadleaf & Mixed Forests,Eastern Himalayan broadleaf forests
2018,93.22485123110687,28.200811347574138,1,61089.0,15.0,52959.0,Temperate Broadleaf & Mixed Forests,Eastern Himalayan broadleaf forests
2018,92.69633975313556,27.792551045797662,1,61089.0,15.0,52959.0,Temperate Broadleaf & Mixed Forests,Eastern Himalayan broadleaf forests
2018,94.6547070530419,29.045858433580577,1,61089.0,15.0,52959.0,Temperate Broadleaf & Mixed Forests,Eastern Himalayan broadleaf forests
2018,96.22334184755832,28.895694119975975,1,61089.0,15.0,52959.0,Temperate Broadleaf & Mixed Forests,Eastern Himalayan broadleaf forests
2018,95.30090029987325,28.83494677142231,1,61089.0,15.0,52959.0,Temperate Broadleaf & Mixed Forests,Eastern Himalayan broadleaf forests
2018,91.64612651890411,27.739395368830984,1,61089.0,15.0,52959.0,Temperate Broadleaf & Mixed Forests,Eastern Himalayan broadleaf forests
2018,93.62678078363498,27.820846357375846,1,61089.0,15.0,52959.0,Temperate Broadleaf & Mixed Forests,Eastern Himalayan broadleaf forests
2018,96.93416329071582,28.172332835460246,1,61089.0,15.0,52959.0,Temperate Broadleaf & Mixed Forests,Eastern Himalayan broadleaf forests
2018,93.11738703375637,27.70089754601825,1,61089.0,15.0,52959.0,Temperate Broadleaf & Mixed Forests,Eastern Himalayan broadleaf forests
2018,93.99331022054291,27.551844718119586,1,61089.0,15.0,52959.0,Temperate Broadleaf & Mixed Forests,Eastern Himalayan broadleaf forests
2018,93.96243209253073,27.770000433776485,1,61089.0,15.0,52959.0,Temperate Broadleaf & Mixed Forests,Eastern Himalayan broadleaf forests
2018,94.91423533157982,28.72808210644463,1,61089.0,15.0,52959.0,Temperate Broadleaf & Mixed Forests,Eastern Himalayan broadleaf forests
2018,92.52120124573112,27.06136700733728,1,61089.0,15.0,52959.0,Temperate Broadleaf & Mixed Forests,Eastern Himalayan broadleaf forests
2018,92.6626125893837,27.300894302757534,1,61089.0,15.0,52959.0,Temperate Broadleaf & Mixed Forests,Eastern Himalayan broadleaf forests
2018,95.17812947301246,29.08442004469997,1,61089.0,15.0,52959.0,Temperate Broadleaf & Mixed Forests,Eastern Himalayan broadleaf forests
2018,95.49554216626693,29.055752890869602,1,61089.0,15.0,52959.0,Temperate Broadleaf & Mixed Forests,Eastern Himalayan broadleaf forests
2018,93.26917822903435,27.702651487296677,1,61089.0,15.0,52959.0,Temperate Broadleaf & Mixed Forests,Eastern Himalayan broadleaf forests
2018,92.64463836227418,27.220653704559982,1,61089.0,15.0,52959.0,Temperate Broadleaf & Mixed Forests,Eastern Himalayan broadleaf forests
2018,92.7732748818862,27.07562235937693,1,61089.0,15.0,52959.0,Temperate Broadleaf & Mixed Forests,Eastern Himalayan broadleaf forests
2018,95.71055140124095,29.301916112687493,1,61089.0,15.0,52959.0,Temperate Broadleaf & Mixed Forests,Eastern Himalayan broadleaf forests
2018,94.5214904901282,27.816879531802037,1,61089.0,15.0,52959.0,Temperate Broadleaf & Mixed Forests,Eastern Himalayan broadleaf forests
2018,93.94030577127263,28.579231105057445,1,61089.0,15.0,52959.0,Temperate Broadleaf & Mixed Forests,Eastern Himalayan broadleaf forests
2018,95.19014878998485,28.552587774262076,1,61089.0,15.0,52959.0,Temperate Broadleaf & Mixed Forests,Eastern Himalayan broadleaf forests
2018,94.51869898891785,28.04738181535021,1,61089.0,15.0,52959.0,Temperate Broadleaf & Mixed Forests,Eastern Himalayan broadleaf forests
2018,95.74124276647761,28.847527739944642,1,61089.0,15.0,52959.0,Temperate Broadleaf & Mixed Forests,Eastern Himalayan broadleaf forests
2018,92.96908455316273,27.253484985677233,1,61089.0,15.0,52959.0,Temperate Broadleaf & Mixed Forests,Eastern Himalayan broadleaf forests
2018,94.00713208833264,27.370877231922574,1,61089.0,15.0,52959.0,Temperate Broadleaf & Mixed Forests,Eastern Himalayan broadleaf forests
2018,96.2381897731457,28.383450742580713,1,61089.0,15.0,52959.0,Temperate Broadleaf & Mixed Forests,Eastern Himalayan broadleaf forests
2018,92.9802851281694,27.137430107409006,1,61089.0,15.0,52959.0,Temperate Broadleaf & Mixed Forests,Eastern Himalayan broadleaf forests
2018,93.17903342368848,27.57602136146401,1,61089.0,15.0,52959.0,Temperate Broadleaf & Mixed Forests,Eastern Himalayan broadleaf forests
2018,91.77466948179857,26.821773427783448,1,3546.0,708.0,2365.0,Tropical & Subtropical Moist Broadleaf Forests,Brahmaputra Valley semi-evergreen forests
2018,91.81019924071927,26.846693113529618,1,3546.0,708.0,2365.0,Tropical & Subtropical Moist Broadleaf Forests,Brahmaputra Valley semi-evergreen forests
2018,96.83720214496692,27.42912616910008,1,12942.0,77.0,10503.0,Temperate Broadleaf & Mixed Forests,Eastern Himalayan broadleaf forests
2018,96.22471721502401,28.21629146217021,1,12942.0,77.0,10503.0,Temperate Broadleaf & Mixed Forests,Eastern Himalayan broadleaf forests
2018,95.35004551966648,27.012125700021237,1,12942.0,77.0,10503.0,Temperate Broadleaf & Mixed Forests,Eastern Himalayan broadleaf forests
2018,97.02926027015322,27.192660958008286,1,12942.0,77.0,10503.0,Temperate Broadleaf & Mixed Forests,Eastern Himalayan broadleaf forests
2018,96.4568486751272,27.728076133008525,1,12942.0,77.0,10503.0,Temperate Broadleaf & Mixed Forests,Eastern Himalayan broadleaf forests
2018,96.91225590208772,27.57435519786899,1,12942.0,77.0,10503.0,Temperate Broadleaf & Mixed Forests,Eastern Himalayan broadleaf forests
2018,96.17543765971385,27.37162481772609,1,12942.0,77.0,10503.0,Temperate Broadleaf & Mixed Forests,Eastern Himalayan broadleaf forests
2018,96.10885329931305,27.556200066877345,1,12942.0,77.0,10503.0,Temperate Broadleaf & Mixed Forests,Eastern Himalayan broadleaf forests
2018,89.54784688649455,26.81118766176257,1,1125.0,0.0,640.0,Tropical & Subtropical Moist Broadleaf Forests,Lower Gangetic Plains moist deciduous forests
2018,88.80357722821043,27.249558491220657,1,18.0,1.0,15.0,Temperate Conifer Forests,Eastern Himalayan subalpine conifer forests
2018,95.22294901954982,26.75047495116987,1,29.0,0.0,23.0,Tropical & Subtropical Moist Broadleaf Forests,Brahmaputra Valley semi-evergreen forests
2018,74.26962558465459,15.348456882117539,1,1211.0,0.0,804.0,Tropical & Subtropical Moist Broadleaf Forests,North Western Ghats moist deciduous forests
2018,77.7416817275327,11.972471552706407,1,6161.0,103.0,4075.0,Tropical & Subtropical Moist Broadleaf Forests,South Western Ghats moist deciduous forests
2018,77.0430095278609,11.708039898706453,1,6161.0,103.0,4075.0,Tropical & Subtropical Moist Broadleaf Forests,South Western Ghats moist deciduous forests
2018,77.49712854684287,12.204323170954053,1,6161.0,103.0,4075.0,Tropical & Subtropical Moist Broadleaf Forests,South Western Ghats moist deciduous forests
2018,76.47079528804842,11.405509432534751,1,6161.0,103.0,4075.0,Tropical & Subtropical Moist Broadleaf Forests,South Western Ghats moist deciduous forests
2018,74.1469882201683,16.190774319139035,1,3030.0,290.0,1524.0,Tropical & Subtropical Moist Broadleaf Forests,North Western Ghats montane rain forests
2018,73.9851011776519,15.778474681932773,1,3030.0,290.0,1524.0,Tropical & Subtropical Moist Broadleaf Forests,North Western Ghats montane rain forests
2018,76.60903027957433,10.855902706677954,1,3731.0,547.0,2282.0,Tropical & Subtropical Moist Broadleaf Forests,South Western Ghats montane rain forests
2018,75.73457724772705,11.727752282435558,1,3731.0,547.0,2282.0,Tropical & Subtropical Moist Broadleaf Forests,South Western Ghats montane rain forests
2018,74.48535699541753,14.927487998417377,1,24892.0,1672.0,16322.0,Tropical & Subtropical Moist Broadleaf Forests,North Western Ghats montane rain forests
2018,74.81058573415211,14.294691855165137,1,24892.0,1672.0,16322.0,Tropical & Subtropical Moist Broadleaf Forests,North Western Ghats montane rain forests
2018,75.42379138170809,13.91800847371682,1,24892.0,1672.0,16322.0,Tropical & Subtropical Moist Broadleaf Forests,North Western Ghats montane rain forests
2018,75.15028079069442,13.16325000821097,1,24892.0,1672.0,16322.0,Tropical & Subtropical Moist Broadleaf Forests,North Western Ghats montane rain forests
2018,76.48398230929484,11.695166469229664,1,24892.0,1672.0,16322.0,Tropical & Subtropical Moist Broadleaf Forests,North Western Ghats montane rain forests
2018,74.2282647046394,14.913732871876832,1,24892.0,1672.0,16322.0,Tropical & Subtropical Moist Broadleaf Forests,North Western Ghats montane rain forests
2018,74.39660065653727,14.889960413279429,1,24892.0,1672.0,16322.0,Tropical & Subtropical Moist Broadleaf Forests,North Western Ghats montane rain forests
2018,75.58602889841413,13.43188834927341,1,24892.0,1672.0,16322.0,Tropical & Subtropical Moist Broadleaf Forests,North Western Ghats montane rain forests
2018,74.92012272539523,13.730119843366785,1,24892.0,1672.0,16322.0,Tropical & Subtropical Moist Broadleaf Forests,North Western Ghats montane rain forests
2018,75.08254580371792,13.725877996354377,1,24892.0,1672.0,16322.0,Tropical & Subtropical Moist Broadleaf Forests,North Western Ghats montane rain forests
2018,74.73040146003324,15.19036915472484,1,24892.0,1672.0,16322.0,Tropical & Subtropical Moist Broadleaf Forests,North Western Ghats montane rain forests
2018,76.07601377029069,12.191371962036737,1,24892.0,1672.0,16322.0,Tropical & Subtropical Moist Broadleaf Forests,North Western Ghats montane rain forests
2018,75.84339742111064,12.54427490670941,1,24892.0,1672.0,16322.0,Tropical & Subtropical Moist Broadleaf Forests,North Western Ghats montane rain forests
2018,74.2876509072634,15.687527280827263,1,24892.0,1672.0,16322.0,Tropical & Subtropical Moist Broadleaf Forests,North Western Ghats montane rain forests
2018,74.61664772749536,14.736933316208571,1,24892.0,1672.0,16322.0,Tropical & Subtropical Moist Broadleaf Forests,North Western Ghats montane rain forests
2018,80.93158301118773,19.579850759028247,1,44048.0,0.0,30017.0,Tropical & Subtropical Moist Broadleaf Forests,East Deccan moist deciduous forests
2018,82.90138617701837,22.681903112332403,1,44048.0,0.0,30017.0,Tropical & Subtropical Moist Broadleaf Forests,East Deccan moist deciduous forests
2018,81.22188702447922,19.80247027419521,1,44048.0,0.0,30017.0,Tropical & Subtropical Moist Broadleaf Forests,East Deccan moist deciduous forests
2018,81.1895105553015,18.734186972285535,1,44048.0,0.0,30017.0,Tropical & Subtropical Moist Broadleaf Forests,East Deccan moist deciduous forests
2018,81.19790020339539,22.22027965909674,1,44048.0,0.0,30017.0,Tropical & Subtropical Moist Broadleaf Forests,East Deccan moist deciduous forests
2018,80.56033837534521,18.91384914022964,1,44048.0,0.0,30017.0,Tropical & Subtropical Moist Broadleaf Forests,East Deccan moist deciduous forests
2018,80.78407355686005,19.588187988382554,1,44048.0,0.0,30017.0,Tropical & Subtropical Moist Broadleaf Forests,East Deccan moist deciduous forests
2018,81.27824510077073,18.35665525672231,1,44048.0,0.0,30017.0,Tropical & Subtropical Moist Broadleaf Forests,East Deccan moist deciduous forests
2018,82.29330518330794,20.27886499279106,1,44048.0,0.0,30017.0,Tropical & Subtropical Moist Broadleaf Forests,East Deccan moist deciduous forests
2018,80.61256756626028,18.567541196721585,1,44048.0,0.0,30017.0,Tropical & Subtropical Moist Broadleaf Forests,East Deccan moist deciduous forests
2018,80.38027859515299,18.676810206917867,1,44048.0,0.0,30017.0,Tropical & Subtropical Moist Broadleaf Forests,East Deccan moist deciduous forests
2018,83.31948018195517,22.85879263655436,1,44048.0,0.0,30017.0,Tropical & Subtropical Moist Broadleaf Forests,East Deccan moist deciduous forests
2018,82.21942316067778,20.512212041174536,1,44048.0,0.0,30017.0,Tropical & Subtropical Moist Broadleaf Forests,East Deccan moist deciduous forests
2018,82.00449330110264,22.566180811382495,1,44048.0,0.0,30017.0,Tropical & Subtropical Moist Broadleaf Forests,East Deccan moist deciduous forests
2018,80.9415049842427,21.86436293767224,1,44048.0,0.0,30017.0,Tropical & Subtropical Moist Broadleaf Forests,East Deccan moist deciduous forests
2018,80.8703899765303,18.289819574393235,1,44048.0,0.0,30017.0,Tropical & Subtropical Moist Broadleaf Forests,East Deccan moist deciduous forests
2018,81.31479432941644,18.237420295501558,1,44048.0,0.0,30017.0,Tropical & Subtropical Moist Broadleaf Forests,East Deccan moist deciduous forests
2018,80.45943066923088,18.74136933087933,1,44048.0,0.0,30017.0,Tropical & Subtropical Moist Broadleaf Forests,East Deccan moist deciduous forests
2018,82.20928824593011,20.414175641904773,1,44048.0,0.0,30017.0,Tropical & Subtropical Moist Broadleaf Forests,East Deccan moist deciduous forests
2018,81.49242137132175,22.459338733497017,1,44048.0,0.0,30017.0,Tropical & Subtropical Moist Broadleaf Forests,East Deccan moist deciduous forests
2018,80.88510109111108,19.152532742635604,1,44048.0,0.0,30017.0,Tropical & Subtropical Moist Broadleaf Forests,East Deccan moist deciduous forests
2018,80.73969125951031,21.525048363699963,1,44048.0,0.0,30017.0,Tropical & Subtropical Moist Broadleaf Forests,East Deccan moist deciduous forests
2018,81.63500284565605,22.54301339591955,1,44048.0,0.0,30017.0,Tropical & Subtropical Moist Broadleaf Forests,East Deccan moist deciduous forests
2018,83.04699016660254,22.781668184908057,1,44048.0,0.0,30017.0,Tropical & Subtropical Moist Broadleaf Forests,East Deccan moist deciduous forests
2018,82.14869050191881,20.506720543375696,1,44048.0,0.0,30017.0,Tropical & Subtropical Moist Broadleaf Forests,East Deccan moist deciduous forests
2018,82.28795922797792,22.780520515425223,1,44048.0,0.0,30017.0,Tropical & Subtropical Moist Broadleaf Forests,East Deccan moist deciduous forests
2018,81.13208494913714,20.074942786023584,1,44048.0,0.0,30017.0,Tropical & Subtropical Moist Broadleaf Forests,East Deccan moist deciduous forests
2018,80.3183836587574,18.62064730172053,1,167.0,0.0,100.0,Tropical & Subtropical Moist Broadleaf Forests,East Deccan moist deciduous forests
2018,82.43461573307007,20.407869613100342,1,120.0,0.0,91.0,Tropical & Subtropical Dry Broadleaf Forests,North Deccan dry deciduous forests
2018,79.53667579159105,21.72990402176788,1,11955.0,0.0,7814.0,Tropical & Subtropical Moist Broadleaf Forests,East Deccan moist deciduous forests
2018,79.71493398921882,21.842520296564203,1,11955.0,0.0,7814.0,Tropical & Subtropical Moist Broadleaf Forests,East Deccan moist deciduous forests
2018,81.03000577281375,22.483932010833183,1,11955.0,0.0,7814.0,Tropical & Subtropical Moist Broadleaf Forests,East Deccan moist deciduous forests
2018,81.36631165883222,22.652696733936327,1,11955.0,0.0,7814.0,Tropical & Subtropical Moist Broadleaf Forests,East Deccan moist deciduous forests
2018,79.62619001500141,21.67969815516515,1,11955.0,0.0,7814.0,Tropical & Subtropical Moist Broadleaf Forests,East Deccan moist deciduous forests
2018,80.2658424958852,22.387921029063925,1,11955.0,0.0,7814.0,Tropical & Subtropical Moist Broadleaf Forests,East Deccan moist deciduous forests
2018,81.41828550638887,22.59833714075386,1,11955.0,0.0,7814.0,Tropical & Subtropical Moist Broadleaf Forests,East Deccan moist deciduous forests
2018,79.55285190998868,21.477267054932902,1,16032.0,0.0,11190.0,Tropical & Subtropical Dry Broadleaf Forests,Central Deccan Plateau dry deciduous forests
2018,80.34565535147254,21.16469496233712,1,16032.0,0.0,11190.0,Tropical & Subtropical Dry Broadleaf Forests,Central Deccan Plateau dry deciduous forests
2018,79.97522467962142,18.991993250564555,1,16032.0,0.0,11190.0,Tropical & Subtropical Dry Broadleaf Forests,Central Deccan Plateau dry deciduous forests
2018,79.86402297294185,19.881190482981324,1,16032.0,0.0,11190.0,Tropical & Subtropical Dry Broadleaf Forests,Central Deccan Plateau dry deciduous forests
2018,80.44427221133023,19.368423935256818,1,16032.0,0.0,11190.0,Tropical & Subtropical Dry Broadleaf Forests,Central Deccan Plateau dry deciduous forests
2018,80.0598109713309,18.83484314556906,1,16032.0,0.0,11190.0,Tropical & Subtropical Dry Broadleaf Forests,Central Deccan Plateau dry deciduous forests
2018,80.09529230473817,18.92200538958738,1,16032.0,0.0,11190.0,Tropical & Subtropical Dry Broadleaf Forests,Central Deccan Plateau dry deciduous forests
2018,80.63514939113617,19.45756684307598,1,16032.0,0.0,11190.0,Tropical & Subtropical Dry Broadleaf Forests,Central Deccan Plateau dry deciduous forests
2018,79.96877113490345,19.87407489785432,1,16032.0,0.0,11190.0,Tropical & Subtropical Dry Broadleaf Forests,Central Deccan Plateau dry deciduous forests
2018,80.22931645178853,20.75066531581239,1,16032.0,0.0,11190.0,Tropical & Subtropical Dry Broadleaf Forests,Central Deccan Plateau dry deciduous forests
2019,93.51033522891392,26.68762511375856,1,206.0,197.0,95.0,Tropical & Subtropical Moist Broadleaf Forests,Brahmaputra Valley semi-evergreen forests
2019,93.48251776993703,26.17793958458219,1,15712.0,3.0,11009.0,Tropical & Subtropical Moist Broadleaf Forests,Meghalaya subtropical forests
2019,93.10019524005864,25.42834261841344,1,15712.0,3.0,11009.0,Tropical & Subtropical Moist Broadleaf Forests,Meghalaya subtropical forests
2019,93.09585242924972,25.760854906167026,1,15712.0,3.0,11009.0,Tropical & Subtropical Moist Broadleaf Forests,Meghalaya subtropical forests
2019,92.24096925596832,25.76210968731096,1,15712.0,3.0,11009.0,Tropical & Subtropical Moist Broadleaf Forests,Meghalaya subtropical forests
2019,93.17403149133104,25.860017996801112,1,15712.0,3.0,11009.0,Tropical & Subtropical Moist Broadleaf Forests,Meghalaya subtropical forests
2019,93.35407457630123,26.085249514289192,1,15712.0,3.0,11009.0,Tropical & Subtropical Moist Broadleaf Forests,Meghalaya subtropical forests
2019,93.57655174576496,26.52296383209764,1,15712.0,3.0,11009.0,Tropical & Subtropical Moist Broadleaf Forests,Meghalaya subtropical forests
2019,93.35014790947731,25.558457284077466,1,15712.0,3.0,11009.0,Tropical & Subtropical Moist Broadleaf Forests,Meghalaya subtropical forests
2019,93.47191309092474,25.31935381823353,1,42.0,0.0,34.0,Tropical & Subtropical Moist Broadleaf Forests,Mizoram-Manipur-Kachin rain forests
2019,93.34367343093885,25.119351159066955,1,44.0,0.0,41.0,Tropical & Subtropical Moist Broadleaf Forests,Mizoram-Manipur-Kachin rain forests
2019,92.41315764359554,25.611380306079173,1,167.0,0.0,142.0,Tropical & Subtropical Moist Broadleaf Forests,Meghalaya subtropical forests
2019,94.29895910695839,28.376387626349587,1,61073.0,15.0,52872.0,Temperate Broadleaf & Mixed Forests,Eastern Himalayan broadleaf forests
2019,96.41462750500318,28.930620859915233,1,61073.0,15.0,52872.0,Temperate Broadleaf & Mixed Forests,Eastern Himalayan broadleaf forests
2019,93.75258023021104,27.631403695873924,1,61073.0,15.0,52872.0,Temperate Broadleaf & Mixed Forests,Eastern Himalayan broadleaf forests
2019,94.16549707317142,28.08447039891379,1,61073.0,15.0,52872.0,Temperate Broadleaf & Mixed Forests,Eastern Himalayan broadleaf forests
2019,97.15145759352798,28.31218860880094,1,61073.0,15.0,52872.0,Temperate Broadleaf & Mixed Forests,Eastern Himalayan broadleaf forests
2019,93.3392345603198,27.186570495313816,1,61073.0,15.0,52872.0,Temperate Broadleaf & Mixed Forests,Eastern Himalayan broadleaf forests
2019,94.18474940124148,28.167996982303258,1,61073.0,15.0,52872.0,Temperate Broadleaf & Mixed Forests,Eastern Himalayan broadleaf forests
2019,94.96183185580921,29.046278478948878,1,61073.0,15.0,52872.0,Temperate Broadleaf & Mixed Forests,Eastern Himalayan broadleaf forests
2019,96.20158229466367,29.175757686610417,1,61073.0,15.0,52872.0,Temperate Broadleaf & Mixed Forests,Eastern Himalayan broadleaf forests
2019,94.65755112497476,28.530198220985042,1,61073.0,15.0,52872.0,Temperate Broadleaf & Mixed Forests,Eastern Himalayan broadleaf forests
2019,93.65343923840213,27.32135049623931,1,61073.0,15.0,52872.0,Temperate Broadleaf & Mixed Forests,Eastern Himalayan broadleaf forests
2019,96.34423571771852,28.955705656291435,1,61073.0,15.0,52872.0,Temperate Broadleaf & Mixed Forests,Eastern Himalayan broadleaf forests
2019,95.1395884448448,28.09888769125532,1,61073.0,15.0,52872.0,Temperate Broadleaf & Mixed Forests,Eastern Himalayan broadleaf forests
2019,93.31400348561048,27.29424529820512,1,61073.0,15.0,52872.0,Temperate Broadleaf & Mixed Forests,Eastern Himalayan broadleaf forests
2019,93.81349849485241,27.96750257639591,1,61073.0,15.0,52872.0,Temperate Broadleaf & Mixed Forests,Eastern Himalayan broadleaf forests
2019,95.06665433695136,28.991224725143496,1,61073.0,15.0,52872.0,Temperate Broadleaf & Mixed Forests,Eastern Himalayan broadleaf forests
2019,97.10348249742509,28.2870501372448,1,61073.0,15.0,52872.0,Temperate Broadleaf & Mixed Forests,Eastern Himalayan broadleaf forests
2019,93.96859694672047,28.455737143093586,1,61073.0,15.0,52872.0,Temperate Broadleaf & Mixed Forests,Eastern Himalayan broadleaf forests
2019,95.2263651821395,29.06680455086712,1,61073.0,15.0,52872.0,Temperate Broadleaf & Mixed Forests,Eastern Himalayan broadleaf forests
2019,96.98433798971854,28.18032608173902,1,61073.0,15.0,52872.0,Temperate Broadleaf & Mixed Forests,Eastern Himalayan broadleaf forests
2019,94.61585063629374,28.142991146369827,1,61073.0,15.0,52872.0,Temperate Broadleaf & Mixed Forests,Eastern Himalayan broadleaf forests
2019,94.91054632143046,27.752301051382947,1,61073.0,15.0,52872.0,Temperate Broadleaf & Mixed Forests,Eastern Himalayan broadleaf forests
2019,93.93039214823244,27.723518945656078,1,61073.0,15.0,52872.0,Temperate Broadleaf & Mixed Forests,Eastern Himalayan broadleaf forests
2019,97.13457417266017,28.256813199335156,1,61073.0,15.0,52872.0,Temperate Broadleaf & Mixed Forests,Eastern Himalayan broadleaf forests
2019,95.40981659535234,28.98776028214909,1,61073.0,15.0,52872.0,Temperate Broadleaf & Mixed Forests,Eastern Himalayan broadleaf forests
2019,95.93568664487547,29.30717087309302,1,61073.0,15.0,52872.0,Temperate Broadleaf & Mixed Forests,Eastern Himalayan broadleaf forests
2019,93.40445394556212,28.023019213117465,1,61073.0,15.0,52872.0,Temperate Broadleaf & Mixed Forests,Eastern Himalayan broadleaf forests
2019,93.45904778419619,27.324892758275556,1,61073.0,15.0,52872.0,Temperate Broadleaf & Mixed Forests,Eastern Himalayan broadleaf forests
2019,94.24963071008877,27.910225313776326,1,61073.0,15.0,52872.0,Temperate Broadleaf & Mixed Forests,Eastern Himalayan broadleaf forests
2019,94.57438642743169,27.847414102090184,1,61073.0,15.0,52872.0,Temperate Broadleaf & Mixed Forests,Eastern Himalayan broadleaf forests
2019,96.2506742528397,28.310413148282606,1,61073.0,15.0,52872.0,Temperate Broadleaf & Mixed Forests,Eastern Himalayan broadleaf forests
2019,92.71730954037629,26.969042804148604,1,3564.0,709.0,2387.0,Tropical & Subtropical Moist Broadleaf Forests,Brahmaputra Valley semi-evergreen forests
2019,90.85621340456655,26.69917819636746,1,3564.0,709.0,2387.0,Tropical & Subtropical Moist Broadleaf Forests,Brahmaputra Valley semi-evergreen forests
2019,96.40953473369862,28.08402024846483,1,12952.0,77.0,10484.0,Temperate Broadleaf & Mixed Forests,Eastern Himalayan broadleaf forests
2019,96.26907930226236,27.565121165291238,1,12952.0,77.0,10484.0,Temperate Broadleaf & Mixed Forests,Eastern Himalayan broadleaf forests
2019,96.95663211734532,27.821687236630023,1,12952.0,77.0,10484.0,Temperate Broadleaf & Mixed Forests,Eastern Himalayan broadleaf forests
2019,96.15893474914748,27.688673221393902,1,12952.0,77.0,10484.0,Temperate Broadleaf & Mixed Forests,Eastern Himalayan broadleaf forests
2019,95.50876331662539,27.173546319177053,1,12952.0,77.0,10484.0,Temperate Broadleaf & Mixed Forests,Eastern Himalayan broadleaf forests
2019,95.28506598932121,27.008453005221355,1,12952.0,77.0,10484.0,Temperate Broadleaf & Mixed Forests,Eastern Himalayan broadleaf forests
2019,96.81975413889367,27.599799109616136,1,12952.0,77.0,10484.0,Temperate Broadleaf & Mixed Forests,Eastern Himalayan broadleaf forests
2019,89.54060008165861,26.632717831925845,1,1143.0,0.0,638.0,Tropical & Subtropical Moist Broadleaf Forests,Lower Gangetic Plains moist deciduous forests
2019,92.12303992235968,23.704233884261242,1,35.0,0.0,5.0,Tropical & Subtropical Moist Broadleaf Forests,Mizoram-Manipur-Kachin rain forests
2019,88.75368098007331,27.158922795637032,1,18.0,1.0,15.0,Temperate Conifer Forests,Eastern Himalayan subalpine conifer forests
2019,92.47237325472855,22.797746597488192,1,100.0,0.0,49.0,Tropical & Subtropical Moist Broadleaf Forests,Mizoram-Manipur-Kachin rain forests
2019,95.22355991494125,26.762315171779708,1,29.0,0.0,23.0,Tropical & Subtropical Moist Broadleaf Forests,Brahmaputra Valley semi-evergreen forests
2019,73.79075672247373,17.53259584944552,1,2588.0,277.0,1179.0,Tropical & Subtropical Moist Broadleaf Forests,North Western Ghats montane rain forests
2019,74.19047281999421,15.072390234528585,1,1204.0,0.0,791.0,Tropical & Subtropical Moist Broadleaf Forests,North Western Ghats moist deciduous forests
2019,76.58354004523268,11.459514869305266,1,6212.0,103.0,4109.0,Tropical & Subtropical Moist Broadleaf Forests,South Western Ghats moist deciduous forests
2019,76.31109379047263,11.512065990543341,1,6212.0,103.0,4109.0,Tropical & Subtropical Moist Broadleaf Forests,South Western Ghats moist deciduous forests
2019,77.21370937580063,11.562292222521556,1,6212.0,103.0,4109.0,Tropical & Subtropical Moist Broadleaf Forests,South Western Ghats moist deciduous forests
2019,73.80801033841377,16.402128352601963,1,3291.0,304.0,1638.0,Tropical & Subtropical Moist Broadleaf Forests,North Western Ghats montane rain forests
2019,73.90511359628317,15.896785178989264,1,3291.0,304.0,1638.0,Tropical & Subtropical Moist Broadleaf Forests,North Western Ghats montane rain forests
2019,75.20579803438125,12.502371483242994,1,3883.0,546.0,2261.0,Tropical & Subtropical Moist Broadleaf Forests,South Western Ghats montane rain forests
2019,75.74294055717704,11.72696869483585,1,3883.0,546.0,2261.0,Tropical & Subtropical Moist Broadleaf Forests,South Western Ghats montane rain forests
2019,75.65497314729159,12.51499781054407,1,24513.0,1672.0,16050.0,Tropical & Subtropical Moist Broadleaf Forests,North Western Ghats montane rain forests
2019,74.56986697838882,15.33292748349188,1,24513.0,1672.0,16050.0,Tropical & Subtropical Moist Broadleaf Forests,North Western Ghats montane rain forests
2019,74.54602627788348,14.259037594423495,1,24513.0,1672.0,16050.0,Tropical & Subtropical Moist Broadleaf Forests,North Western Ghats montane rain forests
2019,76.45630363897853,11.667467954863541,1,24513.0,1672.0,16050.0,Tropical & Subtropical Moist Broadleaf Forests,North Western Ghats montane rain forests
2019,75.61238900704011,13.20670039834906,1,24513.0,1672.0,16050.0,Tropical & Subtropical Moist Broadleaf Forests,North Western Ghats montane rain forests
2019,75.65672052236263,12.582498032553163,1,24513.0,1672.0,16050.0,Tropical & Subtropical Moist Broadleaf Forests,North Western Ghats montane rain forests
2019,76.66360838899017,11.664395048268714,1,24513.0,1672.0,16050.0,Tropical & Subtropical Moist Broadleaf Forests,North Western Ghats montane rain forests
2019,74.57107098512539,14.827517842592751,1,24513.0,1672.0,16050.0,Tropical & Subtropical Moist Broadleaf Forests,North Western Ghats montane rain forests
2019,75.53622790760465,12.860113437143726,1,24513.0,1672.0,16050.0,Tropical & Subtropical Moist Broadleaf Forests,North Western Ghats montane rain forests
2019,74.71675549855243,14.244660579501463,1,24513.0,1672.0,16050.0,Tropical & Subtropical Moist Broadleaf Forests,North Western Ghats montane rain forests
2019,75.57540087115142,21.580756899830035,1,3254.0,0.0,1777.0,Tropical & Subtropical Dry Broadleaf Forests,Narmada Valley dry deciduous forests
2019,76.10864069905271,21.53100982656527,1,3254.0,0.0,1777.0,Tropical & Subtropical Dry Broadleaf Forests,Narmada Valley dry deciduous forests
2019,75.97636437637587,21.33924437605416,1,898.0,0.0,491.0,Tropical & Subtropical Dry Broadleaf Forests,Narmada Valley dry deciduous forests
2019,76.388193176101,24.355446224572653,1,1148.0,0.0,450.0,Tropical & Subtropical Dry Broadleaf Forests,Khathiar-Gir dry deciduous forests
2019,76.51447696080291,27.29896147177005,1,1484.0,0.0,817.0,Tropical & Subtropical Dry Broadleaf Forests,Khathiar-Gir dry deciduous forests
2019,76.41468129759484,25.964835317014504,1,465.0,0.0,251.0,Tropical & Subtropical Dry Broadleaf Forests,Khathiar-Gir dry deciduous forests
2019,77.55919696924063,10.262936429462483,1,2854.0,69.0,1760.0,Tropical & Subtropical Moist Broadleaf Forests,South Western Ghats moist deciduous forests
2019,77.10388584002848,10.119253925894084,1,2915.0,209.0,2054.0,Tropical & Subtropical Moist Broadleaf Forests,South Western Ghats montane rain forests
2019,76.58996483426081,20.38441734573412,1,528.0,0.0,245.0,Tropical & Subtropical Dry Broadleaf Forests,Central Deccan Plateau dry deciduous forests
2019,76.30729157318493,22.36364132774115,1,4004.0,0.0,1893.0,Tropical & Subtropical Dry Broadleaf Forests,Narmada Valley dry deciduous forests
2019,77.02490742673855,22.79232414683531,1,4004.0,0.0,1893.0,Tropical & Subtropical Dry Broadleaf Forests,Narmada Valley dry deciduous forests
2019,77.41240922096206,8.420726219137958,1,3224.0,1678.0,2013.0,Tropical & Subtropical Moist Broadleaf Forests,South Western Ghats moist deciduous forests
2019,77.13742857590375,9.158955415455214,1,3749.0,2480.0,2623.0,Tropical & Subtropical Moist Broadleaf Forests,South Western Ghats montane rain forests
2019,77.05765547488475,9.061581688387365,1,3749.0,2480.0,2623.0,Tropical & Subtropical Moist Broadleaf Forests,South Western Ghats montane rain forests
2019,78.17254005644435,30.01776129303376,1,657.0,0.0,387.0,Tropical & Subtropical Moist Broadleaf Forests,Upper Gangetic Plains moist deciduous forests
2019,84.0116860809116,27.428759024762,1,900.0,14.0,647.0,Tropical & Subtropical Moist Broadleaf Forests,Himalayan subtropical broadleaf forests
2019,79.74187410341715,29.81183600051518,1,14799.0,0.0,8361.0,Tropical & Subtropical Coniferous Forests,Himalayan subtropical pine forests
2019,80.26585367789215,29.469952928303922,1,14799.0,0.0,8361.0,Tropical & Subtropical Coniferous Forests,Himalayan subtropical pine forests
2019,79.87880789047941,29.71892251211188,1,14799.0,0.0,8361.0,Tropical & Subtropical Coniferous Forests,Himalayan subtropical pine forests
2019,79.28524340367981,29.325904885285066,1,14799.0,0.0,8361.0,Tropical & Subtropical Coniferous Forests,Himalayan subtropical pine forests
2019,78.3551301428647,29.799484551891833,1,14799.0,0.0,8361.0,Tropical & Subtropical Coniferous Forests,Himalayan subtropical pine forests
2019,79.41413596089177,29.201929146415154,1,14799.0,0.0,8361.0,Tropical & Subtropical Coniferous Forests,Himalayan subtropical pine forests
2019,78.85173731490474,29.537587704254083,1,14799.0,0.0,8361.0,Tropical & Subtropical Coniferous Forests,Himalayan subtropical pine forests
2019,79.58273773344668,29.50924493637331,1,14799.0,0.0,8361.0,Tropical & Subtropical Coniferous Forests,Himalayan subtropical pine forests
2019,82.0594043156725,27.871926696789043,1,1646.0,0.0,885.0,"Tropical & Subtropical Grasslands, Savannas & Shrublands",Terai-Duar savanna and grasslands
2019,77.05777892542649,25.314732607371525,1,32.0,0.0,21.0,Tropical & Subtropical Dry Broadleaf Forests,Khathiar-Gir dry deciduous forests
2019,77.04157293192304,25.690069523270434,1,4212.0,0.0,2424.0,Tropical & Subtropical Dry Broadleaf Forests,Khathiar-Gir dry deciduous forests
2019,77.407206914388,25.440237803141024,1,4212.0,0.0,2424.0,Tropical & Subtropical Dry Broadleaf Forests,Khathiar-Gir dry deciduous forests
2019,78.55438762338835,19.07797929461463,1,5790.0,0.0,3472.0,Tropical & Subtropical Moist Broadleaf Forests,East Deccan moist deciduous forests
2019,78.67452391200013,19.564215652411054,1,5790.0,0.0,3472.0,Tropical & Subtropical Moist Broadleaf Forests,East Deccan moist deciduous forests
2019,78.6546694102749,19.14012453808376,1,5790.0,0.0,3472.0,Tropical & Subtropical Moist Broadleaf Forests,East Deccan moist deciduous forests
2019,78.12396595787176,19.36177796914319,1,2255.0,0.0,1076.0,Tropical & Subtropical Dry Broadleaf Forests,Central Deccan Plateau dry deciduous forests
2019,78.53033718017008,20.995989614988535,1,428.0,0.0,180.0,Tropical & Subtropical Dry Broadleaf Forests,Central Deccan Plateau dry deciduous forests
2019,78.74954469059753,23.49433578575543,1,674.0,0.0,312.0,Tropical & Subtropical Dry Broadleaf Forests,Narmada Valley dry deciduous forests
2019,79.11748108806852,16.012247900573087,1,7444.0,0.0,5296.0,Tropical & Subtropical Dry Broadleaf Forests,Central Deccan Plateau dry deciduous forests
2019,79.3209983304411,16.153101803134046,1,7444.0,0.0,5296.0,Tropical & Subtropical Dry Broadleaf Forests,Central Deccan Plateau dry deciduous forests
2019,78.94056687766795,16.03473506481283,1,7444.0,0.0,5296.0,Tropical & Subtropical Dry Broadleaf Forests,Central Deccan Plateau dry deciduous forests
2019,78.51512248004633,16.16831294181297,1,1702.0,0.0,1279.0,Tropical & Subtropical Dry Broadleaf Forests,Central Deccan Plateau dry deciduous forests
2019,78.82135896506979,14.618964900726686,1,579.0,0.0,401.0,Tropical & Subtropical Dry Broadleaf Forests,Central Deccan Plateau dry deciduous forests
2019,78.04788696732994,21.93193259647849,1,10477.0,0.0,6140.0,Tropical & Subtropical Moist Broadleaf Forests,East Deccan moist deciduous forests
2019,78.36567092922708,22.071560181604454,1,10477.0,0.0,6140.0,Tropical & Subtropical Moist Broadleaf Forests,East Deccan moist deciduous forests
2019,77.71477958760704,22.50824252699191,1,10477.0,0.0,6140.0,Tropical & Subtropical Moist Broadleaf Forests,East Deccan moist deciduous forests
2019,77.08776539666707,21.915777816268076,1,10477.0,0.0,6140.0,Tropical & Subtropical Moist Broadleaf Forests,East Deccan moist deciduous forests
2019,77.50803576302081,21.452002460595054,1,10477.0,0.0,6140.0,Tropical & Subtropical Moist Broadleaf Forests,East Deccan moist deciduous forests
2019,77.29254433413067,21.71993503676513,1,3856.0,0.0,2516.0,Tropical & Subtropical Dry Broadleaf Forests,Narmada Valley dry deciduous forests
2019,76.67286332639942,21.271163864602922,1,3856.0,0.0,2516.0,Tropical & Subtropical Dry Broadleaf Forests,Narmada Valley dry deciduous forests
2019,79.59215550502448,19.61885928972782,1,3852.0,0.0,2304.0,Tropical & Subtropical Dry Broadleaf Forests,Central Deccan Plateau dry deciduous forests
2019,79.60779225951751,20.23198262573707,1,3852.0,0.0,2304.0,Tropical & Subtropical Dry Broadleaf Forests,Central Deccan Plateau dry deciduous forests
2019,79.19567563558275,13.708248382394727,1,7827.0,0.0,5131.0,Deserts & Xeric Shrublands,Deccan thorn scrub forests
2019,78.96807341352648,14.398956305354126,1,7827.0,0.0,5131.0,Deserts & Xeric Shrublands,Deccan thorn scrub forests
2019,79.34915716537206,14.232741145310717,1,7827.0,0.0,5131.0,Deserts & Xeric Shrublands,Deccan thorn scrub forests
2019,79.21840935083638,15.264624875736022,1,7827.0,0.0,5131.0,Deserts & Xeric Shrublands,Deccan thorn scrub forests
2019,80.00811313012862,28.735894146420545,1,6.0,0.0,2.0,Tropical & Subtropical Moist Broadleaf Forests,Upper Gangetic Plains moist deciduous forests
2019,80.3042571074288,28.45745095873935,1,934.0,0.0,398.0,Tropical & Subtropical Moist Broadleaf Forests,Upper Gangetic Plains moist deciduous forests
2019,80.46305251058158,23.48359804455285,1,805.0,0.0,428.0,Tropical & Subtropical Dry Broadleaf Forests,Narmada Valley dry deciduous forests
2019,80.7325761675314,23.438136396950302,1,511.0,0.0,248.0,Tropical & Subtropical Dry Broadleaf Forests,Narmada Valley dry deciduous forests
2019,80.53038030240084,24.861768895507186,1,113.0,0.0,86.0,Tropical & Subtropical Dry Broadleaf Forests,Narmada Valley dry deciduous forests
2019,79.27025056100332,24.12824441362171,1,7213.0,0.0,3823.0,Tropical & Subtropical Dry Broadleaf Forests,Narmada Valley dry deciduous forests
2019,80.56067596709588,25.07158248374283,1,7213.0,0.0,3823.0,Tropical & Subtropical Dry Broadleaf Forests,Narmada Valley dry deciduous forests
2019,81.29217313138804,25.07689309491026,1,7213.0,0.0,3823.0,Tropical & Subtropical Dry Broadleaf Forests,Narmada Valley dry deciduous forests
2019,79.38103395036146,24.209679888171845,1,7213.0,0.0,3823.0,Tropical & Subtropical Dry Broadleaf Forests,Narmada Valley dry deciduous forests
2019,81.28498165334598,23.94830050809704,1,3602.0,0.0,1926.0,Tropical & Subtropical Dry Broadleaf Forests,Narmada Valley dry deciduous forests
2019,81.16119894056371,23.25375447243453,1,3602.0,0.0,1926.0,Tropical & Subtropical Dry Broadleaf Forests,Narmada Valley dry deciduous forests
2019,81.59752936899038,22.43941357606146,1,38148.0,0.0,25962.0,Tropical & Subtropical Moist Broadleaf Forests,East Deccan moist deciduous forests
2019,81.28794707545187,18.537868820095767,1,38148.0,0.0,25962.0,Tropical & Subtropical Moist Broadleaf Forests,East Deccan moist deciduous forests
2019,80.9916342800409,19.593872629797993,1,38148.0,0.0,25962.0,Tropical & Subtropical Moist Broadleaf Forests,East Deccan moist deciduous forests
2019,81.79305858057907,22.426927117603746,1,38148.0,0.0,25962.0,Tropical & Subtropical Moist Broadleaf Forests,East Deccan moist deciduous forests
2019,81.34687702984448,19.236207535805686,1,38148.0,0.0,25962.0,Tropical & Subtropical Moist Broadleaf Forests,East Deccan moist deciduous forests
2019,82.00404786957242,20.190398039507063,1,38148.0,0.0,25962.0,Tropical & Subtropical Moist Broadleaf Forests,East Deccan moist deciduous forests
2019,81.90640565156546,20.608041024219325,1,38148.0,0.0,25962.0,Tropical & Subtropical Moist Broadleaf Forests,East Deccan moist deciduous forests
2019,81.79565580760102,22.66625638019666,1,38148.0,0.0,25962.0,Tropical & Subtropical Moist Broadleaf Forests,East Deccan moist deciduous forests
2019,81.19896307325634,22.469959674848884,1,38148.0,0.0,25962.0,Tropical & Subtropical Moist Broadleaf Forests,East Deccan moist deciduous forests
2019,81.1370685982903,20.25963232893078,1,38148.0,0.0,25962.0,Tropical & Subtropical Moist Broadleaf Forests,East Deccan moist deciduous forests
2019,80.64391541234126,20.276519519294514,1,38148.0,0.0,25962.0,Tropical & Subtropical Moist Broadleaf Forests,East Deccan moist deciduous forests
2019,80.45053304652133,19.107662636242402,1,38148.0,0.0,25962.0,Tropical & Subtropical Moist Broadleaf Forests,East Deccan moist deciduous forests
2019,80.70546614375735,19.854271137006528,1,38148.0,0.0,25962.0,Tropical & Subtropical Moist Broadleaf Forests,East Deccan moist deciduous forests
2019,80.55792131269389,19.903553719307414,1,38148.0,0.0,25962.0,Tropical & Subtropical Moist Broadleaf Forests,East Deccan moist deciduous forests
2019,80.87423921474851,21.49461815387089,1,38148.0,0.0,25962.0,Tropical & Subtropical Moist Broadleaf Forests,East Deccan moist deciduous forests
2019,80.77996566584183,19.770450260723685,1,38148.0,0.0,25962.0,Tropical & Subtropical Moist Broadleaf Forests,East Deccan moist deciduous forests
2019,81.23957060612716,18.942718355431147,1,38148.0,0.0,25962.0,Tropical & Subtropical Moist Broadleaf Forests,East Deccan moist deciduous forests
2019,80.62888431831776,19.764373998062933,1,38148.0,0.0,25962.0,Tropical & Subtropical Moist Broadleaf Forests,East Deccan moist deciduous forests
2019,80.33383860373793,17.625916623545272,1,9077.0,0.0,5838.0,Tropical & Subtropical Moist Broadleaf Forests,East Deccan moist deciduous forests
2019,80.25832093087904,17.876536586657043,1,9077.0,0.0,5838.0,Tropical & Subtropical Moist Broadleaf Forests,East Deccan moist deciduous forests
2019,80.08042271523176,18.074926180431728,1,9077.0,0.0,5838.0,Tropical & Subtropical Moist Broadleaf Forests,East Deccan moist deciduous forests
2019,80.45872338573331,18.148921591685266,1,9077.0,0.0,5838.0,Tropical & Subtropical Moist Broadleaf Forests,East Deccan moist deciduous forests
2019,82.43933566314797,20.342412414090973,1,1576.0,0.0,1080.0,Tropical & Subtropical Dry Broadleaf Forests,North Deccan dry deciduous forests
2019,80.8503626892386,22.24076770836421,1,11915.0,0.0,7741.0,Tropical & Subtropical Moist Broadleaf Forests,East Deccan moist deciduous forests
2019,80.98808554576652,22.321231658704562,1,11915.0,0.0,7741.0,Tropical & Subtropical Moist Broadleaf Forests,East Deccan moist deciduous forests
2019,80.52650701054813,21.794621548552442,1,11915.0,0.0,7741.0,Tropical & Subtropical Moist Broadleaf Forests,East Deccan moist deciduous forests
2019,80.99827235088607,22.13796524755946,1,11915.0,0.0,7741.0,Tropical & Subtropical Moist Broadleaf Forests,East Deccan moist deciduous forests
2019,79.35088922286887,21.850781203175256,1,11915.0,0.0,7741.0,Tropical & Subtropical Moist Broadleaf Forests,East Deccan moist deciduous forests
2019,80.33235694673792,21.77290681676641,1,11915.0,0.0,7741.0,Tropical & Subtropical Moist Broadleaf Forests,East Deccan moist deciduous forests
2019,79.18496804766133,21.58921122938811,1,16169.0,0.0,11079.0,Tropical & Subtropical Dry Broadleaf Forests,Central Deccan Plateau dry deciduous forests
2019,80.10586604812144,19.126545309305204,1,16169.0,0.0,11079.0,Tropical & Subtropical Dry Broadleaf Forests,Central Deccan Plateau dry deciduous forests
2019,80.12252437474787,19.529922529480363,1,16169.0,0.0,11079.0,Tropical & Subtropical Dry Broadleaf Forests,Central Deccan Plateau dry deciduous forests
2019,79.56404755081692,21.45802329056448,1,16169.0,0.0,11079.0,Tropical & Subtropical Dry Broadleaf Forests,Central Deccan Plateau dry deciduous forests
2019,79.56870632614958,21.522295901446935,1,16169.0,0.0,11079.0,Tropical & Subtropical Dry Broadleaf Forests,Central Deccan Plateau dry deciduous forests
2019,80.02635591981907,19.799648258710892,1,16169.0,0.0,11079.0,Tropical & Subtropical Dry Broadleaf Forests,Central Deccan Plateau dry deciduous forests
2019,80.66077544816339,19.655670106044802,1,16169.0,0.0,11079.0,Tropical & Subtropical Dry Broadleaf Forests,Central Deccan Plateau dry deciduous forests
2019,80.11095421531043,21.36564022787652,1,16169.0,0.0,11079.0,Tropical & Subtropical Dry Broadleaf Forests,Central Deccan Plateau dry deciduous forests
2019,81.42157406103797,17.363605287568905,1,9019.0,0.0,5977.0,Tropical & Subtropical Moist Broadleaf Forests,East Deccan moist deciduous forests
2019,82.10046744589405,17.578798444375547,1,9019.0,0.0,5977.0,Tropical & Subtropical Moist Broadleaf Forests,East Deccan moist deciduous forests
2019,82.54833877185607,17.862208411409792,1,9019.0,0.0,5977.0,Tropical & Subtropical Moist Broadleaf Forests,East Deccan moist deciduous forests
2019,82.05683830593337,17.802183837923003,1,9019.0,0.0,5977.0,Tropical & Subtropical Moist Broadleaf Forests,East Deccan moist deciduous forests
2019,81.31634200082138,17.562240938307145,1,2825.0,0.0,1867.0,Tropical & Subtropical Moist Broadleaf Forests,East Deccan moist deciduous forests
2019,82.27919792737066,18.061852162612738,1,57.0,0.0,28.0,Tropical & Subtropical Moist Broadleaf Forests,East Deccan moist deciduous forests
2019,84.52354244705535,21.01358398185748,1,4248.0,0.0,2612.0,Tropical & Subtropical Dry Broadleaf Forests,North Deccan dry deciduous forests
2019,84.00646378267018,21.159617580216665,1,4248.0,0.0,2612.0,Tropical & Subtropical Dry Broadleaf Forests,North Deccan dry deciduous forests
2019,83.88817293403896,20.492431723144296,1,26398.0,0.0,16615.0,Tropical & Subtropical Moist Broadleaf Forests,East Deccan moist deciduous forests
2019,84.78474524284997,20.313096637278456,1,26398.0,0.0,16615.0,Tropical & Subtropical Moist Broadleaf Forests,East Deccan moist deciduous forests
2019,83.3517361303211,19.098374399623356,1,26398.0,0.0,16615.0,Tropical & Subtropical Moist Broadleaf Forests,East Deccan moist deciduous forests
2019,83.47547015224457,20.009497274203692,1,26398.0,0.0,16615.0,Tropical & Subtropical Moist Broadleaf Forests,East Deccan moist deciduous forests
2019,83.72487331825437,19.33663657420445,1,26398.0,0.0,16615.0,Tropical & Subtropical Moist Broadleaf Forests,East Deccan moist deciduous forests
2019,84.41908928715014,20.177211395153172,1,26398.0,0.0,16615.0,Tropical & Subtropical Moist Broadleaf Forests,East Deccan moist deciduous forests
2019,83.98287313246873,20.139900367266925,1,26398.0,0.0,16615.0,Tropical & Subtropical Moist Broadleaf Forests,East Deccan moist deciduous forests
2019,85.03350039868837,20.109641602776396,1,26398.0,0.0,16615.0,Tropical & Subtropical Moist Broadleaf Forests,East Deccan moist deciduous forests
2019,84.40074112231157,19.105328500240176,1,26398.0,0.0,16615.0,Tropical & Subtropical Moist Broadleaf Forests,East Deccan moist deciduous forests
2019,83.71162391483601,19.84624782950585,1,26398.0,0.0,16615.0,Tropical & Subtropical Moist Broadleaf Forests,East Deccan moist deciduous forests
2019,83.80755226753242,19.767143017221247,1,26398.0,0.0,16615.0,Tropical & Subtropical Moist Broadleaf Forests,East Deccan moist deciduous forests
2019,83.50286456781411,19.90460153416248,1,26398.0,0.0,16615.0,Tropical & Subtropical Moist Broadleaf Forests,East Deccan moist deciduous forests
2019,83.9324185090472,20.049051429549465,1,26398.0,0.0,16615.0,Tropical & Subtropical Moist Broadleaf Forests,East Deccan moist deciduous forests
2019,83.32456045351348,23.609144106819706,1,14125.0,0.0,9392.0,Tropical & Subtropical Dry Broadleaf Forests,Chhota-Nagpur dry deciduous forests
2019,83.88714767129346,23.132614555957797,1,14125.0,0.0,9392.0,Tropical & Subtropical Dry Broadleaf Forests,Chhota-Nagpur dry deciduous forests
2019,81.92368932788554,23.618411576162174,1,14125.0,0.0,9392.0,Tropical & Subtropical Dry Broadleaf Forests,Chhota-Nagpur dry deciduous forests
2019,81.6282231021302,23.566249989080337,1,14125.0,0.0,9392.0,Tropical & Subtropical Dry Broadleaf Forests,Chhota-Nagpur dry deciduous forests
2019,83.49537433404147,24.01910186323668,1,14125.0,0.0,9392.0,Tropical & Subtropical Dry Broadleaf Forests,Chhota-Nagpur dry deciduous forests
2019,82.58258733573912,23.649606942867404,1,14125.0,0.0,9392.0,Tropical & Subtropical Dry Broadleaf Forests,Chhota-Nagpur dry deciduous forests
2019,82.99143346721738,23.567085613480756,1,14125.0,0.0,9392.0,Tropical & Subtropical Dry Broadleaf Forests,Chhota-Nagpur dry deciduous forests
2019,82.93394057092553,23.881409640542287,1,50.0,0.0,33.0,Tropical & Subtropical Dry Broadleaf Forests,Chhota-Nagpur dry deciduous forests
2019,84.82016844142642,21.653826711267442,1,8270.0,0.0,4638.0,Tropical & Subtropical Moist Broadleaf Forests,East Deccan moist deciduous forests
2019,85.88378408302259,21.18035129759797,1,8270.0,0.0,4638.0,Tropical & Subtropical Moist Broadleaf Forests,East Deccan moist deciduous forests
2019,84.72421090470115,21.73409366153542,1,8270.0,0.0,4638.0,Tropical & Subtropical Moist Broadleaf Forests,East Deccan moist deciduous forests
2019,85.45092715477361,21.231023338746773,1,8270.0,0.0,4638.0,Tropical & Subtropical Moist Broadleaf Forests,East Deccan moist deciduous forests
2019,82.33028547412141,23.90594080556765,1,2520.0,0.0,1637.0,Tropical & Subtropical Dry Broadleaf Forests,Narmada Valley dry deciduous forests
2019,84.41395235588182,23.131226130433152,1,21336.0,0.0,12929.0,Tropical & Subtropical Dry Broadleaf Forests,Chhota-Nagpur dry deciduous forests
2019,84.04078667768961,23.427527431237202,1,21336.0,0.0,12929.0,Tropical & Subtropical Dry Broadleaf Forests,Chhota-Nagpur dry deciduous forests
2019,84.92108205756264,23.93837549466838,1,21336.0,0.0,12929.0,Tropical & Subtropical Dry Broadleaf Forests,Chhota-Nagpur dry deciduous forests
2019,84.40140779762618,23.68802001364526,1,21336.0,0.0,12929.0,Tropical & Subtropical Dry Broadleaf Forests,Chhota-Nagpur dry deciduous forests
2019,84.81297682769576,24.26767997231263,1,21336.0,0.0,12929.0,Tropical & Subtropical Dry Broadleaf Forests,Chhota-Nagpur dry deciduous forests
2019,85.24330350249531,24.009644689949827,1,21336.0,0.0,12929.0,Tropical & Subtropical Dry Broadleaf Forests,Chhota-Nagpur dry deciduous forests
2019,83.65826593196645,23.898927393874416,1,21336.0,0.0,12929.0,Tropical & Subtropical Dry Broadleaf Forests,Chhota-Nagpur dry deciduous forests
2019,85.11442232117064,24.026622424808874,1,21336.0,0.0,12929.0,Tropical & Subtropical Dry Broadleaf Forests,Chhota-Nagpur dry deciduous forests
2019,84.23806186045668,23.38704389568025,1,21336.0,0.0,12929.0,Tropical & Subtropical Dry Broadleaf Forests,Chhota-Nagpur dry deciduous forests
2019,83.97176134952477,23.735114481169322,1,21336.0,0.0,12929.0,Tropical & Subtropical Dry Broadleaf Forests,Chhota-Nagpur dry deciduous forests
2019,86.21705435177432,21.534865535699762,1,5225.0,0.0,3392.0,Tropical & Subtropical Moist Broadleaf Forests,East Deccan moist deciduous forests
2019,86.40357945969437,21.72755881087064,1,5225.0,0.0,3392.0,Tropical & Subtropical Moist Broadleaf Forests,East Deccan moist deciduous forests
2019,86.42803662124369,22.175602777766724,1,5225.0,0.0,3392.0,Tropical & Subtropical Moist Broadleaf Forests,East Deccan moist deciduous forests
2019,88.93972337100935,21.748396384203627,1,1434.0,715.0,1324.0,Mangroves,Sundarbans mangroves
2020,93.41037314331132,26.69725638406641,1,206.0,196.0,93.0,Tropical & Subtropical Moist Broadleaf Forests,Brahmaputra Valley semi-evergreen forests
2020,95.24700017972447,28.93204478719361,1,61081.0,15.0,52774.0,Temperate Broadleaf & Mixed Forests,Eastern Himalayan broadleaf forests
2020,95.27003924734672,28.99886147275218,1,61081.0,15.0,52774.0,Temperate Broadleaf & Mixed Forests,Eastern Himalayan broadleaf forests
2020,94.9902902914929,28.525849493368852,1,61081.0,15.0,52774.0,Temperate Broadleaf & Mixed Forests,Eastern Himalayan broadleaf forests
2020,95.91965024303411,29.305308437980706,1,61081.0,15.0,52774.0,Temperate Broadleaf & Mixed Forests,Eastern Himalayan broadleaf forests
2020,92.02539254257886,27.56051377125476,1,61081.0,15.0,52774.0,Temperate Broadleaf & Mixed Forests,Eastern Himalayan broadleaf forests
2020,93.87602668058912,27.459615458070544,1,61081.0,15.0,52774.0,Temperate Broadleaf & Mixed Forests,Eastern Himalayan broadleaf forests
2020,95.7241909330273,28.429266819529435,1,61081.0,15.0,52774.0,Temperate Broadleaf & Mixed Forests,Eastern Himalayan broadleaf forests
2020,95.70057399805877,28.57593348906716,1,61081.0,15.0,52774.0,Temperate Broadleaf & Mixed Forests,Eastern Himalayan broadleaf forests
2020,95.89663576454602,29.08067395474827,1,61081.0,15.0,52774.0,Temperate Broadleaf & Mixed Forests,Eastern Himalayan broadleaf forests
2020,94.78320305910226,28.84440476602356,1,61081.0,15.0,52774.0,Temperate Broadleaf & Mixed Forests,Eastern Himalayan broadleaf forests
2020,95.9240892384921,28.63709494582608,1,61081.0,15.0,52774.0,Temperate Broadleaf & Mixed Forests,Eastern Himalayan broadleaf forests
2020,94.80586835373455,28.82749080976511,1,61081.0,15.0,52774.0,Temperate Broadleaf & Mixed Forests,Eastern Himalayan broadleaf forests
2020,96.4015013082448,28.90251810576689,1,61081.0,15.0,52774.0,Temperate Broadleaf & Mixed Forests,Eastern Himalayan broadleaf forests
2020,97.10738333620142,28.050120171814694,1,61081.0,15.0,52774.0,Temperate Broadleaf & Mixed Forests,Eastern Himalayan broadleaf forests
2020,92.15512158555495,27.658199516525222,1,61081.0,15.0,52774.0,Temperate Broadleaf & Mixed Forests,Eastern Himalayan broadleaf forests
2020,94.99429251252018,28.35886825971899,1,61081.0,15.0,52774.0,Temperate Broadleaf & Mixed Forests,Eastern Himalayan broadleaf forests
2020,93.52417778100335,27.283201317214687,1,61081.0,15.0,52774.0,Temperate Broadleaf & Mixed Forests,Eastern Himalayan broadleaf forests
2020,93.04125353483182,27.550137559666272,1,61081.0,15.0,52774.0,Temperate Broadleaf & Mixed Forests,Eastern Himalayan broadleaf forests
2020,94.88235873106557,27.85140566948101,1,61081.0,15.0,52774.0,Temperate Broadleaf & Mixed Forests,Eastern Himalayan broadleaf forests
2020,96.24860321808566,28.833588663483937,1,61081.0,15.0,52774.0,Temperate Broadleaf & Mixed Forests,Eastern Himalayan broadleaf forests
2020,95.79572108011895,28.521663412111213,1,61081.0,15.0,52774.0,Temperate Broadleaf & Mixed Forests,Eastern Himalayan broadleaf forests
2020,93.23368866058514,28.129316735722117,1,61081.0,15.0,52774.0,Temperate Broadleaf & Mixed Forests,Eastern Himalayan broadleaf forests
2020,93.90999462564821,27.584239172171372,1,61081.0,15.0,52774.0,Temperate Broadleaf & Mixed Forests,Eastern Himalayan broadleaf forests
2020,93.26571939024743,27.138162436558677,1,61081.0,15.0,52774.0,Temperate Broadleaf & Mixed Forests,Eastern Himalayan broadleaf forests
2020,94.09468072954401,27.451919310500188,1,61081.0,15.0,52774.0,Temperate Broadleaf & Mixed Forests,Eastern Himalayan broadleaf forests
2020,93.68012844889164,26.98441464251733,1,61081.0,15.0,52774.0,Temperate Broadleaf & Mixed Forests,Eastern Himalayan broadleaf forests
2020,94.29325365455989,27.998237681437818,1,61081.0,15.0,52774.0,Temperate Broadleaf & Mixed Forests,Eastern Himalayan broadleaf forests
2020,92.99244133923081,27.059213983317328,1,61081.0,15.0,52774.0,Temperate Broadleaf & Mixed Forests,Eastern Himalayan broadleaf forests
2020,92.96168081164414,25.376004144869462,1,19100.0,710.0,13175.0,Tropical & Subtropical Moist Broadleaf Forests,Meghalaya subtropical forests
2020,93.58931902584372,25.99052774465441,1,19100.0,710.0,13175.0,Tropical & Subtropical Moist Broadleaf Forests,Meghalaya subtropical forests
2020,92.7198377842805,26.97096649678784,1,19100.0,710.0,13175.0,Tropical & Subtropical Moist Broadleaf Forests,Meghalaya subtropical forests
2020,93.6645957761969,26.14944375971675,1,19100.0,710.0,13175.0,Tropical & Subtropical Moist Broadleaf Forests,Meghalaya subtropical forests
2020,92.48267408467986,26.031732891225595,1,19100.0,710.0,13175.0,Tropical & Subtropical Moist Broadleaf Forests,Meghalaya subtropical forests
2020,92.81113137245278,25.47980291594094,1,19100.0,710.0,13175.0,Tropical & Subtropical Moist Broadleaf Forests,Meghalaya subtropical forests
2020,94.23069635434337,27.584834115811475,1,19100.0,710.0,13175.0,Tropical & Subtropical Moist Broadleaf Forests,Meghalaya subtropical forests
2020,93.64114340556164,25.820727279518508,1,19100.0,710.0,13175.0,Tropical & Subtropical Moist Broadleaf Forests,Meghalaya subtropical forests
2020,93.42496638818207,26.133369860983123,1,19100.0,710.0,13175.0,Tropical & Subtropical Moist Broadleaf Forests,Meghalaya subtropical forests
2020,95.8727466924606,27.03573869810778,1,12943.0,77.0,10468.0,Temperate Broadleaf & Mixed Forests,Eastern Himalayan broadleaf forests
2020,96.03612359666512,27.939142803288608,1,12943.0,77.0,10468.0,Temperate Broadleaf & Mixed Forests,Eastern Himalayan broadleaf forests
2020,95.98446839038215,27.9574505386081,1,12943.0,77.0,10468.0,Temperate Broadleaf & Mixed Forests,Eastern Himalayan broadleaf forests
2020,96.23886989867972,27.57025388945693,1,12943.0,77.0,10468.0,Temperate Broadleaf & Mixed Forests,Eastern Himalayan broadleaf forests
2020,96.19904000823408,27.44949409143394,1,12943.0,77.0,10468.0,Temperate Broadleaf & Mixed Forests,Eastern Himalayan broadleaf forests
2020,95.78248331736167,28.16920789656116,1,12943.0,77.0,10468.0,Temperate Broadleaf & Mixed Forests,Eastern Himalayan broadleaf forests
2020,89.7694134393464,26.58215734502361,1,1138.0,0.0,636.0,Tropical & Subtropical Moist Broadleaf Forests,Lower Gangetic Plains moist deciduous forests
2020,92.24355546457569,23.709272651221806,1,34.0,0.0,4.0,Tropical & Subtropical Moist Broadleaf Forests,Mizoram-Manipur-Kachin rain forests
2020,88.87632948848467,27.269226382993494,1,18.0,1.0,15.0,Temperate Conifer Forests,Eastern Himalayan subalpine conifer forests
2020,92.54269335647894,22.594399875140635,1,154.0,0.0,93.0,Tropical & Subtropical Moist Broadleaf Forests,Mizoram-Manipur-Kachin rain forests
2020,94.3517314250023,25.685633884388796,1,14652.0,0.0,9860.0,Tropical & Subtropical Moist Broadleaf Forests,Mizoram-Manipur-Kachin rain forests
2020,93.66406457329195,25.56243442667682,1,14652.0,0.0,9860.0,Tropical & Subtropical Moist Broadleaf Forests,Mizoram-Manipur-Kachin rain forests
2020,94.19476328191722,26.307122721318187,1,14652.0,0.0,9860.0,Tropical & Subtropical Moist Broadleaf Forests,Mizoram-Manipur-Kachin rain forests
2020,93.70448476346085,25.410393197266295,1,14652.0,0.0,9860.0,Tropical & Subtropical Moist Broadleaf Forests,Mizoram-Manipur-Kachin rain forests
2020,94.23634918914748,25.7825161434926,1,14652.0,0.0,9860.0,Tropical & Subtropical Moist Broadleaf Forests,Mizoram-Manipur-Kachin rain forests
2020,93.53514164127554,25.474890866923687,1,14652.0,0.0,9860.0,Tropical & Subtropical Moist Broadleaf Forests,Mizoram-Manipur-Kachin rain forests
2020,95.08616457371085,26.35354646461317,1,14652.0,0.0,9860.0,Tropical & Subtropical Moist Broadleaf Forests,Mizoram-Manipur-Kachin rain forests
2020,93.1892192975306,24.60789639835928,1,19019.0,0.0,13995.0,Tropical & Subtropical Moist Broadleaf Forests,Mizoram-Manipur-Kachin rain forests
2020,94.35272819548418,24.984300596549232,1,19019.0,0.0,13995.0,Tropical & Subtropical Moist Broadleaf Forests,Mizoram-Manipur-Kachin rain forests
2020,93.43624979014308,24.934817920383026,1,19019.0,0.0,13995.0,Tropical & Subtropical Moist Broadleaf Forests,Mizoram-Manipur-Kachin rain forests
2020,93.56843794423607,24.403176250556804,1,19019.0,0.0,13995.0,Tropical & Subtropical Moist Broadleaf Forests,Mizoram-Manipur-Kachin rain forests
2020,94.537945214002,24.66262446087927,1,19019.0,0.0,13995.0,Tropical & Subtropical Moist Broadleaf Forests,Mizoram-Manipur-Kachin rain forests
2020,94.22261767870222,25.137179518270123,1,19019.0,0.0,13995.0,Tropical & Subtropical Moist Broadleaf Forests,Mizoram-Manipur-Kachin rain forests
2020,94.46645630910167,24.64539292213615,1,19019.0,0.0,13995.0,Tropical & Subtropical Moist Broadleaf Forests,Mizoram-Manipur-Kachin rain forests
2020,94.26875347805864,24.55925749466117,1,19019.0,0.0,13995.0,Tropical & Subtropical Moist Broadleaf Forests,Mizoram-Manipur-Kachin rain forests
2020,94.2495503618275,25.110713126093408,1,19019.0,0.0,13995.0,Tropical & Subtropical Moist Broadleaf Forests,Mizoram-Manipur-Kachin rain forests
2020,92.65387740843941,25.416201989063868,1,168.0,0.0,137.0,Tropical & Subtropical Moist Broadleaf Forests,Meghalaya subtropical forests
2020,73.6380649788568,17.952335118259978,1,3425.0,548.0,1676.0,Tropical & Subtropical Moist Broadleaf Forests,North Western Ghats montane rain forests
2020,73.84277141711337,16.654774472907643,1,2670.0,288.0,1328.0,Tropical & Subtropical Moist Broadleaf Forests,North Western Ghats moist deciduous forests
2020,74.23750940105927,15.428177494204112,1,1251.0,0.0,815.0,Tropical & Subtropical Moist Broadleaf Forests,North Western Ghats montane rain forests
2020,76.59048254445528,11.320223475166468,1,6122.0,103.0,4067.0,Tropical & Subtropical Moist Broadleaf Forests,South Western Ghats moist deciduous forests
2020,77.824995232297,12.209612942572667,1,6122.0,103.0,4067.0,Tropical & Subtropical Moist Broadleaf Forests,South Western Ghats moist deciduous forests
2020,77.68113377582175,11.894300242192687,1,6122.0,103.0,4067.0,Tropical & Subtropical Moist Broadleaf Forests,South Western Ghats moist deciduous forests
2020,74.04028212566445,15.693312295669203,1,373.0,0.0,197.0,Tropical & Subtropical Moist Broadleaf Forests,North Western Ghats montane rain forests
2020,76.41518629217082,11.315987796077403,1,3617.0,545.0,2104.0,Tropical & Subtropical Moist Broadleaf Forests,South Western Ghats montane rain forests
2020,76.12763080414148,11.516499878686098,1,3617.0,545.0,2104.0,Tropical & Subtropical Moist Broadleaf Forests,South Western Ghats montane rain forests
2020,74.63084687496837,14.273006200887371,1,23841.0,1672.0,15533.0,Tropical & Subtropical Moist Broadleaf Forests,North Western Ghats montane rain forests
2020,75.60126784486734,13.186279235363397,1,23841.0,1672.0,15533.0,Tropical & Subtropical Moist Broadleaf Forests,North Western Ghats montane rain forests
2020,75.85719079011577,12.133189177334758,1,23841.0,1672.0,15533.0,Tropical & Subtropical Moist Broadleaf Forests,North Western Ghats montane rain forests
2020,74.60951336892836,15.017535910020868,1,23841.0,1672.0,15533.0,Tropical & Subtropical Moist Broadleaf Forests,North Western Ghats montane rain forests
2020,75.38786491985866,13.564492517561112,1,23841.0,1672.0,15533.0,Tropical & Subtropical Moist Broadleaf Forests,North Western Ghats montane rain forests
2020,77.30258435547488,12.279577173114879,1,23841.0,1672.0,15533.0,Tropical & Subtropical Moist Broadleaf Forests,North Western Ghats montane rain forests
2020,77.44720841936909,12.06925613261761,1,23841.0,1672.0,15533.0,Tropical & Subtropical Moist Broadleaf Forests,North Western Ghats montane rain forests
2020,75.33942165364547,13.101192695014689,1,23841.0,1672.0,15533.0,Tropical & Subtropical Moist Broadleaf Forests,North Western Ghats montane rain forests
2020,77.05253636674756,11.898088427498065,1,23841.0,1672.0,15533.0,Tropical & Subtropical Moist Broadleaf Forests,North Western Ghats montane rain forests
2020,74.32903328597865,15.008508385985023,1,23841.0,1672.0,15533.0,Tropical & Subtropical Moist Broadleaf Forests,North Western Ghats montane rain forests
2020,76.20370948811947,21.46561932522931,1,3235.0,0.0,1731.0,Tropical & Subtropical Dry Broadleaf Forests,Narmada Valley dry deciduous forests
2020,75.58480756213467,21.35225737110158,1,885.0,0.0,500.0,Tropical & Subtropical Dry Broadleaf Forests,Narmada Valley dry deciduous forests
2020,75.78834233303414,24.922080874688298,1,1162.0,0.0,460.0,Tropical & Subtropical Dry Broadleaf Forests,Khathiar-Gir dry deciduous forests
2020,76.40822090714246,27.30469988774487,1,1564.0,0.0,846.0,Tropical & Subtropical Dry Broadleaf Forests,Khathiar-Gir dry deciduous forests
2020,76.47210623576747,25.99675999329528,1,458.0,0.0,253.0,Tropical & Subtropical Dry Broadleaf Forests,Khathiar-Gir dry deciduous forests
2020,77.27338785245294,10.065989630455544,1,2941.0,69.0,1787.0,Tropical & Subtropical Moist Broadleaf Forests,South Western Ghats moist deciduous forests
2020,76.94807128303135,10.182567234467015,1,2812.0,206.0,1841.0,Tropical & Subtropical Moist Broadleaf Forests,South Western Ghats montane rain forests
2020,76.64246821538572,20.452025556580416,1,577.0,0.0,267.0,Tropical & Subtropical Dry Broadleaf Forests,Central Deccan Plateau dry deciduous forests
2020,75.99000828120215,22.50563153397304,1,4004.0,0.0,1926.0,Tropical & Subtropical Dry Broadleaf Forests,Narmada Valley dry deciduous forests
2020,76.64640704721269,22.46462664871682,1,4004.0,0.0,1926.0,Tropical & Subtropical Dry Broadleaf Forests,Narmada Valley dry deciduous forests
2020,77.49629855570008,9.63318053012448,1,3253.0,1684.0,2000.0,Tropical & Subtropical Moist Broadleaf Forests,South Western Ghats moist deciduous forests
2020,77.13378631530747,9.020247035584902,1,3351.0,2464.0,2463.0,Tropical & Subtropical Moist Broadleaf Forests,South Western Ghats montane rain forests
2020,78.07442270353727,30.138692874051586,1,663.0,0.0,390.0,Tropical & Subtropical Moist Broadleaf Forests,Upper Gangetic Plains moist deciduous forests
2020,84.33433516922216,27.30076054410505,1,878.0,14.0,632.0,Tropical & Subtropical Moist Broadleaf Forests,Himalayan subtropical broadleaf forests
2020,80.08275688107437,29.262750745566475,1,14806.0,0.0,8278.0,Tropical & Subtropical Coniferous Forests,Himalayan subtropical pine forests
2020,79.90146860585561,29.202929219582984,1,14806.0,0.0,8278.0,Tropical & Subtropical Coniferous Forests,Himalayan subtropical pine forests
2020,78.36282463393324,30.260943246565706,1,14806.0,0.0,8278.0,Tropical & Subtropical Coniferous Forests,Himalayan subtropical pine forests
2020,80.13368410421222,29.148722794368314,1,14806.0,0.0,8278.0,Tropical & Subtropical Coniferous Forests,Himalayan subtropical pine forests
2020,78.52457740053374,29.777801216268788,1,14806.0,0.0,8278.0,Tropical & Subtropical Coniferous Forests,Himalayan subtropical pine forests
2020,78.86694491071441,29.871971651647016,1,14806.0,0.0,8278.0,Tropical & Subtropical Coniferous Forests,Himalayan subtropical pine forests
2020,79.82506489572364,29.04424102205252,1,14806.0,0.0,8278.0,Tropical & Subtropical Coniferous Forests,Himalayan subtropical pine forests
2020,80.74152959035574,28.42221943689107,1,1627.0,0.0,852.0,"Tropical & Subtropical Grasslands, Savannas & Shrublands",Terai-Duar savanna and grasslands
2020,77.09514052345496,25.332958749369325,1,32.0,0.0,21.0,Tropical & Subtropical Dry Broadleaf Forests,Khathiar-Gir dry deciduous forests
2020,77.06623367259436,25.542635559096947,1,4208.0,0.0,2424.0,Tropical & Subtropical Dry Broadleaf Forests,Khathiar-Gir dry deciduous forests
2020,77.00610602913224,25.508473144676515,1,4208.0,0.0,2424.0,Tropical & Subtropical Dry Broadleaf Forests,Khathiar-Gir dry deciduous forests
2020,77.88688898533579,22.974089949267796,1,511.0,0.0,223.0,Tropical & Subtropical Dry Broadleaf Forests,Narmada Valley dry deciduous forests
2020,79.04943833774986,19.232643635535265,1,5931.0,0.0,3514.0,Tropical & Subtropical Moist Broadleaf Forests,East Deccan moist deciduous forests
2020,78.62880975477424,19.276785873162932,1,5931.0,0.0,3514.0,Tropical & Subtropical Moist Broadleaf Forests,East Deccan moist deciduous forests
2020,78.37381497351146,19.263334961207608,1,5931.0,0.0,3514.0,Tropical & Subtropical Moist Broadleaf Forests,East Deccan moist deciduous forests
2020,78.10127076648982,19.300332695708782,1,2161.0,0.0,1038.0,Tropical & Subtropical Dry Broadleaf Forests,Central Deccan Plateau dry deciduous forests
2020,78.7562245210201,23.504086271685036,1,801.0,0.0,376.0,Tropical & Subtropical Dry Broadleaf Forests,Narmada Valley dry deciduous forests
2020,78.78122973005341,21.082693565824037,1,476.0,0.0,194.0,Tropical & Subtropical Dry Broadleaf Forests,Central Deccan Plateau dry deciduous forests
2020,78.67476190243957,14.955814761939132,1,7454.0,0.0,5317.0,Tropical & Subtropical Dry Broadleaf Forests,Central Deccan Plateau dry deciduous forests
2020,78.78616466159777,15.655124568406865,1,7454.0,0.0,5317.0,Tropical & Subtropical Dry Broadleaf Forests,Central Deccan Plateau dry deciduous forests
2020,79.19473227622476,16.074667936952277,1,7454.0,0.0,5317.0,Tropical & Subtropical Dry Broadleaf Forests,Central Deccan Plateau dry deciduous forests
2020,78.6353830126903,16.31968942453304,1,1741.0,0.0,1303.0,Tropical & Subtropical Dry Broadleaf Forests,Central Deccan Plateau dry deciduous forests
2020,78.92913807892558,14.682744761107806,1,597.0,0.0,414.0,Tropical & Subtropical Dry Broadleaf Forests,Central Deccan Plateau dry deciduous forests
2020,79.78147474772112,20.51834992074709,1,3832.0,0.0,2285.0,Tropical & Subtropical Dry Broadleaf Forests,Central Deccan Plateau dry deciduous forests
2020,79.56807239006154,19.7002230075298,1,3832.0,0.0,2285.0,Tropical & Subtropical Dry Broadleaf Forests,Central Deccan Plateau dry deciduous forests
2020,79.15159308059114,13.780972586388316,1,7969.0,0.0,5246.0,Deserts & Xeric Shrublands,Deccan thorn scrub forests
2020,79.3644743049585,14.11012736785317,1,7969.0,0.0,5246.0,Deserts & Xeric Shrublands,Deccan thorn scrub forests
2020,79.16543370847997,15.169367869635556,1,7969.0,0.0,5246.0,Deserts & Xeric Shrublands,Deccan thorn scrub forests
2020,77.52121976385797,21.87362428316628,1,10484.0,0.0,6118.0,Tropical & Subtropical Moist Broadleaf Forests,East Deccan moist deciduous forests
2020,78.47315908718754,22.410304362512885,1,10484.0,0.0,6118.0,Tropical & Subtropical Moist Broadleaf Forests,East Deccan moist deciduous forests
2020,78.8254924100212,22.455512373770986,1,10484.0,0.0,6118.0,Tropical & Subtropical Moist Broadleaf Forests,East Deccan moist deciduous forests
2020,77.35312829632527,22.07759282421117,1,10484.0,0.0,6118.0,Tropical & Subtropical Moist Broadleaf Forests,East Deccan moist deciduous forests
2020,78.57031618627718,22.449894286087297,1,10484.0,0.0,6118.0,Tropical & Subtropical Moist Broadleaf Forests,East Deccan moist deciduous forests
2020,76.68351173087564,21.19050006256147,1,3765.0,0.0,2451.0,Tropical & Subtropical Dry Broadleaf Forests,Narmada Valley dry deciduous forests
2020,77.38257472909012,21.745924082797323,1,3765.0,0.0,2451.0,Tropical & Subtropical Dry Broadleaf Forests,Narmada Valley dry deciduous forests
2020,79.99616354197904,28.73112566372809,1,6.0,0.0,2.0,Tropical & Subtropical Moist Broadleaf Forests,Upper Gangetic Plains moist deciduous forests
2020,80.5153627070188,28.26009124961743,1,934.0,0.0,398.0,Tropical & Subtropical Moist Broadleaf Forests,Upper Gangetic Plains moist deciduous forests
2020,80.42560345500553,23.37218596028504,1,796.0,0.0,427.0,Tropical & Subtropical Dry Broadleaf Forests,Narmada Valley dry deciduous forests
2020,80.63241236949999,23.559749271308768,1,524.0,0.0,258.0,Tropical & Subtropical Dry Broadleaf Forests,Narmada Valley dry deciduous forests
2020,81.24872016344963,23.982796061003633,1,3554.0,0.0,1912.0,Tropical & Subtropical Dry Broadleaf Forests,Narmada Valley dry deciduous forests
2020,80.93980638237399,23.308155428269473,1,3554.0,0.0,1912.0,Tropical & Subtropical Dry Broadleaf Forests,Narmada Valley dry deciduous forests
2020,80.21164846896538,24.776440539365556,1,137.0,0.0,99.0,Tropical & Subtropical Dry Broadleaf Forests,Narmada Valley dry deciduous forests
2020,80.39423290167198,24.866866729869603,1,7354.0,0.0,3880.0,Tropical & Subtropical Dry Broadleaf Forests,Narmada Valley dry deciduous forests
2020,79.36878043552764,24.476235429509448,1,7354.0,0.0,3880.0,Tropical & Subtropical Dry Broadleaf Forests,Narmada Valley dry deciduous forests
2020,79.36542824054891,24.132041288276564,1,7354.0,0.0,3880.0,Tropical & Subtropical Dry Broadleaf Forests,Narmada Valley dry deciduous forests
2020,81.0539294031616,20.6495909431059,1,38171.0,0.0,25903.0,Tropical & Subtropical Moist Broadleaf Forests,East Deccan moist deciduous forests
2020,81.029659504037,17.82495815074184,1,38171.0,0.0,25903.0,Tropical & Subtropical Moist Broadleaf Forests,East Deccan moist deciduous forests
2020,81.89473877242195,22.570908724734295,1,38171.0,0.0,25903.0,Tropical & Subtropical Moist Broadleaf Forests,East Deccan moist deciduous forests
2020,80.44606382622548,19.169849350057387,1,38171.0,0.0,25903.0,Tropical & Subtropical Moist Broadleaf Forests,East Deccan moist deciduous forests
2020,81.32440791690438,22.47803518215879,1,38171.0,0.0,25903.0,Tropical & Subtropical Moist Broadleaf Forests,East Deccan moist deciduous forests
2020,80.87645578311185,18.456611453218166,1,38171.0,0.0,25903.0,Tropical & Subtropical Moist Broadleaf Forests,East Deccan moist deciduous forests
2020,81.20193398333397,18.88344702388079,1,38171.0,0.0,25903.0,Tropical & Subtropical Moist Broadleaf Forests,East Deccan moist deciduous forests
2020,81.26294925017656,19.77442420435163,1,38171.0,0.0,25903.0,Tropical & Subtropical Moist Broadleaf Forests,East Deccan moist deciduous forests
2020,81.73775525942168,22.576616925651173,1,38171.0,0.0,25903.0,Tropical & Subtropical Moist Broadleaf Forests,East Deccan moist deciduous forests
2020,82.18352795618966,20.380200477472904,1,38171.0,0.0,25903.0,Tropical & Subtropical Moist Broadleaf Forests,East Deccan moist deciduous forests
2020,80.97163540480099,19.650568526962374,1,38171.0,0.0,25903.0,Tropical & Subtropical Moist Broadleaf Forests,East Deccan moist deciduous forests
2020,80.85608118916441,19.680725628458106,1,38171.0,0.0,25903.0,Tropical & Subtropical Moist Broadleaf Forests,East Deccan moist deciduous forests
2020,80.76784982744668,18.71613252437984,1,38171.0,0.0,25903.0,Tropical & Subtropical Moist Broadleaf Forests,East Deccan moist deciduous forests
2020,80.98500245462554,18.575839056443098,1,38171.0,0.0,25903.0,Tropical & Subtropical Moist Broadleaf Forests,East Deccan moist deciduous forests
2020,80.9444684880232,18.54946469740875,1,38171.0,0.0,25903.0,Tropical & Subtropical Moist Broadleaf Forests,East Deccan moist deciduous forests
2020,80.90768397300971,20.632765281651057,1,38171.0,0.0,25903.0,Tropical & Subtropical Moist Broadleaf Forests,East Deccan moist deciduous forests
2020,82.39657843007741,20.356679764195313,1,38171.0,0.0,25903.0,Tropical & Subtropical Moist Broadleaf Forests,East Deccan moist deciduous forests
2020,79.84719641034661,19.22002029852603,1,9455.0,0.0,6028.0,Tropical & Subtropical Moist Broadleaf Forests,East Deccan moist deciduous forests
2020,79.82439863119295,19.158310703015506,1,9455.0,0.0,6028.0,Tropical & Subtropical Moist Broadleaf Forests,East Deccan moist deciduous forests
2020,80.07503410919695,18.429769976283165,1,9455.0,0.0,6028.0,Tropical & Subtropical Moist Broadleaf Forests,East Deccan moist deciduous forests
2020,80.38009319618136,17.671243338520885,1,9455.0,0.0,6028.0,Tropical & Subtropical Moist Broadleaf Forests,East Deccan moist deciduous forests
2020,82.42618280618416,20.20733215053564,1,1581.0,0.0,1082.0,Tropical & Subtropical Dry Broadleaf Forests,North Deccan dry deciduous forests
2020,80.13711464880637,22.040286879415447,1,11869.0,0.0,7659.0,Tropical & Subtropical Moist Broadleaf Forests,East Deccan moist deciduous forests
2020,80.92404141602034,22.36677070728281,1,11869.0,0.0,7659.0,Tropical & Subtropical Moist Broadleaf Forests,East Deccan moist deciduous forests
2020,79.20353463485127,21.742850998329054,1,11869.0,0.0,7659.0,Tropical & Subtropical Moist Broadleaf Forests,East Deccan moist deciduous forests
2020,80.70670195197401,21.726419211661245,1,11869.0,0.0,7659.0,Tropical & Subtropical Moist Broadleaf Forests,East Deccan moist deciduous forests
2020,79.15361438920789,21.685575041226766,1,11869.0,0.0,7659.0,Tropical & Subtropical Moist Broadleaf Forests,East Deccan moist deciduous forests
2020,79.98476207821453,19.053045105314805,1,16285.0,0.0,11019.0,Tropical & Subtropical Dry Broadleaf Forests,Central Deccan Plateau dry deciduous forests
2020,80.59545758967919,20.482685575738206,1,16285.0,0.0,11019.0,Tropical & Subtropical Dry Broadleaf Forests,Central Deccan Plateau dry deciduous forests
2020,80.40347046838565,20.360443559497426,1,16285.0,0.0,11019.0,Tropical & Subtropical Dry Broadleaf Forests,Central Deccan Plateau dry deciduous forests
2020,80.2115989707241,19.733410859075622,1,16285.0,0.0,11019.0,Tropical & Subtropical Dry Broadleaf Forests,Central Deccan Plateau dry deciduous forests
2020,80.12902267966527,19.85041968825476,1,16285.0,0.0,11019.0,Tropical & Subtropical Dry Broadleaf Forests,Central Deccan Plateau dry deciduous forests
2020,80.24658101206461,19.454735335761175,1,16285.0,0.0,11019.0,Tropical & Subtropical Dry Broadleaf Forests,Central Deccan Plateau dry deciduous forests
2020,80.0922418924771,20.69271776132097,1,16285.0,0.0,11019.0,Tropical & Subtropical Dry Broadleaf Forests,Central Deccan Plateau dry deciduous forests
2020,82.1084954937835,17.56061628280437,1,9104.0,0.0,6023.0,Tropical & Subtropical Moist Broadleaf Forests,East Deccan moist deciduous forests
2020,82.3959105673348,17.682639413290563,1,9104.0,0.0,6023.0,Tropical & Subtropical Moist Broadleaf Forests,East Deccan moist deciduous forests
2020,82.80298462118081,17.923133542538704,1,9104.0,0.0,6023.0,Tropical & Subtropical Moist Broadleaf Forests,East Deccan moist deciduous forests
2020,82.51742848783634,17.865289034819828,1,9104.0,0.0,6023.0,Tropical & Subtropical Moist Broadleaf Forests,East Deccan moist deciduous forests
2020,81.40624007567244,17.50417351108458,1,2856.0,0.0,1882.0,Tropical & Subtropical Moist Broadleaf Forests,East Deccan moist deciduous forests
2020,82.33848587859727,18.0551089955808,1,58.0,0.0,28.0,Tropical & Subtropical Moist Broadleaf Forests,East Deccan moist deciduous forests
2020,84.97536782843864,20.37480779912703,1,30718.0,0.0,19221.0,Tropical & Subtropical Moist Broadleaf Forests,East Deccan moist deciduous forests
2020,84.65766592225704,21.14304631494621,1,30718.0,0.0,19221.0,Tropical & Subtropical Moist Broadleaf Forests,East Deccan moist deciduous forests
2020,84.82158875104686,20.26476361198027,1,30718.0,0.0,19221.0,Tropical & Subtropical Moist Broadleaf Forests,East Deccan moist deciduous forests
2020,85.3912519958191,20.535882917714076,1,30718.0,0.0,19221.0,Tropical & Subtropical Moist Broadleaf Forests,East Deccan moist deciduous forests
2020,83.92495859230543,20.423023101337243,1,30718.0,0.0,19221.0,Tropical & Subtropical Moist Broadleaf Forests,East Deccan moist deciduous forests
2020,84.00604714926939,21.09498513627091,1,30718.0,0.0,19221.0,Tropical & Subtropical Moist Broadleaf Forests,East Deccan moist deciduous forests
2020,83.57492513477649,20.294208885892637,1,30718.0,0.0,19221.0,Tropical & Subtropical Moist Broadleaf Forests,East Deccan moist deciduous forests
2020,84.84868161992003,20.84027251638965,1,30718.0,0.0,19221.0,Tropical & Subtropical Moist Broadleaf Forests,East Deccan moist deciduous forests
2020,84.79292737431375,20.789551457161778,1,30718.0,0.0,19221.0,Tropical & Subtropical Moist Broadleaf Forests,East Deccan moist deciduous forests
2020,83.69550468983546,19.278597596286613,1,30718.0,0.0,19221.0,Tropical & Subtropical Moist Broadleaf Forests,East Deccan moist deciduous forests
2020,85.08585191889009,20.215282079284606,1,30718.0,0.0,19221.0,Tropical & Subtropical Moist Broadleaf Forests,East Deccan moist deciduous forests
2020,84.29277496014545,18.83938148876634,1,30718.0,0.0,19221.0,Tropical & Subtropical Moist Broadleaf Forests,East Deccan moist deciduous forests
2020,82.89048953242668,23.873026514559875,1,14123.0,0.0,9355.0,Tropical & Subtropical Dry Broadleaf Forests,Chhota-Nagpur dry deciduous forests
2020,81.7210100510406,23.61184038835975,1,14123.0,0.0,9355.0,Tropical & Subtropical Dry Broadleaf Forests,Chhota-Nagpur dry deciduous forests
2020,83.73602964331775,23.224593615864254,1,14123.0,0.0,9355.0,Tropical & Subtropical Dry Broadleaf Forests,Chhota-Nagpur dry deciduous forests
2020,84.20353698307194,22.726578711314836,1,14123.0,0.0,9355.0,Tropical & Subtropical Dry Broadleaf Forests,Chhota-Nagpur dry deciduous forests
2020,83.53001563255442,23.700624428627332,1,14123.0,0.0,9355.0,Tropical & Subtropical Dry Broadleaf Forests,Chhota-Nagpur dry deciduous forests
2020,83.33133482395195,23.54343290541383,1,14123.0,0.0,9355.0,Tropical & Subtropical Dry Broadleaf Forests,Chhota-Nagpur dry deciduous forests
2020,83.12401614337475,23.901172852940185,1,50.0,0.0,30.0,Tropical & Subtropical Dry Broadleaf Forests,Chhota-Nagpur dry deciduous forests
2020,84.57130658592546,21.5258959420482,1,8445.0,0.0,4747.0,Tropical & Subtropical Moist Broadleaf Forests,East Deccan moist deciduous forests
2020,85.09731127737463,21.864726688612798,1,8445.0,0.0,4747.0,Tropical & Subtropical Moist Broadleaf Forests,East Deccan moist deciduous forests
2020,85.28198657744264,21.244738479927545,1,8445.0,0.0,4747.0,Tropical & Subtropical Moist Broadleaf Forests,East Deccan moist deciduous forests
2020,84.90479172515744,21.653013720556366,1,8445.0,0.0,4747.0,Tropical & Subtropical Moist Broadleaf Forests,East Deccan moist deciduous forests
2020,81.86876534731914,24.02004868907908,1,2543.0,0.0,1633.0,Tropical & Subtropical Dry Broadleaf Forests,Narmada Valley dry deciduous forests
2020,85.1010822311373,22.74150011569803,1,21259.0,0.0,12789.0,Tropical & Subtropical Dry Broadleaf Forests,Chhota-Nagpur dry deciduous forests
2020,85.61186613737114,24.559190930548397,1,21259.0,0.0,12789.0,Tropical & Subtropical Dry Broadleaf Forests,Chhota-Nagpur dry deciduous forests
2020,84.33314609423196,24.007360686088553,1,21259.0,0.0,12789.0,Tropical & Subtropical Dry Broadleaf Forests,Chhota-Nagpur dry deciduous forests
2020,85.56939399978403,22.865873658945265,1,21259.0,0.0,12789.0,Tropical & Subtropical Dry Broadleaf Forests,Chhota-Nagpur dry deciduous forests
2020,84.44261805528241,23.68480006418965,1,21259.0,0.0,12789.0,Tropical & Subtropical Dry Broadleaf Forests,Chhota-Nagpur dry deciduous forests
2020,84.66042082564896,24.233381384802584,1,21259.0,0.0,12789.0,Tropical & Subtropical Dry Broadleaf Forests,Chhota-Nagpur dry deciduous forests
2020,84.03352188163923,23.767247797710688,1,21259.0,0.0,12789.0,Tropical & Subtropical Dry Broadleaf Forests,Chhota-Nagpur dry deciduous forests
2020,85.12065358326944,23.99020744611251,1,21259.0,0.0,12789.0,Tropical & Subtropical Dry Broadleaf Forests,Chhota-Nagpur dry deciduous forests
2020,84.18648501809761,23.5734309300365,1,21259.0,0.0,12789.0,Tropical & Subtropical Dry Broadleaf Forests,Chhota-Nagpur dry deciduous forests
2020,86.35683046555684,21.73356653375711,1,5253.0,0.0,3413.0,Tropical & Subtropical Moist Broadleaf Forests,East Deccan moist deciduous forests
2020,86.49335212842416,22.222288346824335,1,5253.0,0.0,3413.0,Tropical & Subtropical Moist Broadleaf Forests,East Deccan moist deciduous forests
2020,89.05914319091126,22.19580150772853,1,1434.0,715.0,1324.0,Mangroves,Sundarbans mangroves
